{"type": "FeatureCollection", "features": [{"type": "Feature", "geometry": {"type": "Point", "coordinates": [139.7721285, 35.678749]}, "properties": {"id": "place-0", "name": "アーティゾン美術館", "category": "tourism"}}, {"type": "Feature", "geometry": {"type": "Point", "coordinates": [139.7672997, 35.683969]}, "properties": {"id": "place-1", "name": "大手町 B4", "category": "railway", "ref": "B4"}}, {"type": "Feature", "geometry": {"type": "Point", "coordinates": [139.769262, 35.6804624]}, "properties": {"id": "place-2", "name": "みずほ銀行", "category": "amenity"}}, {"type": "Feature", "geometry": {"type": "Point", "coordinates": [139.7682276, 35.689533]}, "properties": {"id": "place-3", "name": "八千代銀行", "category": "amenity"}}, {"type": "Feature", "geometry": {"type": "Point", "coordinates": [139.7687126, 35.691229]}, "properties": {"id": "place-4", "name": "ラーメン花月", "category": "amenity"}}, {"type": "Feature", "geometry": {"type": "Point", "coordinates": [139.772888, 35.687145]}, "properties": {"id": "place-5", "name": "マンダリンオリエンタル", "category": "tourism"}}, {"type": "Feature", "geometry": {"type": "Point", "coordinates": [139.76632, 35.692444]}, "properties": {"id": "place-6", "name": "Blondie", "category": "amenity"}}, {"type": "Feature", "geometry": {"type": "Point", "coordinates": [139.7610321, 35.6894004]}, "properties": {"id": "place-7", "name": "竹橋駅 出入口4", "category": "railway", "ref": "4"}}, {"type": "Feature", "geometry": {"type": "Point", "coordinates": [139.7606919, 35.6899538]}, "properties": {"id": "place-8", "name": "竹橋駅", "category": "railway", "ref": "3b"}}, {"type": "Feature", "geometry": {"type": "Point", "coordinates": [139.7746438, 35.6893078]}, "properties": {"id": "place-9", "name": "ファミリーマート", "category": "shop"}}, {"type": "Feature", "geometry": {"type": "Point", "coordinates": [139.7726859, 35.6861865]}, "properties": {"id": "place-10", "name": "三井住友銀行", "category": "amenity"}}, {"type": "Feature", "geometry": {"type": "Point", "coordinates": [139.7723765, 35.6855926]}, "properties": {"id": "place-11", "name": "三菱UFJ銀行", "category": "amenity"}}, {"type": "Feature", "geometry": {"type": "Point", "coordinates": [139.770947, 35.692742]}, "properties": {"id": "place-12", "name": "とんこつラーメン風龍", "category": "amenity"}}, {"type": "Feature", "geometry": {"type": "Point", "coordinates": [139.7708664, 35.6932261]}, "properties": {"id": "place-13", "name": "小諸そば", "category": "amenity"}}, {"type": "Feature", "geometry": {"type": "Point", "coordinates": [139.7708004, 35.6933765]}, "properties": {"id": "place-14", "name": "香港厨房", "category": "amenity"}}, {"type": "Feature", "geometry": {"type": "Point", "coordinates": [139.7704247, 35.6942939]}, "properties": {"id": "place-15", "name": "やよい軒", "category": "amenity"}}, {"type": "Feature", "geometry": {"type": "Point", "coordinates": [139.771025, 35.693158]}, "properties": {"id": "place-16", "name": "ねぎし", "category": "amenity"}}, {"type": "Feature", "geometry": {"type": "Point", "coordinates": [139.770154, 35.694653]}, "properties": {"id": "place-17", "name": "おきらく食堂", "category": "amenity"}}, {"type": "Feature", "geometry": {"type": "Point", "coordinates": [139.7676834, 35.6951415]}, "properties": {"id": "place-18", "name": "吉祥", "category": "amenity"}}, {"type": "Feature", "geometry": {"type": "Point", "coordinates": [139.7707785, 35.6934172]}, "properties": {"id": "place-19", "name": "CoCo壱番屋", "category": "amenity"}}, {"type": "Feature", "geometry": {"type": "Point", "coordinates": [139.7707344, 35.6934828]}, "properties": {"id": "place-20", "name": "明治書店", "category": "shop"}}, {"type": "Feature", "geometry": {"type": "Point", "coordinates": [139.7706067, 35.6938175]}, "properties": {"id": "place-21", "name": "ドコモショップ", "category": "shop"}}, {"type": "Feature", "geometry": {"type": "Point", "coordinates": [139.7716325, 35.6937575]}, "properties": {"id": "place-22", "name": "Zemaitis Museum", "category": "tourism"}}, {"type": "Feature", "geometry": {"type": "Point", "coordinates": [139.7716029, 35.6854395]}, "properties": {"id": "place-23", "name": "日本銀行金融研究所貨幣博物館", "category": "tourism"}}, {"type": "Feature", "geometry": {"type": "Point", "coordinates": [139.7743952, 35.6857074]}, "properties": {"id": "place-24", "name": "主水", "category": "amenity"}}, {"type": "Feature", "geometry": {"type": "Point", "coordinates": [139.7742143, 35.6854715]}, "properties": {"id": "place-25", "name": "大和屋", "category": "shop"}}, {"type": "Feature", "geometry": {"type": "Point", "coordinates": [139.7749541, 35.6844158]}, "properties": {"id": "place-26", "name": "天松 (Tenmatsu) 'Mark W'", "category": "amenity"}}, {"type": "Feature", "geometry": {"type": "Point", "coordinates": [139.7753701, 35.6848003]}, "properties": {"id": "place-27", "name": "カフェ・ベローチェ", "category": "amenity"}}, {"type": "Feature", "geometry": {"type": "Point", "coordinates": [139.771537, 35.691351]}, "properties": {"id": "place-28", "name": "ナカタ文具店", "category": "shop"}}, {"type": "Feature", "geometry": {"type": "Point", "coordinates": [139.7746619, 35.6850743]}, "properties": {"id": "place-29", "name": "ファミリーマート", "category": "shop"}}, {"type": "Feature", "geometry": {"type": "Point", "coordinates": [139.77422, 35.685462]}, "properties": {"id": "place-30", "name": "吉田", "category": "amenity"}}, {"type": "Feature", "geometry": {"type": "Point", "coordinates": [139.7748973, 35.6847824]}, "properties": {"id": "place-31", "name": "スターバックス", "category": "amenity"}}, {"type": "Feature", "geometry": {"type": "Point", "coordinates": [139.7760389, 35.6814028]}, "properties": {"id": "place-32", "name": "うどん おにやんま", "category": "amenity"}}, {"type": "Feature", "geometry": {"type": "Point", "coordinates": [139.7743584, 35.6858029]}, "properties": {"id": "place-33", "name": "スギ薬局", "category": "shop"}}, {"type": "Feature", "geometry": {"type": "Point", "coordinates": [139.7745765, 35.6825853]}, "properties": {"id": "place-34", "name": "Coredo日本橋", "category": "shop"}}, {"type": "Feature", "geometry": {"type": "Point", "coordinates": [139.7746041, 35.6853241]}, "properties": {"id": "place-35", "name": "山本海苔店", "category": "shop"}}, {"type": "Feature", "geometry": {"type": "Point", "coordinates": [139.774952, 35.685132]}, "properties": {"id": "place-36", "name": "越前おろしそば", "category": "amenity"}}, {"type": "Feature", "geometry": {"type": "Point", "coordinates": [139.773881, 35.684562]}, "properties": {"id": "place-37", "name": "八木長", "category": "shop"}}, {"type": "Feature", "geometry": {"type": "Point", "coordinates": [139.7755172, 35.6845269]}, "properties": {"id": "place-38", "name": "由○", "category": "amenity"}}, {"type": "Feature", "geometry": {"type": "Point", "coordinates": [139.7724278, 35.6904076]}, "properties": {"id": "place-39", "name": "小諸そば", "category": "amenity"}}, {"type": "Feature", "geometry": {"type": "Point", "coordinates": [139.7756034, 35.6845399]}, "properties": {"id": "place-40", "name": "寿司貞", "category": "amenity"}}, {"type": "Feature", "geometry": {"type": "Point", "coordinates": [139.7723634, 35.6905888]}, "properties": {"id": "place-41", "name": "セブン-イレブン", "category": "shop"}}, {"type": "Feature", "geometry": {"type": "Point", "coordinates": [139.7740673, 35.6825201]}, "properties": {"id": "place-42", "name": "B10", "category": "railway", "ref": "B10"}}, {"type": "Feature", "geometry": {"type": "Point", "coordinates": [139.7745432, 35.6854205]}, "properties": {"id": "place-43", "name": "日本橋にいがた館", "category": "shop"}}, {"type": "Feature", "geometry": {"type": "Point", "coordinates": [139.7748146, 35.6847143]}, "properties": {"id": "place-44", "name": "トラットラ・イタリア", "category": "amenity"}}, {"type": "Feature", "geometry": {"type": "Point", "coordinates": [139.770488, 35.692847]}, "properties": {"id": "place-45", "name": "万世橋警察署鍛冶町交番", "category": "amenity"}}, {"type": "Feature", "geometry": {"type": "Point", "coordinates": [139.7730738, 35.6868356]}, "properties": {"id": "place-46", "name": "三井記念美術館", "category": "tourism"}}, {"type": "Feature", "geometry": {"type": "Point", "coordinates": [139.7706973, 35.6798771]}, "properties": {"id": "place-47", "name": "中央警察署八重洲通交番", "category": "amenity"}}, {"type": "Feature", "geometry": {"type": "Point", "coordinates": [139.7715329, 35.6867461]}, "properties": {"id": "place-48", "name": "中央警察署日本銀行警備派出所", "category": "amenity"}}, {"type": "Feature", "geometry": {"type": "Point", "coordinates": [139.774905, 35.690625]}, "properties": {"id": "place-49", "name": "中央警察署本町交番", "category": "amenity"}}, {"type": "Feature", "geometry": {"type": "Point", "coordinates": [139.765043, 35.68835]}, "properties": {"id": "place-50", "name": "日本政策金融公庫", "category": "building"}}, {"type": "Feature", "geometry": {"type": "Point", "coordinates": [139.7617064, 35.6885297]}, "properties": {"id": "place-51", "name": "丸の内消防署", "category": "amenity"}}, {"type": "Feature", "geometry": {"type": "Point", "coordinates": [139.7682578, 35.680187]}, "properties": {"id": "place-52", "name": "丸の内警察署八重洲口交番", "category": "amenity"}}, {"type": "Feature", "geometry": {"type": "Point", "coordinates": [139.7597404, 35.6832292]}, "properties": {"id": "place-53", "name": "丸の内警察署桔梗門警備派出所", "category": "amenity"}}, {"type": "Feature", "geometry": {"type": "Point", "coordinates": [139.769381, 35.680562]}, "properties": {"id": "place-54", "name": "八重洲地下街郵便局", "category": "amenity"}}, {"type": "Feature", "geometry": {"type": "Point", "coordinates": [139.7751576, 35.6844275]}, "properties": {"id": "place-55", "name": "凧の博物館", "category": "tourism"}}, {"type": "Feature", "geometry": {"type": "Point", "coordinates": [139.7683614, 35.6929651]}, "properties": {"id": "place-56", "name": "千代田区立神田まちかど図書館", "category": "amenity"}}, {"type": "Feature", "geometry": {"type": "Point", "coordinates": [139.7683897, 35.6929335]}, "properties": {"id": "place-57", "name": "千代田幼稚園", "category": "amenity"}}, {"type": "Feature", "geometry": {"type": "Point", "coordinates": [139.771738, 35.693514]}, "properties": {"id": "place-58", "name": "千代田鍛冶町郵便局", "category": "amenity"}}, {"type": "Feature", "geometry": {"type": "Point", "coordinates": [139.7704445, 35.6940758]}, "properties": {"id": "place-59", "name": "商工組合中央金庫神田支店", "category": "amenity"}}, {"type": "Feature", "geometry": {"type": "Point", "coordinates": [139.764933, 35.6883282]}, "properties": {"id": "place-60", "name": "国民生活金融公庫", "category": "building"}}, {"type": "Feature", "geometry": {"type": "Point", "coordinates": [139.760496, 35.690335]}, "properties": {"id": "place-61", "name": "国際協力銀行本店", "category": "building"}}, {"type": "Feature", "geometry": {"type": "Point", "coordinates": [139.764183, 35.68632]}, "properties": {"id": "place-62", "name": "大手町ビル内郵便局", "category": "amenity"}}, {"type": "Feature", "geometry": {"type": "Point", "coordinates": [139.764418, 35.691776]}, "properties": {"id": "place-63", "name": "天理ギャラリー", "category": "tourism"}}, {"type": "Feature", "geometry": {"type": "Point", "coordinates": [139.7704706, 35.6879741]}, "properties": {"id": "place-64", "name": "常盤幼稚園", "category": "amenity"}}, {"type": "Feature", "geometry": {"type": "Point", "coordinates": [139.774016, 35.688792]}, "properties": {"id": "place-65", "name": "新日本橋駅前郵便局", "category": "amenity"}}, {"type": "Feature", "geometry": {"type": "Point", "coordinates": [139.764464, 35.688399]}, "properties": {"id": "place-66", "name": "日本政策投資銀行", "category": "building"}}, {"type": "Feature", "geometry": {"type": "Point", "coordinates": [139.772544, 35.687098]}, "properties": {"id": "place-67", "name": "日本橋三井ビル内郵便局", "category": "amenity"}}, {"type": "Feature", "geometry": {"type": "Point", "coordinates": [139.775315, 35.68611]}, "properties": {"id": "place-68", "name": "日本橋室町郵便局", "category": "amenity"}}, {"type": "Feature", "geometry": {"type": "Point", "coordinates": [139.777238, 35.687459]}, "properties": {"id": "place-69", "name": "日本橋小舟町郵便局", "category": "amenity"}}, {"type": "Feature", "geometry": {"type": "Point", "coordinates": [139.776377, 35.690487]}, "properties": {"id": "place-70", "name": "日本橋本町郵便局", "category": "amenity"}}, {"type": "Feature", "geometry": {"type": "Point", "coordinates": [139.7680894, 35.6891241]}, "properties": {"id": "place-71", "name": "東京都主税局千代田都税事務所", "category": "office"}}, {"type": "Feature", "geometry": {"type": "Point", "coordinates": [139.77196, 35.690542]}, "properties": {"id": "place-72", "name": "神田今川橋郵便局", "category": "amenity"}}, {"type": "Feature", "geometry": {"type": "Point", "coordinates": [139.7720848, 35.691378]}, "properties": {"id": "place-73", "name": "神田消防署鍛治町出張所", "category": "amenity"}}, {"type": "Feature", "geometry": {"type": "Point", "coordinates": [139.7620553, 35.6929971]}, "properties": {"id": "place-74", "name": "神田警察署", "category": "amenity"}}, {"type": "Feature", "geometry": {"type": "Point", "coordinates": [139.763572, 35.691236]}, "properties": {"id": "place-75", "name": "神田錦町郵便局", "category": "amenity"}}, {"type": "Feature", "geometry": {"type": "Point", "coordinates": [139.761777, 35.684604]}, "properties": {"id": "place-76", "name": "西日本旅客鉄道株式会社東京指令所", "category": "building"}}, {"type": "Feature", "geometry": {"type": "Point", "coordinates": [139.7661515, 35.6886366]}, "properties": {"id": "place-77", "name": "日本政策金融公庫東京支店", "category": "office"}}, {"type": "Feature", "geometry": {"type": "Point", "coordinates": [139.764204, 35.687857]}, "properties": {"id": "place-78", "name": "ＫＤＤＩ大手町ビル内郵便局", "category": "amenity"}}, {"type": "Feature", "geometry": {"type": "Point", "coordinates": [139.7761952, 35.6816488]}, "properties": {"id": "place-79", "name": "日本橋駅", "category": "tourism"}}, {"type": "Feature", "geometry": {"type": "Point", "coordinates": [139.7720539, 35.6793997]}, "properties": {"id": "place-80", "name": "サンマルクカフェ", "category": "amenity"}}, {"type": "Feature", "geometry": {"type": "Point", "coordinates": [139.7716193, 35.6795681]}, "properties": {"id": "place-81", "name": "オベリスク・ジラフ", "category": "tourism"}}, {"type": "Feature", "geometry": {"type": "Point", "coordinates": [139.7706883, 35.6824523]}, "properties": {"id": "place-82", "name": "洋麺屋　五右衛門", "category": "amenity"}}, {"type": "Feature", "geometry": {"type": "Point", "coordinates": [139.770884, 35.682797]}, "properties": {"id": "place-83", "name": "エクセルシオール カフェ", "category": "amenity"}}, {"type": "Feature", "geometry": {"type": "Point", "coordinates": [139.7704619, 35.6817884]}, "properties": {"id": "place-84", "name": "福龍", "category": "amenity"}}, {"type": "Feature", "geometry": {"type": "Point", "coordinates": [139.7669513, 35.6860982]}, "properties": {"id": "place-85", "name": "DAY・NITE大手町店", "category": "amenity"}}, {"type": "Feature", "geometry": {"type": "Point", "coordinates": [139.7710125, 35.6917689]}, "properties": {"id": "place-86", "name": "神田", "category": "railway"}}, {"type": "Feature", "geometry": {"type": "Point", "coordinates": [139.7711284, 35.6917404]}, "properties": {"id": "place-87", "name": "神田", "category": "railway"}}, {"type": "Feature", "geometry": {"type": "Point", "coordinates": [139.7643969, 35.6940995]}, "properties": {"id": "place-88", "name": "RHYTHM", "category": "shop"}}, {"type": "Feature", "geometry": {"type": "Point", "coordinates": [139.7640363, 35.6941116]}, "properties": {"id": "place-89", "name": "JF共済", "category": "office"}}, {"type": "Feature", "geometry": {"type": "Point", "coordinates": [139.7633359, 35.6942021]}, "properties": {"id": "place-90", "name": "THE SUNS", "category": "shop"}}, {"type": "Feature", "geometry": {"type": "Point", "coordinates": [139.7645381, 35.6942399]}, "properties": {"id": "place-91", "name": "LONDON Sports", "category": "shop"}}, {"type": "Feature", "geometry": {"type": "Point", "coordinates": [139.7634167, 35.6941967]}, "properties": {"id": "place-92", "name": "switch", "category": "shop"}}, {"type": "Feature", "geometry": {"type": "Point", "coordinates": [139.7650527, 35.6943193]}, "properties": {"id": "place-93", "name": "達磨神田", "category": "amenity"}}, {"type": "Feature", "geometry": {"type": "Point", "coordinates": [139.763462, 35.6941895]}, "properties": {"id": "place-94", "name": "Switch Active Sports East", "category": "shop"}}, {"type": "Feature", "geometry": {"type": "Point", "coordinates": [139.7629661, 35.6942138]}, "properties": {"id": "place-95", "name": "スターバックス", "category": "amenity"}}, {"type": "Feature", "geometry": {"type": "Point", "coordinates": [139.7625328, 35.6943808]}, "properties": {"id": "place-96", "name": "朝日信用金庫", "category": "amenity"}}, {"type": "Feature", "geometry": {"type": "Point", "coordinates": [139.7649771, 35.6943438]}, "properties": {"id": "place-97", "name": "松屋", "category": "amenity"}}, {"type": "Feature", "geometry": {"type": "Point", "coordinates": [139.7627178, 35.694302]}, "properties": {"id": "place-98", "name": "源喜堂書店", "category": "shop"}}, {"type": "Feature", "geometry": {"type": "Point", "coordinates": [139.7644732, 35.6942323]}, "properties": {"id": "place-99", "name": "筆匠 温恭堂", "category": "shop"}}, {"type": "Feature", "geometry": {"type": "Point", "coordinates": [139.7630757, 35.6942129]}, "properties": {"id": "place-100", "name": "紀陽銀行東京支店", "category": "amenity"}}, {"type": "Feature", "geometry": {"type": "Point", "coordinates": [139.7655667, 35.6943665]}, "properties": {"id": "place-101", "name": "エクセルシオール カフェ", "category": "amenity"}}, {"type": "Feature", "geometry": {"type": "Point", "coordinates": [139.7657552, 35.6945008]}, "properties": {"id": "place-102", "name": "十字堂薬局", "category": "amenity"}}, {"type": "Feature", "geometry": {"type": "Point", "coordinates": [139.7650853, 35.6943122]}, "properties": {"id": "place-103", "name": "寛永堂", "category": "shop"}}, {"type": "Feature", "geometry": {"type": "Point", "coordinates": [139.7659953, 35.6946701]}, "properties": {"id": "place-104", "name": "小川町", "category": "railway", "ref": "A6"}}, {"type": "Feature", "geometry": {"type": "Point", "coordinates": [139.7657224, 35.6944415]}, "properties": {"id": "place-105", "name": "神田キリスト教診療所", "category": "amenity"}}, {"type": "Feature", "geometry": {"type": "Point", "coordinates": [139.7657892, 35.6945156]}, "properties": {"id": "place-106", "name": "神谷書店", "category": "shop"}}, {"type": "Feature", "geometry": {"type": "Point", "coordinates": [139.7661051, 35.6946376]}, "properties": {"id": "place-107", "name": "広島県府中市アンテナショップ", "category": "amenity"}}, {"type": "Feature", "geometry": {"type": "Point", "coordinates": [139.7668512, 35.6949263]}, "properties": {"id": "place-108", "name": "DAIKI", "category": "shop"}}, {"type": "Feature", "geometry": {"type": "Point", "coordinates": [139.7668251, 35.6949121]}, "properties": {"id": "place-109", "name": "スジャ食堂", "category": "amenity"}}, {"type": "Feature", "geometry": {"type": "Point", "coordinates": [139.7672715, 35.6950076]}, "properties": {"id": "place-110", "name": "みずほ銀行", "category": "amenity"}}, {"type": "Feature", "geometry": {"type": "Point", "coordinates": [139.766323, 35.6947274]}, "properties": {"id": "place-111", "name": "エフワン", "category": "shop"}}, {"type": "Feature", "geometry": {"type": "Point", "coordinates": [139.7676201, 35.695158]}, "properties": {"id": "place-112", "name": "ドトールコーヒーショップ", "category": "amenity"}}, {"type": "Feature", "geometry": {"type": "Point", "coordinates": [139.7669428, 35.6949701]}, "properties": {"id": "place-113", "name": "ヒグチ", "category": "amenity"}}, {"type": "Feature", "geometry": {"type": "Point", "coordinates": [139.7669993, 35.6949864]}, "properties": {"id": "place-114", "name": "ルノアール", "category": "amenity"}}, {"type": "Feature", "geometry": {"type": "Point", "coordinates": [139.7666808, 35.6948125]}, "properties": {"id": "place-115", "name": "三井住友銀行", "category": "amenity"}}, {"type": "Feature", "geometry": {"type": "Point", "coordinates": [139.7670943, 35.6951317]}, "properties": {"id": "place-116", "name": "淡路町(Awajicho);小川町 (Ogawamachi)", "category": "railway", "ref": "A4"}}, {"type": "Feature", "geometry": {"type": "Point", "coordinates": [139.770565, 35.6894907]}, "properties": {"id": "place-117", "name": "神田ステーションホテル (Kanda Station Hotel)", "category": "tourism"}}, {"type": "Feature", "geometry": {"type": "Point", "coordinates": [139.7708338, 35.6908981]}, "properties": {"id": "place-118", "name": "南口", "category": "railway"}}, {"type": "Feature", "geometry": {"type": "Point", "coordinates": [139.7663029, 35.6901388]}, "properties": {"id": "place-119", "name": "稲荷湯", "category": "amenity"}}, {"type": "Feature", "geometry": {"type": "Point", "coordinates": [139.7706986, 35.6918462]}, "properties": {"id": "place-120", "name": "神田", "category": "railway"}}, {"type": "Feature", "geometry": {"type": "Point", "coordinates": [139.7708109, 35.6918185]}, "properties": {"id": "place-121", "name": "神田", "category": "railway"}}, {"type": "Feature", "geometry": {"type": "Point", "coordinates": [139.7708575, 35.6918071]}, "properties": {"id": "place-122", "name": "神田", "category": "railway"}}, {"type": "Feature", "geometry": {"type": "Point", "coordinates": [139.7709649, 35.6917807]}, "properties": {"id": "place-123", "name": "神田", "category": "railway"}}, {"type": "Feature", "geometry": {"type": "Point", "coordinates": [139.7732349, 35.6855642]}, "properties": {"id": "place-124", "name": "三越劇場", "category": "amenity"}}, {"type": "Feature", "geometry": {"type": "Point", "coordinates": [139.764134, 35.6778595]}, "properties": {"id": "place-125", "name": "東京駅", "category": "railway"}}, {"type": "Feature", "geometry": {"type": "Point", "coordinates": [139.7656074, 35.6818273]}, "properties": {"id": "place-126", "name": "東京", "category": "railway"}}, {"type": "Feature", "geometry": {"type": "Point", "coordinates": [139.7711534, 35.6895938]}, "properties": {"id": "place-127", "name": "DevilCraft Kanda", "category": "amenity"}}, {"type": "Feature", "geometry": {"type": "Point", "coordinates": [139.7635172, 35.6888019]}, "properties": {"id": "place-128", "name": "トモズ", "category": "amenity"}}, {"type": "Feature", "geometry": {"type": "Point", "coordinates": [139.7748955, 35.6823287]}, "properties": {"id": "place-129", "name": "トモズ", "category": "shop"}}, {"type": "Feature", "geometry": {"type": "Point", "coordinates": [139.7753044, 35.6872108]}, "properties": {"id": "place-130", "name": "スターバックス", "category": "amenity"}}, {"type": "Feature", "geometry": {"type": "Point", "coordinates": [139.7662652, 35.6950026]}, "properties": {"id": "place-131", "name": "小川町", "category": "railway"}}, {"type": "Feature", "geometry": {"type": "Point", "coordinates": [139.7587123, 35.6900879]}, "properties": {"id": "place-132", "name": "竹橋", "category": "railway"}}, {"type": "Feature", "geometry": {"type": "Point", "coordinates": [139.7717219, 35.683026]}, "properties": {"id": "place-133", "name": "上島珈琲店", "category": "amenity"}}, {"type": "Feature", "geometry": {"type": "Point", "coordinates": [139.7741994, 35.6827599]}, "properties": {"id": "place-134", "name": "上島珈琲店", "category": "amenity"}}, {"type": "Feature", "geometry": {"type": "Point", "coordinates": [139.7664613, 35.6846087]}, "properties": {"id": "place-135", "name": "大手町", "category": "railway"}}, {"type": "Feature", "geometry": {"type": "Point", "coordinates": [139.7735518, 35.6870749]}, "properties": {"id": "place-136", "name": "三越前", "category": "railway"}}, {"type": "Feature", "geometry": {"type": "Point", "coordinates": [139.7734474, 35.6820518]}, "properties": {"id": "place-137", "name": "日本橋", "category": "railway"}}, {"type": "Feature", "geometry": {"type": "Point", "coordinates": [139.7709376, 35.6937394]}, "properties": {"id": "place-138", "name": "神田", "category": "railway"}}, {"type": "Feature", "geometry": {"type": "Point", "coordinates": [139.7650376, 35.6866919]}, "properties": {"id": "place-139", "name": "大手町", "category": "railway"}}, {"type": "Feature", "geometry": {"type": "Point", "coordinates": [139.7662001, 35.6867945]}, "properties": {"id": "place-140", "name": "大手町", "category": "railway"}}, {"type": "Feature", "geometry": {"type": "Point", "coordinates": [139.7636157, 35.686757]}, "properties": {"id": "place-141", "name": "大手町", "category": "railway"}}, {"type": "Feature", "geometry": {"type": "Point", "coordinates": [139.767457, 35.6951289]}, "properties": {"id": "place-142", "name": "淡路町", "category": "railway"}}, {"type": "Feature", "geometry": {"type": "Point", "coordinates": [139.7730743, 35.6849516]}, "properties": {"id": "place-143", "name": "三越前", "category": "railway"}}, {"type": "Feature", "geometry": {"type": "Point", "coordinates": [139.7626682, 35.6839724]}, "properties": {"id": "place-144", "name": "大手町", "category": "railway"}}, {"type": "Feature", "geometry": {"type": "Point", "coordinates": [139.775831, 35.6819023]}, "properties": {"id": "place-145", "name": "日本橋", "category": "railway"}}, {"type": "Feature", "geometry": {"type": "Point", "coordinates": [139.7660656, 35.6824486]}, "properties": {"id": "place-146", "name": "東京駅", "category": "railway", "ref": "M12"}}, {"type": "Feature", "geometry": {"type": "Point", "coordinates": [139.7644969, 35.6877493]}, "properties": {"id": "place-147", "name": "スターバックス", "category": "amenity"}}, {"type": "Feature", "geometry": {"type": "Point", "coordinates": [139.7652318, 35.6863897]}, "properties": {"id": "place-148", "name": "スターバックス", "category": "amenity"}}, {"type": "Feature", "geometry": {"type": "Point", "coordinates": [139.7674365, 35.6847212]}, "properties": {"id": "place-149", "name": "ローソン", "category": "shop"}}, {"type": "Feature", "geometry": {"type": "Point", "coordinates": [139.7656169, 35.6870888]}, "properties": {"id": "place-150", "name": "スターバックス", "category": "amenity"}}, {"type": "Feature", "geometry": {"type": "Point", "coordinates": [139.7708312, 35.6929081]}, "properties": {"id": "place-151", "name": "ドトールコーヒーショップ", "category": "amenity"}}, {"type": "Feature", "geometry": {"type": "Point", "coordinates": [139.7704143, 35.6928023]}, "properties": {"id": "place-152", "name": "カフェ・ベローチェ", "category": "amenity"}}, {"type": "Feature", "geometry": {"type": "Point", "coordinates": [139.7648236, 35.6907868]}, "properties": {"id": "place-153", "name": "タリーズコーヒー", "category": "amenity"}}, {"type": "Feature", "geometry": {"type": "Point", "coordinates": [139.7712778, 35.6933386]}, "properties": {"id": "place-154", "name": "スターバックス", "category": "amenity"}}, {"type": "Feature", "geometry": {"type": "Point", "coordinates": [139.7628312, 35.6888621]}, "properties": {"id": "place-155", "name": "スターバックス", "category": "amenity"}}, {"type": "Feature", "geometry": {"type": "Point", "coordinates": [139.7652752, 35.6851519]}, "properties": {"id": "place-156", "name": "みずほ銀行", "category": "amenity"}}, {"type": "Feature", "geometry": {"type": "Point", "coordinates": [139.772664, 35.6888827]}, "properties": {"id": "place-157", "name": "みずほ銀行", "category": "amenity"}}, {"type": "Feature", "geometry": {"type": "Point", "coordinates": [139.7718751, 35.6919788]}, "properties": {"id": "place-158", "name": "みずほ銀行", "category": "amenity"}}, {"type": "Feature", "geometry": {"type": "Point", "coordinates": [139.7659558, 35.684381]}, "properties": {"id": "place-159", "name": "みずほ銀行", "category": "amenity"}}, {"type": "Feature", "geometry": {"type": "Point", "coordinates": [139.7722855, 35.6908415]}, "properties": {"id": "place-160", "name": "Freshness Burger", "category": "amenity"}}, {"type": "Feature", "geometry": {"type": "Point", "coordinates": [139.7733639, 35.6911252]}, "properties": {"id": "place-161", "name": "ミニストップ", "category": "shop"}}, {"type": "Feature", "geometry": {"type": "Point", "coordinates": [139.7728679, 35.6840389]}, "properties": {"id": "place-162", "name": "西河岸橋際公衆便所", "category": "amenity"}}, {"type": "Feature", "geometry": {"type": "Point", "coordinates": [139.7725988, 35.6889456]}, "properties": {"id": "place-163", "name": "ライオン銀座", "category": "amenity"}}, {"type": "Feature", "geometry": {"type": "Point", "coordinates": [139.7729253, 35.6836993]}, "properties": {"id": "place-164", "name": "ローソン", "category": "shop"}}, {"type": "Feature", "geometry": {"type": "Point", "coordinates": [139.7636463, 35.6813069]}, "properties": {"id": "place-165", "name": "トモズ", "category": "shop"}}, {"type": "Feature", "geometry": {"type": "Point", "coordinates": [139.7639798, 35.682386]}, "properties": {"id": "place-166", "name": "セブン-イレブン", "category": "shop"}}, {"type": "Feature", "geometry": {"type": "Point", "coordinates": [139.7658222, 35.6839402]}, "properties": {"id": "place-167", "name": "セブン-イレブン", "category": "shop"}}, {"type": "Feature", "geometry": {"type": "Point", "coordinates": [139.763644, 35.68078]}, "properties": {"id": "place-168", "name": "ease", "category": "amenity"}}, {"type": "Feature", "geometry": {"type": "Point", "coordinates": [139.7751923, 35.6887589]}, "properties": {"id": "place-169", "name": "日本製薬連合団体", "category": "office"}}, {"type": "Feature", "geometry": {"type": "Point", "coordinates": [139.767616, 35.694972]}, "properties": {"id": "place-170", "name": "セブン-イレブン", "category": "shop"}}, {"type": "Feature", "geometry": {"type": "Point", "coordinates": [139.7676358, 35.6935498]}, "properties": {"id": "place-171", "name": "マルエツプチ", "category": "shop"}}, {"type": "Feature", "geometry": {"type": "Point", "coordinates": [139.7681078, 35.6921428]}, "properties": {"id": "place-172", "name": "ファミリーマート", "category": "shop"}}, {"type": "Feature", "geometry": {"type": "Point", "coordinates": [139.769167, 35.691191]}, "properties": {"id": "place-173", "name": "カフェ・ベローチェ", "category": "amenity"}}, {"type": "Feature", "geometry": {"type": "Point", "coordinates": [139.769323, 35.691186]}, "properties": {"id": "place-174", "name": "CoCo壱番屋", "category": "amenity"}}, {"type": "Feature", "geometry": {"type": "Point", "coordinates": [139.769151, 35.691058]}, "properties": {"id": "place-175", "name": "昭和薬品", "category": "amenity"}}, {"type": "Feature", "geometry": {"type": "Point", "coordinates": [139.769092, 35.690668]}, "properties": {"id": "place-176", "name": "タイムズ", "category": "amenity"}}, {"type": "Feature", "geometry": {"type": "Point", "coordinates": [139.770345, 35.687479]}, "properties": {"id": "place-177", "name": "なか卯", "category": "amenity"}}, {"type": "Feature", "geometry": {"type": "Point", "coordinates": [139.7704148, 35.6876279]}, "properties": {"id": "place-178", "name": "ミニストップ", "category": "shop"}}, {"type": "Feature", "geometry": {"type": "Point", "coordinates": [139.770285, 35.686861]}, "properties": {"id": "place-179", "name": "トーワパーキング", "category": "amenity"}}, {"type": "Feature", "geometry": {"type": "Point", "coordinates": [139.770309, 35.686826]}, "properties": {"id": "place-180", "name": "タイムズ", "category": "amenity"}}, {"type": "Feature", "geometry": {"type": "Point", "coordinates": [139.7716413, 35.6850221]}, "properties": {"id": "place-181", "name": "セブン-イレブン", "category": "shop"}}, {"type": "Feature", "geometry": {"type": "Point", "coordinates": [139.7709757, 35.6855139]}, "properties": {"id": "place-182", "name": "三越前駅", "category": "railway", "ref": "B1"}}, {"type": "Feature", "geometry": {"type": "Point", "coordinates": [139.7715442, 35.6849915]}, "properties": {"id": "place-183", "name": "三越前駅", "category": "railway", "ref": "B3"}}, {"type": "Feature", "geometry": {"type": "Point", "coordinates": [139.7711284, 35.6851257]}, "properties": {"id": "place-184", "name": "三越前駅", "category": "railway", "ref": "B2"}}, {"type": "Feature", "geometry": {"type": "Point", "coordinates": [139.769458, 35.681354]}, "properties": {"id": "place-185", "name": "Koban", "category": "amenity"}}, {"type": "Feature", "geometry": {"type": "Point", "coordinates": [139.766706, 35.6812546]}, "properties": {"id": "place-186", "name": "東京", "category": "railway"}}, {"type": "Feature", "geometry": {"type": "Point", "coordinates": [139.7647819, 35.6798593]}, "properties": {"id": "place-187", "name": "KITTE", "category": "shop"}}, {"type": "Feature", "geometry": {"type": "Point", "coordinates": [139.7773576, 35.6862937]}, "properties": {"id": "place-188", "name": "Hotel Villa Fontaine", "category": "tourism"}}, {"type": "Feature", "geometry": {"type": "Point", "coordinates": [139.7761109, 35.6893778]}, "properties": {"id": "place-189", "name": "肉のハナマサ", "category": "shop"}}, {"type": "Feature", "geometry": {"type": "Point", "coordinates": [139.7648842, 35.694641]}, "properties": {"id": "place-190", "name": "小川町 (Ogawamachi)", "category": "railway", "ref": "B5"}}, {"type": "Feature", "geometry": {"type": "Point", "coordinates": [139.7658163, 35.694713]}, "properties": {"id": "place-191", "name": "ファミリーマート", "category": "shop"}}, {"type": "Feature", "geometry": {"type": "Point", "coordinates": [139.7655857, 35.6947857]}, "properties": {"id": "place-192", "name": "小川町;新御茶ノ水", "category": "railway", "ref": "B4"}}, {"type": "Feature", "geometry": {"type": "Point", "coordinates": [139.766134, 35.6948582]}, "properties": {"id": "place-193", "name": "みずほ銀行", "category": "amenity"}}, {"type": "Feature", "geometry": {"type": "Point", "coordinates": [139.7648971, 35.694735]}, "properties": {"id": "place-194", "name": "セブン-イレブン", "category": "shop"}}, {"type": "Feature", "geometry": {"type": "Point", "coordinates": [139.7717759, 35.681804]}, "properties": {"id": "place-195", "name": "セブン-イレブン", "category": "shop"}}, {"type": "Feature", "geometry": {"type": "Point", "coordinates": [139.771455, 35.681717]}, "properties": {"id": "place-196", "name": "ファミリーマート", "category": "shop"}}, {"type": "Feature", "geometry": {"type": "Point", "coordinates": [139.771496, 35.681355]}, "properties": {"id": "place-197", "name": "おかしのまちおか", "category": "shop"}}, {"type": "Feature", "geometry": {"type": "Point", "coordinates": [139.7716731, 35.6812828]}, "properties": {"id": "place-198", "name": "ファミリーマート", "category": "shop"}}, {"type": "Feature", "geometry": {"type": "Point", "coordinates": [139.7737654, 35.6800202]}, "properties": {"id": "place-199", "name": "小諸そば", "category": "amenity"}}, {"type": "Feature", "geometry": {"type": "Point", "coordinates": [139.77252, 35.681128]}, "properties": {"id": "place-200", "name": "丸善", "category": "shop"}}, {"type": "Feature", "geometry": {"type": "Point", "coordinates": [139.7724878, 35.6869182]}, "properties": {"id": "place-201", "name": "常陽銀行", "category": "amenity"}}, {"type": "Feature", "geometry": {"type": "Point", "coordinates": [139.7724051, 35.6817067]}, "properties": {"id": "place-202", "name": "カキ酒場 北海道厚岸", "category": "amenity"}}, {"type": "Feature", "geometry": {"type": "Point", "coordinates": [139.7688005, 35.6804924]}, "properties": {"id": "place-203", "name": "レアルヘアー", "category": "shop"}}, {"type": "Feature", "geometry": {"type": "Point", "coordinates": [139.7690869, 35.6903806]}, "properties": {"id": "place-204", "name": "Big Pig", "category": "amenity"}}, {"type": "Feature", "geometry": {"type": "Point", "coordinates": [139.7662807, 35.6862406]}, "properties": {"id": "place-205", "name": "大手町 A5", "category": "railway"}}, {"type": "Feature", "geometry": {"type": "Point", "coordinates": [139.7658912, 35.6867157]}, "properties": {"id": "place-206", "name": "大手町 A4", "category": "railway"}}, {"type": "Feature", "geometry": {"type": "Point", "coordinates": [139.765162, 35.686798]}, "properties": {"id": "place-207", "name": "大手町 E1", "category": "railway"}}, {"type": "Feature", "geometry": {"type": "Point", "coordinates": [139.7648526, 35.6866237]}, "properties": {"id": "place-208", "name": "大手町 E2", "category": "railway"}}, {"type": "Feature", "geometry": {"type": "Point", "coordinates": [139.7638024, 35.6865252]}, "properties": {"id": "place-209", "name": "大手町 C7", "category": "railway"}}, {"type": "Feature", "geometry": {"type": "Point", "coordinates": [139.7635031, 35.6873162]}, "properties": {"id": "place-210", "name": "大手町 C4", "category": "railway"}}, {"type": "Feature", "geometry": {"type": "Point", "coordinates": [139.7623023, 35.6873092]}, "properties": {"id": "place-211", "name": "大手町 C5", "category": "railway"}}, {"type": "Feature", "geometry": {"type": "Point", "coordinates": [139.7641519, 35.6876711]}, "properties": {"id": "place-212", "name": "大手町 C1", "category": "railway"}}, {"type": "Feature", "geometry": {"type": "Point", "coordinates": [139.7638104, 35.6885525]}, "properties": {"id": "place-213", "name": "大手町 C2b", "category": "railway"}}, {"type": "Feature", "geometry": {"type": "Point", "coordinates": [139.7637372, 35.6878599]}, "properties": {"id": "place-214", "name": "大手町 C2a", "category": "railway"}}, {"type": "Feature", "geometry": {"type": "Point", "coordinates": [139.7636627, 35.6859979]}, "properties": {"id": "place-215", "name": "大手町 C8", "category": "railway"}}, {"type": "Feature", "geometry": {"type": "Point", "coordinates": [139.7637247, 35.6853619]}, "properties": {"id": "place-216", "name": "大手町 C12", "category": "railway"}}, {"type": "Feature", "geometry": {"type": "Point", "coordinates": [139.762968, 35.6857775]}, "properties": {"id": "place-217", "name": "大手町 C9", "category": "railway"}}, {"type": "Feature", "geometry": {"type": "Point", "coordinates": [139.7624595, 35.6856285]}, "properties": {"id": "place-218", "name": "大手町 C10", "category": "railway"}}, {"type": "Feature", "geometry": {"type": "Point", "coordinates": [139.7624805, 35.6852275]}, "properties": {"id": "place-219", "name": "大手町 C13a", "category": "railway", "ref": "13a"}}, {"type": "Feature", "geometry": {"type": "Point", "coordinates": [139.761525, 35.685403]}, "properties": {"id": "place-220", "name": "大手町 C13b", "category": "railway", "ref": "13b"}}, {"type": "Feature", "geometry": {"type": "Point", "coordinates": [139.7646482, 35.6847039]}, "properties": {"id": "place-221", "name": "大手町 B1", "category": "railway"}}, {"type": "Feature", "geometry": {"type": "Point", "coordinates": [139.7670257, 35.6842836]}, "properties": {"id": "place-222", "name": "大手町駅", "category": "railway", "ref": "B2c"}}, {"type": "Feature", "geometry": {"type": "Point", "coordinates": [139.766613, 35.6843551]}, "properties": {"id": "place-223", "name": "大手町駅", "category": "railway", "ref": "B2b"}}, {"type": "Feature", "geometry": {"type": "Point", "coordinates": [139.7662769, 35.6848452]}, "properties": {"id": "place-224", "name": "大手町 B2a", "category": "railway"}}, {"type": "Feature", "geometry": {"type": "Point", "coordinates": [139.7669803, 35.6846681]}, "properties": {"id": "place-225", "name": "大手町 B3", "category": "railway"}}, {"type": "Feature", "geometry": {"type": "Point", "coordinates": [139.7747419, 35.6912086]}, "properties": {"id": "place-226", "name": "黒てつ屋", "category": "amenity"}}, {"type": "Feature", "geometry": {"type": "Point", "coordinates": [139.7758755, 35.6897089]}, "properties": {"id": "place-227", "name": "すき家", "category": "amenity"}}, {"type": "Feature", "geometry": {"type": "Point", "coordinates": [139.7723526, 35.6905866]}, "properties": {"id": "place-228", "name": "セブン-イレブン", "category": "shop"}}, {"type": "Feature", "geometry": {"type": "Point", "coordinates": [139.7709112, 35.6917939]}, "properties": {"id": "place-229", "name": "神田", "category": "railway"}}, {"type": "Feature", "geometry": {"type": "Point", "coordinates": [139.7751312, 35.6916665]}, "properties": {"id": "place-230", "name": "ファミリーマート", "category": "shop"}}, {"type": "Feature", "geometry": {"type": "Point", "coordinates": [139.7741801, 35.6890433]}, "properties": {"id": "place-231", "name": "新日本橋", "category": "railway"}}, {"type": "Feature", "geometry": {"type": "Point", "coordinates": [139.7707766, 35.6946612]}, "properties": {"id": "place-232", "name": "AQUOS", "category": "shop"}}, {"type": "Feature", "geometry": {"type": "Point", "coordinates": [139.7708158, 35.6944702]}, "properties": {"id": "place-233", "name": "おきらく食堂", "category": "amenity"}}, {"type": "Feature", "geometry": {"type": "Point", "coordinates": [139.7706769, 35.6947031]}, "properties": {"id": "place-234", "name": "上海厨房", "category": "amenity"}}, {"type": "Feature", "geometry": {"type": "Point", "coordinates": [139.7706981, 35.6944731]}, "properties": {"id": "place-235", "name": "神田駅", "category": "railway", "ref": "5"}}, {"type": "Feature", "geometry": {"type": "Point", "coordinates": [139.7641881, 35.6775601]}, "properties": {"id": "place-236", "name": "京葉線口", "category": "railway"}}, {"type": "Feature", "geometry": {"type": "Point", "coordinates": [139.7675662, 35.6839571]}, "properties": {"id": "place-237", "name": "大手町 B5", "category": "railway"}}, {"type": "Feature", "geometry": {"type": "Point", "coordinates": [139.768591, 35.6844191]}, "properties": {"id": "place-238", "name": "大手町 B6", "category": "railway"}}, {"type": "Feature", "geometry": {"type": "Point", "coordinates": [139.7688122, 35.6839577]}, "properties": {"id": "place-239", "name": "大手町駅", "category": "railway", "ref": "B7(閉鎖中)"}}, {"type": "Feature", "geometry": {"type": "Point", "coordinates": [139.7691428, 35.6830723]}, "properties": {"id": "place-240", "name": "大手町 B8b", "category": "railway"}}, {"type": "Feature", "geometry": {"type": "Point", "coordinates": [139.7697819, 35.6843724]}, "properties": {"id": "place-241", "name": "大手町 B8a", "category": "railway"}}, {"type": "Feature", "geometry": {"type": "Point", "coordinates": [139.7627436, 35.6824043]}, "properties": {"id": "place-242", "name": "大手町 D1(1)", "category": "railway", "ref": "D1(1)"}}, {"type": "Feature", "geometry": {"type": "Point", "coordinates": [139.7625086, 35.6824868]}, "properties": {"id": "place-243", "name": "大手町 D1(2)", "category": "railway", "ref": "D1(2)"}}, {"type": "Feature", "geometry": {"type": "Point", "coordinates": [139.7619234, 35.6825705]}, "properties": {"id": "place-244", "name": "大手町 D2", "category": "railway", "ref": "D2"}}, {"type": "Feature", "geometry": {"type": "Point", "coordinates": [139.7723091, 35.6928639]}, "properties": {"id": "place-245", "name": "すし居酒屋 すすむ", "category": "amenity"}}, {"type": "Feature", "geometry": {"type": "Point", "coordinates": [139.7744404, 35.6821743]}, "properties": {"id": "place-246", "name": "日本橋", "category": "railway"}}, {"type": "Feature", "geometry": {"type": "Point", "coordinates": [139.7616204, 35.6803364]}, "properties": {"id": "place-247", "name": "二重橋前〈丸の内〉", "category": "railway"}}, {"type": "Feature", "geometry": {"type": "Point", "coordinates": [139.7731762, 35.6875584]}, "properties": {"id": "place-248", "name": "与志喜", "category": "amenity"}}, {"type": "Feature", "geometry": {"type": "Point", "coordinates": [139.7718169, 35.6884155]}, "properties": {"id": "place-249", "name": "八十二銀行", "category": "amenity"}}, {"type": "Feature", "geometry": {"type": "Point", "coordinates": [139.7733384, 35.6868594]}, "properties": {"id": "place-250", "name": "千疋屋総本店", "category": "shop"}}, {"type": "Feature", "geometry": {"type": "Point", "coordinates": [139.765031, 35.694765]}, "properties": {"id": "place-251", "name": "ドトールコーヒーショップ", "category": "amenity"}}, {"type": "Feature", "geometry": {"type": "Point", "coordinates": [139.7701831, 35.6825492]}, "properties": {"id": "place-252", "name": "鉃鋼ビルディング駐車場", "category": "amenity"}}, {"type": "Feature", "geometry": {"type": "Point", "coordinates": [139.7748983, 35.6812231]}, "properties": {"id": "place-253", "name": "美家古すし", "category": "amenity"}}, {"type": "Feature", "geometry": {"type": "Point", "coordinates": [139.7753393, 35.6879433]}, "properties": {"id": "place-254", "name": "八つ花", "category": "amenity"}}, {"type": "Feature", "geometry": {"type": "Point", "coordinates": [139.764343, 35.6908096]}, "properties": {"id": "place-255", "name": "老知ファン", "category": "amenity"}}, {"type": "Feature", "geometry": {"type": "Point", "coordinates": [139.7611939, 35.6918516]}, "properties": {"id": "place-256", "name": "三星舎", "category": "building"}}, {"type": "Feature", "geometry": {"type": "Point", "coordinates": [139.766878, 35.691418]}, "properties": {"id": "place-257", "name": "麺や そめいよしの", "category": "amenity"}}, {"type": "Feature", "geometry": {"type": "Point", "coordinates": [139.766265, 35.682432]}, "properties": {"id": "place-258", "name": "JR東日本トラベルサービスセンター", "category": "tourism"}}, {"type": "Feature", "geometry": {"type": "Point", "coordinates": [139.7664939, 35.6824302]}, "properties": {"id": "place-259", "name": "東京ステーションギャラリー", "category": "tourism"}}, {"type": "Feature", "geometry": {"type": "Point", "coordinates": [139.7715988, 35.680759]}, "properties": {"id": "place-260", "name": "つじ半", "category": "amenity"}}, {"type": "Feature", "geometry": {"type": "Point", "coordinates": [139.7714518, 35.6806449]}, "properties": {"id": "place-261", "name": "HUB", "category": "amenity"}}, {"type": "Feature", "geometry": {"type": "Point", "coordinates": [139.7714161, 35.6806145]}, "properties": {"id": "place-262", "name": "やきとりまる金", "category": "amenity"}}, {"type": "Feature", "geometry": {"type": "Point", "coordinates": [139.7677959, 35.6848081]}, "properties": {"id": "place-263", "name": "大手町第2自転車駐車場", "category": "amenity"}}, {"type": "Feature", "geometry": {"type": "Point", "coordinates": [139.76613, 35.695091]}, "properties": {"id": "place-264", "name": "サブウェイ", "category": "amenity"}}, {"type": "Feature", "geometry": {"type": "Point", "coordinates": [139.7635698, 35.688754]}, "properties": {"id": "place-265", "name": "経団連会館", "category": "amenity"}}, {"type": "Feature", "geometry": {"type": "Point", "coordinates": [139.7709542, 35.6942391]}, "properties": {"id": "place-266", "name": "ファミリーマート", "category": "shop"}}, {"type": "Feature", "geometry": {"type": "Point", "coordinates": [139.7710099, 35.6927755]}, "properties": {"id": "place-267", "name": "ファミリーマート", "category": "shop"}}, {"type": "Feature", "geometry": {"type": "Point", "coordinates": [139.7744198, 35.6872213]}, "properties": {"id": "place-268", "name": "福徳神社", "category": "amenity"}}, {"type": "Feature", "geometry": {"type": "Point", "coordinates": [139.776961, 35.6892449]}, "properties": {"id": "place-269", "name": "寳田恵比寿神社", "category": "amenity"}}, {"type": "Feature", "geometry": {"type": "Point", "coordinates": [139.7650451, 35.6785637]}, "properties": {"id": "place-270", "name": "お好み焼ききじ", "category": "amenity"}}, {"type": "Feature", "geometry": {"type": "Point", "coordinates": [139.7734291, 35.6816286]}, "properties": {"id": "place-271", "name": "山本山 ふじヱ茶房", "category": "amenity"}}, {"type": "Feature", "geometry": {"type": "Point", "coordinates": [139.7724349, 35.6867388]}, "properties": {"id": "place-272", "name": "北海道銀行", "category": "amenity"}}, {"type": "Feature", "geometry": {"type": "Point", "coordinates": [139.7659164, 35.6810129]}, "properties": {"id": "place-273", "name": "東京ステーションホテル", "category": "tourism"}}, {"type": "Feature", "geometry": {"type": "Point", "coordinates": [139.7671608, 35.6847676]}, "properties": {"id": "place-274", "name": "ドコモショップ", "category": "shop"}}, {"type": "Feature", "geometry": {"type": "Point", "coordinates": [139.7684655, 35.6806763]}, "properties": {"id": "place-275", "name": "ドコモショップ", "category": "shop"}}, {"type": "Feature", "geometry": {"type": "Point", "coordinates": [139.7642645, 35.6876939]}, "properties": {"id": "place-276", "name": "auショップ", "category": "shop"}}, {"type": "Feature", "geometry": {"type": "Point", "coordinates": [139.77044, 35.6931125]}, "properties": {"id": "place-277", "name": "auショップ", "category": "shop"}}, {"type": "Feature", "geometry": {"type": "Point", "coordinates": [139.7682436, 35.6808489]}, "properties": {"id": "place-278", "name": "東京", "category": "railway"}}, {"type": "Feature", "geometry": {"type": "Point", "coordinates": [139.7680843, 35.68088]}, "properties": {"id": "place-279", "name": "東京", "category": "railway"}}, {"type": "Feature", "geometry": {"type": "Point", "coordinates": [139.7680393, 35.6808911]}, "properties": {"id": "place-280", "name": "東京", "category": "railway"}}, {"type": "Feature", "geometry": {"type": "Point", "coordinates": [139.7678874, 35.6809304]}, "properties": {"id": "place-281", "name": "東京", "category": "railway"}}, {"type": "Feature", "geometry": {"type": "Point", "coordinates": [139.7678522, 35.6809427]}, "properties": {"id": "place-282", "name": "東京", "category": "railway"}}, {"type": "Feature", "geometry": {"type": "Point", "coordinates": [139.7676725, 35.6809853]}, "properties": {"id": "place-283", "name": "東京", "category": "railway"}}, {"type": "Feature", "geometry": {"type": "Point", "coordinates": [139.7676303, 35.6809932]}, "properties": {"id": "place-284", "name": "東京", "category": "railway"}}, {"type": "Feature", "geometry": {"type": "Point", "coordinates": [139.7674402, 35.6810367]}, "properties": {"id": "place-285", "name": "東京", "category": "railway"}}, {"type": "Feature", "geometry": {"type": "Point", "coordinates": [139.7673969, 35.6810509]}, "properties": {"id": "place-286", "name": "東京", "category": "railway"}}, {"type": "Feature", "geometry": {"type": "Point", "coordinates": [139.7672325, 35.6810889]}, "properties": {"id": "place-287", "name": "東京", "category": "railway"}}, {"type": "Feature", "geometry": {"type": "Point", "coordinates": [139.7671827, 35.6811274]}, "properties": {"id": "place-288", "name": "東京", "category": "railway"}}, {"type": "Feature", "geometry": {"type": "Point", "coordinates": [139.7670127, 35.6811486]}, "properties": {"id": "place-289", "name": "東京", "category": "railway"}}, {"type": "Feature", "geometry": {"type": "Point", "coordinates": [139.7669506, 35.6811664]}, "properties": {"id": "place-290", "name": "東京", "category": "railway"}}, {"type": "Feature", "geometry": {"type": "Point", "coordinates": [139.7668137, 35.6811981]}, "properties": {"id": "place-291", "name": "東京", "category": "railway"}}, {"type": "Feature", "geometry": {"type": "Point", "coordinates": [139.766771, 35.6812103]}, "properties": {"id": "place-292", "name": "東京", "category": "railway"}}, {"type": "Feature", "geometry": {"type": "Point", "coordinates": [139.7666095, 35.681244]}, "properties": {"id": "place-293", "name": "東京", "category": "railway"}}, {"type": "Feature", "geometry": {"type": "Point", "coordinates": [139.7665625, 35.6812564]}, "properties": {"id": "place-294", "name": "東京", "category": "railway"}}, {"type": "Feature", "geometry": {"type": "Point", "coordinates": [139.7664183, 35.6812863]}, "properties": {"id": "place-295", "name": "東京", "category": "railway"}}, {"type": "Feature", "geometry": {"type": "Point", "coordinates": [139.7663908, 35.6812927]}, "properties": {"id": "place-296", "name": "東京", "category": "railway"}}, {"type": "Feature", "geometry": {"type": "Point", "coordinates": [139.7662304, 35.6813234]}, "properties": {"id": "place-297", "name": "東京", "category": "railway"}}, {"type": "Feature", "geometry": {"type": "Point", "coordinates": [139.7684923, 35.6809357]}, "properties": {"id": "place-298", "name": "ソフトバンクショップ", "category": "shop"}}, {"type": "Feature", "geometry": {"type": "Point", "coordinates": [139.770656, 35.6936977]}, "properties": {"id": "place-299", "name": "ソフトバンクショップ", "category": "shop"}}, {"type": "Feature", "geometry": {"type": "Point", "coordinates": [139.7732578, 35.6821949]}, "properties": {"id": "place-300", "name": "ドコモショップ", "category": "shop"}}, {"type": "Feature", "geometry": {"type": "Point", "coordinates": [139.7644454, 35.6824802]}, "properties": {"id": "place-301", "name": "水蓮月", "category": "amenity"}}, {"type": "Feature", "geometry": {"type": "Point", "coordinates": [139.7685382, 35.6838478]}, "properties": {"id": "place-302", "name": "スターバックス", "category": "amenity"}}, {"type": "Feature", "geometry": {"type": "Point", "coordinates": [139.7689928, 35.6829498]}, "properties": {"id": "place-303", "name": "スターバックス", "category": "amenity"}}, {"type": "Feature", "geometry": {"type": "Point", "coordinates": [139.7636129, 35.6801809]}, "properties": {"id": "place-304", "name": "スターバックス", "category": "amenity"}}, {"type": "Feature", "geometry": {"type": "Point", "coordinates": [139.7642107, 35.6829448]}, "properties": {"id": "place-305", "name": "スターバックス", "category": "amenity"}}, {"type": "Feature", "geometry": {"type": "Point", "coordinates": [139.7635159, 35.6811556]}, "properties": {"id": "place-306", "name": "スターバックス", "category": "amenity"}}, {"type": "Feature", "geometry": {"type": "Point", "coordinates": [139.7629111, 35.6792208]}, "properties": {"id": "place-307", "name": "スターバックス", "category": "amenity"}}, {"type": "Feature", "geometry": {"type": "Point", "coordinates": [139.7764567, 35.6866478]}, "properties": {"id": "place-308", "name": "なか卯", "category": "amenity"}}, {"type": "Feature", "geometry": {"type": "Point", "coordinates": [139.7776097, 35.6862158]}, "properties": {"id": "place-309", "name": "Space 2*3", "category": "shop"}}, {"type": "Feature", "geometry": {"type": "Point", "coordinates": [139.7670236, 35.6777815]}, "properties": {"id": "place-310", "name": "タリーズコーヒー", "category": "amenity"}}, {"type": "Feature", "geometry": {"type": "Point", "coordinates": [139.7615043, 35.6853311]}, "properties": {"id": "place-311", "name": "タリーズコーヒー", "category": "amenity"}}, {"type": "Feature", "geometry": {"type": "Point", "coordinates": [139.7646793, 35.6845613]}, "properties": {"id": "place-312", "name": "タリーズコーヒー", "category": "amenity"}}, {"type": "Feature", "geometry": {"type": "Point", "coordinates": [139.7688825, 35.6819096]}, "properties": {"id": "place-313", "name": "タリーズコーヒー", "category": "amenity"}}, {"type": "Feature", "geometry": {"type": "Point", "coordinates": [139.760491, 35.6915019]}, "properties": {"id": "place-314", "name": "タリーズコーヒー", "category": "amenity"}}, {"type": "Feature", "geometry": {"type": "Point", "coordinates": [139.7622393, 35.6887477]}, "properties": {"id": "place-315", "name": "タリーズコーヒー", "category": "amenity"}}, {"type": "Feature", "geometry": {"type": "Point", "coordinates": [139.7739536, 35.6871636]}, "properties": {"id": "place-316", "name": "タリーズコーヒー", "category": "amenity"}}, {"type": "Feature", "geometry": {"type": "Point", "coordinates": [139.766531, 35.691474]}, "properties": {"id": "place-317", "name": "ドトールコーヒーショップ", "category": "amenity"}}, {"type": "Feature", "geometry": {"type": "Point", "coordinates": [139.7638018, 35.6854635]}, "properties": {"id": "place-318", "name": "ドトールコーヒーショップ", "category": "amenity"}}, {"type": "Feature", "geometry": {"type": "Point", "coordinates": [139.7675903, 35.6850603]}, "properties": {"id": "place-319", "name": "ドトールコーヒーショップ", "category": "amenity"}}, {"type": "Feature", "geometry": {"type": "Point", "coordinates": [139.7680959, 35.6806696]}, "properties": {"id": "place-320", "name": "ドトールコーヒーショップ", "category": "amenity"}}, {"type": "Feature", "geometry": {"type": "Point", "coordinates": [139.7657436, 35.6883603]}, "properties": {"id": "place-321", "name": "ドトールコーヒーショップ", "category": "amenity"}}, {"type": "Feature", "geometry": {"type": "Point", "coordinates": [139.7719857, 35.691814]}, "properties": {"id": "place-322", "name": "ドトールコーヒーショップ", "category": "amenity"}}, {"type": "Feature", "geometry": {"type": "Point", "coordinates": [139.7756995, 35.68755]}, "properties": {"id": "place-323", "name": "ドトールコーヒーショップ", "category": "amenity"}}, {"type": "Feature", "geometry": {"type": "Point", "coordinates": [139.7723735, 35.6817202]}, "properties": {"id": "place-324", "name": "ドトールコーヒーショップ", "category": "amenity"}}, {"type": "Feature", "geometry": {"type": "Point", "coordinates": [139.7730438, 35.6898606]}, "properties": {"id": "place-325", "name": "ドトールコーヒーショップ", "category": "amenity"}}, {"type": "Feature", "geometry": {"type": "Point", "coordinates": [139.7749691, 35.6857434]}, "properties": {"id": "place-326", "name": "ドトールコーヒーショップ", "category": "amenity"}}, {"type": "Feature", "geometry": {"type": "Point", "coordinates": [139.7710329, 35.6894449]}, "properties": {"id": "place-327", "name": "ドトールコーヒーショップ", "category": "amenity"}}, {"type": "Feature", "geometry": {"type": "Point", "coordinates": [139.7745258, 35.6822751]}, "properties": {"id": "place-328", "name": "日本橋", "category": "railway"}}, {"type": "Feature", "geometry": {"type": "Point", "coordinates": [139.7587292, 35.6901289]}, "properties": {"id": "place-329", "name": "竹橋", "category": "railway"}}, {"type": "Feature", "geometry": {"type": "Point", "coordinates": [139.7707652, 35.6932036]}, "properties": {"id": "place-330", "name": "サンマルクカフェ", "category": "amenity"}}, {"type": "Feature", "geometry": {"type": "Point", "coordinates": [139.7702381, 35.6912038]}, "properties": {"id": "place-331", "name": "サンマルクカフェ", "category": "amenity"}}, {"type": "Feature", "geometry": {"type": "Point", "coordinates": [139.7715414, 35.6915345]}, "properties": {"id": "place-332", "name": "サンマルクカフェ", "category": "amenity"}}, {"type": "Feature", "geometry": {"type": "Point", "coordinates": [139.7645151, 35.6774598]}, "properties": {"id": "place-333", "name": "相田みつを美術館", "category": "tourism"}}, {"type": "Feature", "geometry": {"type": "Point", "coordinates": [139.7725308, 35.6908781]}, "properties": {"id": "place-334", "name": "カフェ・ベローチェ", "category": "amenity"}}, {"type": "Feature", "geometry": {"type": "Point", "coordinates": [139.7703856, 35.6944336]}, "properties": {"id": "place-335", "name": "カフェ・ベローチェ", "category": "amenity"}}, {"type": "Feature", "geometry": {"type": "Point", "coordinates": [139.7642662, 35.6905665]}, "properties": {"id": "place-336", "name": "カフェ・ベローチェ", "category": "amenity"}}, {"type": "Feature", "geometry": {"type": "Point", "coordinates": [139.7656344, 35.6922274]}, "properties": {"id": "place-337", "name": "カフェ・ベローチェ", "category": "amenity"}}, {"type": "Feature", "geometry": {"type": "Point", "coordinates": [139.7747438, 35.68075]}, "properties": {"id": "place-338", "name": "カフェ・ベローチェ", "category": "amenity"}}, {"type": "Feature", "geometry": {"type": "Point", "coordinates": [139.7595893, 35.6927581]}, "properties": {"id": "place-339", "name": "ミニストップ", "category": "shop"}}, {"type": "Feature", "geometry": {"type": "Point", "coordinates": [139.7583342, 35.6906795]}, "properties": {"id": "place-340", "name": "セブン-イレブン", "category": "shop"}}, {"type": "Feature", "geometry": {"type": "Point", "coordinates": [139.7608156, 35.6921937]}, "properties": {"id": "place-341", "name": "セブン-イレブン", "category": "shop"}}, {"type": "Feature", "geometry": {"type": "Point", "coordinates": [139.7675419, 35.6898883]}, "properties": {"id": "place-342", "name": "セブン-イレブン", "category": "shop"}}, {"type": "Feature", "geometry": {"type": "Point", "coordinates": [139.7669382, 35.6907876]}, "properties": {"id": "place-343", "name": "セブン-イレブン", "category": "shop"}}, {"type": "Feature", "geometry": {"type": "Point", "coordinates": [139.7711242, 35.6910478]}, "properties": {"id": "place-344", "name": "セブン-イレブン", "category": "shop"}}, {"type": "Feature", "geometry": {"type": "Point", "coordinates": [139.7762293, 35.6890863]}, "properties": {"id": "place-345", "name": "セブン-イレブン", "category": "shop"}}, {"type": "Feature", "geometry": {"type": "Point", "coordinates": [139.7616362, 35.6848714]}, "properties": {"id": "place-346", "name": "セブン-イレブン", "category": "shop"}}, {"type": "Feature", "geometry": {"type": "Point", "coordinates": [139.7645755, 35.6842055]}, "properties": {"id": "place-347", "name": "セブン-イレブン", "category": "shop"}}, {"type": "Feature", "geometry": {"type": "Point", "coordinates": [139.767655, 35.6788149]}, "properties": {"id": "place-348", "name": "セブン-イレブン", "category": "shop"}}, {"type": "Feature", "geometry": {"type": "Point", "coordinates": [139.7775969, 35.6851065]}, "properties": {"id": "place-349", "name": "セブン-イレブン", "category": "shop"}}, {"type": "Feature", "geometry": {"type": "Point", "coordinates": [139.7605051, 35.6906794]}, "properties": {"id": "place-350", "name": "KKRホテル東京", "category": "tourism"}}, {"type": "Feature", "geometry": {"type": "Point", "coordinates": [139.7669429, 35.6949385]}, "properties": {"id": "place-351", "name": "ファミリーマート", "category": "shop"}}, {"type": "Feature", "geometry": {"type": "Point", "coordinates": [139.7650274, 35.6939904]}, "properties": {"id": "place-352", "name": "ファミリーマート", "category": "shop"}}, {"type": "Feature", "geometry": {"type": "Point", "coordinates": [139.7646392, 35.6923167]}, "properties": {"id": "place-353", "name": "ミニストップ", "category": "shop"}}, {"type": "Feature", "geometry": {"type": "Point", "coordinates": [139.7676456, 35.6923572]}, "properties": {"id": "place-354", "name": "ファミリーマート", "category": "shop"}}, {"type": "Feature", "geometry": {"type": "Point", "coordinates": [139.7654167, 35.693662]}, "properties": {"id": "place-355", "name": "ミニストップ", "category": "shop"}}, {"type": "Feature", "geometry": {"type": "Point", "coordinates": [139.7653926, 35.6934398]}, "properties": {"id": "place-356", "name": "デニーズ", "category": "amenity"}}, {"type": "Feature", "geometry": {"type": "Point", "coordinates": [139.7604285, 35.689906]}, "properties": {"id": "place-357", "name": "竹橋駅", "category": "railway", "ref": "3a"}}, {"type": "Feature", "geometry": {"type": "Point", "coordinates": [139.7603875, 35.6894185]}, "properties": {"id": "place-358", "name": "竹橋駅", "category": "railway", "ref": "2"}}, {"type": "Feature", "geometry": {"type": "Point", "coordinates": [139.760698, 35.6906303]}, "properties": {"id": "place-359", "name": "竹橋駅", "category": "railway", "ref": "3b"}}, {"type": "Feature", "geometry": {"type": "Point", "coordinates": [139.7661066, 35.6950723]}, "properties": {"id": "place-360", "name": "小川町", "category": "railway", "ref": "A7"}}, {"type": "Feature", "geometry": {"type": "Point", "coordinates": [139.7732918, 35.6825804]}, "properties": {"id": "place-361", "name": "B7", "category": "railway", "ref": "B7"}}, {"type": "Feature", "geometry": {"type": "Point", "coordinates": [139.7720304, 35.6793254]}, "properties": {"id": "place-362", "name": "Eco21", "category": "amenity"}}, {"type": "Feature", "geometry": {"type": "Point", "coordinates": [139.7712591, 35.6789368]}, "properties": {"id": "place-363", "name": "西勘刀 本店", "category": "shop"}}, {"type": "Feature", "geometry": {"type": "Point", "coordinates": [139.775779, 35.6820722]}, "properties": {"id": "place-364", "name": "D4", "category": "railway", "ref": "D4"}}, {"type": "Feature", "geometry": {"type": "Point", "coordinates": [139.7727039, 35.6812718]}, "properties": {"id": "place-365", "name": "B3", "category": "railway", "ref": "B3"}}, {"type": "Feature", "geometry": {"type": "Point", "coordinates": [139.7721527, 35.6790884]}, "properties": {"id": "place-366", "name": "八重洲駐車場", "category": "amenity"}}, {"type": "Feature", "geometry": {"type": "Point", "coordinates": [139.7738978, 35.6823411]}, "properties": {"id": "place-367", "name": "B8", "category": "railway", "ref": "B8"}}, {"type": "Feature", "geometry": {"type": "Point", "coordinates": [139.7719477, 35.6801773]}, "properties": {"id": "place-368", "name": "Shoichiro", "category": "shop"}}, {"type": "Feature", "geometry": {"type": "Point", "coordinates": [139.7712886, 35.6789898]}, "properties": {"id": "place-369", "name": "千疋屋", "category": "shop"}}, {"type": "Feature", "geometry": {"type": "Point", "coordinates": [139.772838, 35.6788148]}, "properties": {"id": "place-370", "name": "八重洲駐車場", "category": "amenity"}}, {"type": "Feature", "geometry": {"type": "Point", "coordinates": [139.7730413, 35.6817784]}, "properties": {"id": "place-371", "name": "B0", "category": "railway", "ref": "B0"}}, {"type": "Feature", "geometry": {"type": "Point", "coordinates": [139.7748168, 35.6819704]}, "properties": {"id": "place-372", "name": "C4", "category": "railway", "ref": "C4"}}, {"type": "Feature", "geometry": {"type": "Point", "coordinates": [139.7719577, 35.6801602]}, "properties": {"id": "place-373", "name": "MASATAKA CONTEMPORARY", "category": "shop"}}, {"type": "Feature", "geometry": {"type": "Point", "coordinates": [139.7713087, 35.679042]}, "properties": {"id": "place-374", "name": "すき家", "category": "amenity"}}, {"type": "Feature", "geometry": {"type": "Point", "coordinates": [139.7730506, 35.6789703]}, "properties": {"id": "place-375", "name": "ローソン", "category": "shop"}}, {"type": "Feature", "geometry": {"type": "Point", "coordinates": [139.7724569, 35.6792221]}, "properties": {"id": "place-376", "name": "きらぼし銀行", "category": "amenity"}}, {"type": "Feature", "geometry": {"type": "Point", "coordinates": [139.7711972, 35.6912763]}, "properties": {"id": "place-377", "name": "PRONTO", "category": "amenity"}}, {"type": "Feature", "geometry": {"type": "Point", "coordinates": [139.7651091, 35.6799645]}, "properties": {"id": "place-378", "name": "東京シティアイ", "category": "tourism"}}, {"type": "Feature", "geometry": {"type": "Point", "coordinates": [139.7695941, 35.6831334]}, "properties": {"id": "place-379", "name": "TIC東京", "category": "tourism"}}, {"type": "Feature", "geometry": {"type": "Point", "coordinates": [139.7688626, 35.6837535]}, "properties": {"id": "place-380", "name": "Papa Milano Trattoria", "category": "amenity"}}, {"type": "Feature", "geometry": {"type": "Point", "coordinates": [139.7688486, 35.694277]}, "properties": {"id": "place-381", "name": "松本家住宅主屋", "category": "building"}}, {"type": "Feature", "geometry": {"type": "Point", "coordinates": [139.7713049, 35.6794502]}, "properties": {"id": "place-382", "name": "平和の鐘", "category": "amenity"}}, {"type": "Feature", "geometry": {"type": "Point", "coordinates": [139.7720298, 35.6902612]}, "properties": {"id": "place-383", "name": "山梨中央銀行", "category": "amenity"}}, {"type": "Feature", "geometry": {"type": "Point", "coordinates": [139.7751778, 35.6921901]}, "properties": {"id": "place-384", "name": "金山神社", "category": "amenity"}}, {"type": "Feature", "geometry": {"type": "Point", "coordinates": [139.7741973, 35.6890844]}, "properties": {"id": "place-385", "name": "新日本橋駅", "category": "railway", "ref": "6"}}, {"type": "Feature", "geometry": {"type": "Point", "coordinates": [139.7757236, 35.688899]}, "properties": {"id": "place-386", "name": "新日本橋駅", "category": "railway"}}, {"type": "Feature", "geometry": {"type": "Point", "coordinates": [139.7756214, 35.689176]}, "properties": {"id": "place-387", "name": "新日本橋駅", "category": "railway"}}, {"type": "Feature", "geometry": {"type": "Point", "coordinates": [139.7751076, 35.6894038]}, "properties": {"id": "place-388", "name": "新日本橋駅", "category": "railway"}}, {"type": "Feature", "geometry": {"type": "Point", "coordinates": [139.7654952, 35.6941337]}, "properties": {"id": "place-389", "name": "草土舎　神田本店", "category": "shop"}}, {"type": "Feature", "geometry": {"type": "Point", "coordinates": [139.7616724, 35.6937904]}, "properties": {"id": "place-390", "name": "神田錦町　更科", "category": "amenity"}}, {"type": "Feature", "geometry": {"type": "Point", "coordinates": [139.7612785, 35.6933157]}, "properties": {"id": "place-391", "name": "見本帖本店", "category": "shop"}}, {"type": "Feature", "geometry": {"type": "Point", "coordinates": [139.7642323, 35.6946069]}, "properties": {"id": "place-392", "name": "カワセ楽器店", "category": "shop"}}, {"type": "Feature", "geometry": {"type": "Point", "coordinates": [139.763885, 35.6945715]}, "properties": {"id": "place-393", "name": "原久洋服店", "category": "shop"}}, {"type": "Feature", "geometry": {"type": "Point", "coordinates": [139.7642511, 35.6946229]}, "properties": {"id": "place-394", "name": "カワセ楽器", "category": "shop"}}, {"type": "Feature", "geometry": {"type": "Point", "coordinates": [139.7694447, 35.6932325]}, "properties": {"id": "place-395", "name": "越後屋", "category": "amenity"}}, {"type": "Feature", "geometry": {"type": "Point", "coordinates": [139.7692847, 35.6931928]}, "properties": {"id": "place-396", "name": "宿場", "category": "amenity"}}, {"type": "Feature", "geometry": {"type": "Point", "coordinates": [139.7687684, 35.6948685]}, "properties": {"id": "place-397", "name": "栄屋ミルクホール", "category": "amenity"}}, {"type": "Feature", "geometry": {"type": "Point", "coordinates": [139.7705173, 35.6939046]}, "properties": {"id": "place-398", "name": "大木製薬株式会社", "category": "office"}}, {"type": "Feature", "geometry": {"type": "Point", "coordinates": [139.7738239, 35.6906258]}, "properties": {"id": "place-399", "name": "木の葉画廊", "category": "shop"}}, {"type": "Feature", "geometry": {"type": "Point", "coordinates": [139.7723086, 35.6906833]}, "properties": {"id": "place-400", "name": "神田つり具の櫻井", "category": "shop"}}, {"type": "Feature", "geometry": {"type": "Point", "coordinates": [139.7724222, 35.6926428]}, "properties": {"id": "place-401", "name": "神田笹鮨", "category": "amenity"}}, {"type": "Feature", "geometry": {"type": "Point", "coordinates": [139.77262, 35.693069]}, "properties": {"id": "place-402", "name": "徳力本店", "category": "shop"}}, {"type": "Feature", "geometry": {"type": "Point", "coordinates": [139.7676799, 35.690675]}, "properties": {"id": "place-403", "name": "書肆ひやね", "category": "shop"}}, {"type": "Feature", "geometry": {"type": "Point", "coordinates": [139.7691977, 35.6910921]}, "properties": {"id": "place-404", "name": "淡平本店", "category": "shop"}}, {"type": "Feature", "geometry": {"type": "Point", "coordinates": [139.7661049, 35.6924613]}, "properties": {"id": "place-405", "name": "楓屋", "category": "office"}}, {"type": "Feature", "geometry": {"type": "Point", "coordinates": [139.768235, 35.6904674]}, "properties": {"id": "place-406", "name": "浅野屋本店", "category": "amenity"}}, {"type": "Feature", "geometry": {"type": "Point", "coordinates": [139.7650219, 35.6941378]}, "properties": {"id": "place-407", "name": "顔のYシャツ", "category": "shop"}}, {"type": "Feature", "geometry": {"type": "Point", "coordinates": [139.7698392, 35.6911308]}, "properties": {"id": "place-408", "name": "山本染呉服店", "category": "shop"}}, {"type": "Feature", "geometry": {"type": "Point", "coordinates": [139.7701681, 35.6908927]}, "properties": {"id": "place-409", "name": "三島染色補正店", "category": "shop"}}, {"type": "Feature", "geometry": {"type": "Point", "coordinates": [139.7668752, 35.6940267]}, "properties": {"id": "place-410", "name": "みますや", "category": "amenity"}}, {"type": "Feature", "geometry": {"type": "Point", "coordinates": [139.7650308, 35.694016]}, "properties": {"id": "place-411", "name": "檜書店", "category": "office"}}, {"type": "Feature", "geometry": {"type": "Point", "coordinates": [139.7719663, 35.6935493]}, "properties": {"id": "place-412", "name": "RESIDEX", "category": "office"}}, {"type": "Feature", "geometry": {"type": "Point", "coordinates": [139.7721037, 35.6938675]}, "properties": {"id": "place-413", "name": "スパゲッティ屋 アゼ", "category": "amenity"}}, {"type": "Feature", "geometry": {"type": "Point", "coordinates": [139.7721439, 35.6939579]}, "properties": {"id": "place-414", "name": "伊藤課長", "category": "amenity"}}, {"type": "Feature", "geometry": {"type": "Point", "coordinates": [139.7720058, 35.6936311]}, "properties": {"id": "place-415", "name": "北欧紅茶", "category": "amenity"}}, {"type": "Feature", "geometry": {"type": "Point", "coordinates": [139.7720554, 35.6937607]}, "properties": {"id": "place-416", "name": "味坊炭火鍋羊肉店", "category": "amenity"}}, {"type": "Feature", "geometry": {"type": "Point", "coordinates": [139.7720849, 35.6938392]}, "properties": {"id": "place-417", "name": "小粋酒場", "category": "amenity"}}, {"type": "Feature", "geometry": {"type": "Point", "coordinates": [139.7722244, 35.6941463]}, "properties": {"id": "place-418", "name": "日野屋カレー", "category": "amenity"}}, {"type": "Feature", "geometry": {"type": "Point", "coordinates": [139.7721614, 35.6940015]}, "properties": {"id": "place-419", "name": "723", "category": "amenity"}}, {"type": "Feature", "geometry": {"type": "Point", "coordinates": [139.7716958, 35.6928272]}, "properties": {"id": "place-420", "name": "BAN蔵", "category": "amenity"}}, {"type": "Feature", "geometry": {"type": "Point", "coordinates": [139.7717723, 35.6930537]}, "properties": {"id": "place-421", "name": "つぼみ家", "category": "amenity"}}, {"type": "Feature", "geometry": {"type": "Point", "coordinates": [139.7717508, 35.6929862]}, "properties": {"id": "place-422", "name": "は満寿司", "category": "amenity"}}, {"type": "Feature", "geometry": {"type": "Point", "coordinates": [139.7715792, 35.6924579]}, "properties": {"id": "place-423", "name": "まぜそば MAZERU", "category": "amenity"}}, {"type": "Feature", "geometry": {"type": "Point", "coordinates": [139.7717951, 35.6931332]}, "properties": {"id": "place-424", "name": "エリカ", "category": "amenity"}}, {"type": "Feature", "geometry": {"type": "Point", "coordinates": [139.7716073, 35.6925538]}, "properties": {"id": "place-425", "name": "サモサ", "category": "amenity"}}, {"type": "Feature", "geometry": {"type": "Point", "coordinates": [139.7718098, 35.6931626]}, "properties": {"id": "place-426", "name": "ボケーリア", "category": "amenity"}}, {"type": "Feature", "geometry": {"type": "Point", "coordinates": [139.7716046, 35.6925298]}, "properties": {"id": "place-427", "name": "メコン", "category": "amenity"}}, {"type": "Feature", "geometry": {"type": "Point", "coordinates": [139.7717227, 35.6929209]}, "properties": {"id": "place-428", "name": "万ちゃん", "category": "amenity"}}, {"type": "Feature", "geometry": {"type": "Point", "coordinates": [139.7715832, 35.6924928]}, "properties": {"id": "place-429", "name": "串カツ甲子園", "category": "amenity"}}, {"type": "Feature", "geometry": {"type": "Point", "coordinates": [139.7715591, 35.6924198]}, "properties": {"id": "place-430", "name": "大松", "category": "amenity"}}, {"type": "Feature", "geometry": {"type": "Point", "coordinates": [139.7716704, 35.6927738]}, "properties": {"id": "place-431", "name": "東京牧場", "category": "amenity"}}, {"type": "Feature", "geometry": {"type": "Point", "coordinates": [139.7717103, 35.692869]}, "properties": {"id": "place-432", "name": "樽や", "category": "amenity"}}, {"type": "Feature", "geometry": {"type": "Point", "coordinates": [139.7717575, 35.69302]}, "properties": {"id": "place-433", "name": "聖", "category": "amenity"}}, {"type": "Feature", "geometry": {"type": "Point", "coordinates": [139.7718246, 35.6932008]}, "properties": {"id": "place-434", "name": "舞い花", "category": "amenity"}}, {"type": "Feature", "geometry": {"type": "Point", "coordinates": [139.771779, 35.6930973]}, "properties": {"id": "place-435", "name": "虹ノ麺", "category": "amenity"}}, {"type": "Feature", "geometry": {"type": "Point", "coordinates": [139.7716516, 35.6927117]}, "properties": {"id": "place-436", "name": "蛇の目鮨本店", "category": "amenity"}}, {"type": "Feature", "geometry": {"type": "Point", "coordinates": [139.7717428, 35.6929557]}, "properties": {"id": "place-437", "name": "餃子の王将", "category": "amenity"}}, {"type": "Feature", "geometry": {"type": "Point", "coordinates": [139.7662308, 35.6828768]}, "properties": {"id": "place-438", "name": "都営バス　みんくる案内板", "category": "tourism"}}, {"type": "Feature", "geometry": {"type": "Point", "coordinates": [139.768933, 35.6890217]}, "properties": {"id": "place-439", "name": "PRONTO", "category": "amenity"}}, {"type": "Feature", "geometry": {"type": "Point", "coordinates": [139.7765697, 35.6853502]}, "properties": {"id": "place-440", "name": "そばよし", "category": "amenity"}}, {"type": "Feature", "geometry": {"type": "Point", "coordinates": [139.7678472, 35.6800361]}, "properties": {"id": "place-441", "name": "六厘舎", "category": "amenity"}}, {"type": "Feature", "geometry": {"type": "Point", "coordinates": [139.7650373, 35.6785322]}, "properties": {"id": "place-442", "name": "おいしいおうどん つるとんたん", "category": "amenity"}}, {"type": "Feature", "geometry": {"type": "Point", "coordinates": [139.7649557, 35.6783618]}, "properties": {"id": "place-443", "name": "どいちゃん", "category": "amenity"}}, {"type": "Feature", "geometry": {"type": "Point", "coordinates": [139.7650552, 35.6788303]}, "properties": {"id": "place-444", "name": "みんなのぱんや", "category": "shop"}}, {"type": "Feature", "geometry": {"type": "Point", "coordinates": [139.7646884, 35.6782445]}, "properties": {"id": "place-445", "name": "ろくまる 五元豚", "category": "amenity"}}, {"type": "Feature", "geometry": {"type": "Point", "coordinates": [139.7650522, 35.6787971]}, "properties": {"id": "place-446", "name": "インデアンカレー", "category": "amenity"}}, {"type": "Feature", "geometry": {"type": "Point", "coordinates": [139.7650349, 35.6789846]}, "properties": {"id": "place-447", "name": "イーク丸の内", "category": "amenity"}}, {"type": "Feature", "geometry": {"type": "Point", "coordinates": [139.7648946, 35.6781909]}, "properties": {"id": "place-448", "name": "シチリアン テラス ボーノ", "category": "amenity"}}, {"type": "Feature", "geometry": {"type": "Point", "coordinates": [139.7650133, 35.6786978]}, "properties": {"id": "place-449", "name": "トナリ", "category": "amenity"}}, {"type": "Feature", "geometry": {"type": "Point", "coordinates": [139.7649126, 35.6783019]}, "properties": {"id": "place-450", "name": "バル デ エスパーニャ ムイ", "category": "amenity"}}, {"type": "Feature", "geometry": {"type": "Point", "coordinates": [139.7646968, 35.6782084]}, "properties": {"id": "place-451", "name": "ムーチョ モダン メキシカーノ", "category": "amenity"}}, {"type": "Feature", "geometry": {"type": "Point", "coordinates": [139.7651308, 35.6789349]}, "properties": {"id": "place-452", "name": "レゾナンス", "category": "amenity"}}, {"type": "Feature", "geometry": {"type": "Point", "coordinates": [139.7650331, 35.6787504]}, "properties": {"id": "place-453", "name": "串あげもの 旬s", "category": "amenity"}}, {"type": "Feature", "geometry": {"type": "Point", "coordinates": [139.765102, 35.6787197]}, "properties": {"id": "place-454", "name": "天ぷら 菊亭", "category": "amenity"}}, {"type": "Feature", "geometry": {"type": "Point", "coordinates": [139.7650606, 35.6786033]}, "properties": {"id": "place-455", "name": "宮崎地鶏炭火焼 車", "category": "amenity"}}, {"type": "Feature", "geometry": {"type": "Point", "coordinates": [139.7650816, 35.6786705]}, "properties": {"id": "place-456", "name": "焼肉 たむら", "category": "amenity"}}, {"type": "Feature", "geometry": {"type": "Point", "coordinates": [139.7649054, 35.678337]}, "properties": {"id": "place-457", "name": "葡萄の森 互談や", "category": "amenity"}}, {"type": "Feature", "geometry": {"type": "Point", "coordinates": [139.7651242, 35.6787913]}, "properties": {"id": "place-458", "name": "鮨一輝", "category": "amenity"}}, {"type": "Feature", "geometry": {"type": "Point", "coordinates": [139.7649072, 35.6782708]}, "properties": {"id": "place-459", "name": "龍福小龍堂", "category": "amenity"}}, {"type": "Feature", "geometry": {"type": "Point", "coordinates": [139.7633044, 35.6840889]}, "properties": {"id": "place-460", "name": "FinoLab Tokyo", "category": "office"}}, {"type": "Feature", "geometry": {"type": "Point", "coordinates": [139.7596383, 35.6917981]}, "properties": {"id": "place-461", "name": "一ツ橋歯科クリニック", "category": "amenity"}}, {"type": "Feature", "geometry": {"type": "Point", "coordinates": [139.7596384, 35.6920449]}, "properties": {"id": "place-462", "name": "ドラッグ ゴトウ", "category": "amenity"}}, {"type": "Feature", "geometry": {"type": "Point", "coordinates": [139.7692042, 35.6911751]}, "properties": {"id": "place-463", "name": "宇奈とと神田店", "category": "amenity"}}, {"type": "Feature", "geometry": {"type": "Point", "coordinates": [139.764534, 35.6800322]}, "properties": {"id": "place-464", "name": "インターメディアテク", "category": "tourism"}}, {"type": "Feature", "geometry": {"type": "Point", "coordinates": [139.7717957, 35.6816832]}, "properties": {"id": "place-465", "name": "群馬銀行", "category": "amenity"}}, {"type": "Feature", "geometry": {"type": "Point", "coordinates": [139.7717142, 35.6816741]}, "properties": {"id": "place-466", "name": "カフェ・ベローチェ", "category": "amenity"}}, {"type": "Feature", "geometry": {"type": "Point", "coordinates": [139.771566, 35.6818361]}, "properties": {"id": "place-467", "name": "扇寿司", "category": "amenity"}}, {"type": "Feature", "geometry": {"type": "Point", "coordinates": [139.7718858, 35.6813118]}, "properties": {"id": "place-468", "name": "富士の国やまなし館", "category": "shop"}}, {"type": "Feature", "geometry": {"type": "Point", "coordinates": [139.7649185, 35.6887393]}, "properties": {"id": "place-469", "name": "Looking Good ", "category": "amenity"}}, {"type": "Feature", "geometry": {"type": "Point", "coordinates": [139.775373, 35.6854263]}, "properties": {"id": "place-470", "name": "金子半之助", "category": "amenity"}}, {"type": "Feature", "geometry": {"type": "Point", "coordinates": [139.7628623, 35.6939193]}, "properties": {"id": "place-471", "name": "カフェ ド クルーセ", "category": "amenity"}}, {"type": "Feature", "geometry": {"type": "Point", "coordinates": [139.7621683, 35.693295]}, "properties": {"id": "place-472", "name": "Coffee ITO", "category": "amenity"}}, {"type": "Feature", "geometry": {"type": "Point", "coordinates": [139.7626685, 35.6939197]}, "properties": {"id": "place-473", "name": "まぐろ市場", "category": "amenity"}}, {"type": "Feature", "geometry": {"type": "Point", "coordinates": [139.7620976, 35.6942059]}, "properties": {"id": "place-474", "name": "五十稲荷神社", "category": "amenity"}}, {"type": "Feature", "geometry": {"type": "Point", "coordinates": [139.7738629, 35.6875215]}, "properties": {"id": "place-475", "name": "SBI新生銀行", "category": "amenity"}}, {"type": "Feature", "geometry": {"type": "Point", "coordinates": [139.7617175, 35.6939446]}, "properties": {"id": "place-476", "name": "ボンディ", "category": "amenity"}}, {"type": "Feature", "geometry": {"type": "Point", "coordinates": [139.7687498, 35.6938814]}, "properties": {"id": "place-477", "name": "五ノ神水産", "category": "amenity"}}, {"type": "Feature", "geometry": {"type": "Point", "coordinates": [139.764889, 35.6820503]}, "properties": {"id": "place-478", "name": "東京", "category": "railway"}}, {"type": "Feature", "geometry": {"type": "Point", "coordinates": [139.7711479, 35.693375]}, "properties": {"id": "place-479", "name": "神田", "category": "railway", "ref": "3"}}, {"type": "Feature", "geometry": {"type": "Point", "coordinates": [139.7709346, 35.6933178]}, "properties": {"id": "place-480", "name": "神田", "category": "railway", "ref": "4"}}, {"type": "Feature", "geometry": {"type": "Point", "coordinates": [139.7710729, 35.6926015]}, "properties": {"id": "place-481", "name": "神田", "category": "railway", "ref": "1"}}, {"type": "Feature", "geometry": {"type": "Point", "coordinates": [139.7709967, 35.6927285]}, "properties": {"id": "place-482", "name": "神田", "category": "railway", "ref": "2"}}, {"type": "Feature", "geometry": {"type": "Point", "coordinates": [139.7667549, 35.6833212]}, "properties": {"id": "place-483", "name": "丸善", "category": "shop"}}, {"type": "Feature", "geometry": {"type": "Point", "coordinates": [139.7628501, 35.6798452]}, "properties": {"id": "place-484", "name": "われは南瓜", "category": "tourism"}}, {"type": "Feature", "geometry": {"type": "Point", "coordinates": [139.772431, 35.6828533]}, "properties": {"id": "place-485", "name": "ナチュラルローソン", "category": "shop"}}, {"type": "Feature", "geometry": {"type": "Point", "coordinates": [139.77569, 35.686285]}, "properties": {"id": "place-486", "name": "天ぷらめし金子半之助", "category": "amenity"}}, {"type": "Feature", "geometry": {"type": "Point", "coordinates": [139.7714309, 35.681618]}, "properties": {"id": "place-487", "name": "銀だこ・ハイボール酒場八重洲北口店", "category": "amenity"}}, {"type": "Feature", "geometry": {"type": "Point", "coordinates": [139.7740733, 35.6820326]}, "properties": {"id": "place-488", "name": "サイボウズ株式会社", "category": "office"}}, {"type": "Feature", "geometry": {"type": "Point", "coordinates": [139.7705485, 35.6896058]}, "properties": {"id": "place-489", "name": "Bar Moment", "category": "amenity"}}, {"type": "Feature", "geometry": {"type": "Point", "coordinates": [139.7711594, 35.6891946]}, "properties": {"id": "place-490", "name": "Butcher Brothers", "category": "amenity"}}, {"type": "Feature", "geometry": {"type": "Point", "coordinates": [139.7738496, 35.6831235]}, "properties": {"id": "place-491", "name": "Cafe Toyo", "category": "amenity"}}, {"type": "Feature", "geometry": {"type": "Point", "coordinates": [139.7741125, 35.6864045]}, "properties": {"id": "place-492", "name": "Café Aimée Vibert", "category": "amenity"}}, {"type": "Feature", "geometry": {"type": "Point", "coordinates": [139.7707497, 35.6896543]}, "properties": {"id": "place-493", "name": "Capsule Value Kanda", "category": "tourism"}}, {"type": "Feature", "geometry": {"type": "Point", "coordinates": [139.7715389, 35.6916427]}, "properties": {"id": "place-494", "name": "Hub", "category": "amenity"}}, {"type": "Feature", "geometry": {"type": "Point", "coordinates": [139.7703936, 35.6895955]}, "properties": {"id": "place-495", "name": "Kurara", "category": "amenity"}}, {"type": "Feature", "geometry": {"type": "Point", "coordinates": [139.7709916, 35.6911842]}, "properties": {"id": "place-496", "name": "Rump cap", "category": "amenity"}}, {"type": "Feature", "geometry": {"type": "Point", "coordinates": [139.7735264, 35.6828414]}, "properties": {"id": "place-497", "name": "Godiva", "category": "shop"}}, {"type": "Feature", "geometry": {"type": "Point", "coordinates": [139.7738966, 35.6844264]}, "properties": {"id": "place-498", "name": "Trattoria Yue", "category": "amenity"}}, {"type": "Feature", "geometry": {"type": "Point", "coordinates": [139.7708657, 35.6897142]}, "properties": {"id": "place-499", "name": "ウルフ焼肉", "category": "amenity"}}, {"type": "Feature", "geometry": {"type": "Point", "coordinates": [139.7739703, 35.6833131]}, "properties": {"id": "place-500", "name": "エクセルシオール カフェ", "category": "amenity"}}, {"type": "Feature", "geometry": {"type": "Point", "coordinates": [139.7723274, 35.6815717]}, "properties": {"id": "place-501", "name": "ジル", "category": "tourism"}}, {"type": "Feature", "geometry": {"type": "Point", "coordinates": [139.7724511, 35.693329]}, "properties": {"id": "place-502", "name": "セブン-イレブン", "category": "shop"}}, {"type": "Feature", "geometry": {"type": "Point", "coordinates": [139.7714353, 35.6933573]}, "properties": {"id": "place-503", "name": "ピザハット", "category": "amenity"}}, {"type": "Feature", "geometry": {"type": "Point", "coordinates": [139.7717189, 35.6921554]}, "properties": {"id": "place-504", "name": "ファミリーマート", "category": "shop"}}, {"type": "Feature", "geometry": {"type": "Point", "coordinates": [139.7726084, 35.6814835]}, "properties": {"id": "place-505", "name": "ルノアール", "category": "amenity"}}, {"type": "Feature", "geometry": {"type": "Point", "coordinates": [139.7716167, 35.6914205]}, "properties": {"id": "place-506", "name": "ローソン", "category": "shop"}}, {"type": "Feature", "geometry": {"type": "Point", "coordinates": [139.7708087, 35.6896913]}, "properties": {"id": "place-507", "name": "地ビールハウス 蔵くら", "category": "amenity"}}, {"type": "Feature", "geometry": {"type": "Point", "coordinates": [139.7741427, 35.6837412]}, "properties": {"id": "place-508", "name": "日本橋", "category": "tourism"}}, {"type": "Feature", "geometry": {"type": "Point", "coordinates": [139.7723084, 35.6896839]}, "properties": {"id": "place-509", "name": "本銀通り", "category": "tourism"}}, {"type": "Feature", "geometry": {"type": "Point", "coordinates": [139.7719657, 35.6931961]}, "properties": {"id": "place-510", "name": "東園", "category": "amenity"}}, {"type": "Feature", "geometry": {"type": "Point", "coordinates": [139.7710541, 35.6907435]}, "properties": {"id": "place-511", "name": "松屋", "category": "amenity"}}, {"type": "Feature", "geometry": {"type": "Point", "coordinates": [139.7741346, 35.6837112]}, "properties": {"id": "place-512", "name": "流れ（タイムカプセル）", "category": "tourism"}}, {"type": "Feature", "geometry": {"type": "Point", "coordinates": [139.7713836, 35.6919359]}, "properties": {"id": "place-513", "name": "神田駅交番", "category": "amenity"}}, {"type": "Feature", "geometry": {"type": "Point", "coordinates": [139.766945, 35.6795705]}, "properties": {"id": "place-514", "name": "T's たんたん", "category": "amenity"}}, {"type": "Feature", "geometry": {"type": "Point", "coordinates": [139.7694525, 35.6827356]}, "properties": {"id": "place-515", "name": "Bain & Company", "category": "office"}}, {"type": "Feature", "geometry": {"type": "Point", "coordinates": [139.7706856, 35.6931719]}, "properties": {"id": "place-516", "name": "東京串焼倶楽部", "category": "amenity"}}, {"type": "Feature", "geometry": {"type": "Point", "coordinates": [139.772263, 35.6907814]}, "properties": {"id": "place-517", "name": "いきなり！ステーキ", "category": "amenity"}}, {"type": "Feature", "geometry": {"type": "Point", "coordinates": [139.7699211, 35.6792654]}, "properties": {"id": "place-518", "name": "スーパーホテルLOHAS", "category": "tourism"}}, {"type": "Feature", "geometry": {"type": "Point", "coordinates": [139.7738292, 35.6872325]}, "properties": {"id": "place-519", "name": "三重テラス", "category": "amenity"}}, {"type": "Feature", "geometry": {"type": "Point", "coordinates": [139.7702332, 35.6908732]}, "properties": {"id": "place-520", "name": "KO-SHIN", "category": "amenity"}}, {"type": "Feature", "geometry": {"type": "Point", "coordinates": [139.7702619, 35.6910202]}, "properties": {"id": "place-521", "name": "日高屋", "category": "amenity"}}, {"type": "Feature", "geometry": {"type": "Point", "coordinates": [139.7702663, 35.6910596]}, "properties": {"id": "place-522", "name": "てもみん", "category": "shop"}}, {"type": "Feature", "geometry": {"type": "Point", "coordinates": [139.773417, 35.6809649]}, "properties": {"id": "place-523", "name": "小倉山莊 日本橋髙島屋店", "category": "shop"}}, {"type": "Feature", "geometry": {"type": "Point", "coordinates": [139.7703362, 35.6784612]}, "properties": {"id": "place-524", "name": "伊勢廣 串燒", "category": "amenity"}}, {"type": "Feature", "geometry": {"type": "Point", "coordinates": [139.7635424, 35.6813047]}, "properties": {"id": "place-525", "name": "harbs", "category": "amenity"}}, {"type": "Feature", "geometry": {"type": "Point", "coordinates": [139.7680596, 35.6797924]}, "properties": {"id": "place-526", "name": "JR高速バスのりば", "category": "amenity"}}, {"type": "Feature", "geometry": {"type": "Point", "coordinates": [139.769303, 35.6905044]}, "properties": {"id": "place-527", "name": "ローソン", "category": "shop"}}, {"type": "Feature", "geometry": {"type": "Point", "coordinates": [139.7686529, 35.6902036]}, "properties": {"id": "place-528", "name": "アズーロ", "category": "amenity"}}, {"type": "Feature", "geometry": {"type": "Point", "coordinates": [139.7751801, 35.6853384]}, "properties": {"id": "place-529", "name": "Bar Louis", "category": "amenity"}}, {"type": "Feature", "geometry": {"type": "Point", "coordinates": [139.7666355, 35.6878347]}, "properties": {"id": "place-530", "name": "ローソン", "category": "shop"}}, {"type": "Feature", "geometry": {"type": "Point", "coordinates": [139.7643138, 35.6856664]}, "properties": {"id": "place-531", "name": "みずほ銀行", "category": "amenity"}}, {"type": "Feature", "geometry": {"type": "Point", "coordinates": [139.7763629, 35.6886367]}, "properties": {"id": "place-532", "name": "小津和紙", "category": "shop"}}, {"type": "Feature", "geometry": {"type": "Point", "coordinates": [139.7770685, 35.6895561]}, "properties": {"id": "place-533", "name": "小倉庵本店", "category": "amenity"}}, {"type": "Feature", "geometry": {"type": "Point", "coordinates": [139.7770725, 35.6895446]}, "properties": {"id": "place-534", "name": "中央堂模型", "category": "shop"}}, {"type": "Feature", "geometry": {"type": "Point", "coordinates": [139.7770034, 35.6893862]}, "properties": {"id": "place-535", "name": "中華はな", "category": "amenity"}}, {"type": "Feature", "geometry": {"type": "Point", "coordinates": [139.7768076, 35.6894412]}, "properties": {"id": "place-536", "name": "Chicken Place", "category": "amenity"}}, {"type": "Feature", "geometry": {"type": "Point", "coordinates": [139.7765344, 35.6891626]}, "properties": {"id": "place-537", "name": "そば処更科", "category": "amenity"}}, {"type": "Feature", "geometry": {"type": "Point", "coordinates": [139.7632652, 35.67913]}, "properties": {"id": "place-538", "name": "新日鐵住金株式会社", "category": "office"}}, {"type": "Feature", "geometry": {"type": "Point", "coordinates": [139.7696216, 35.6816961]}, "properties": {"id": "place-539", "name": "東京駅八重洲北口鉄鋼ビル", "category": "amenity"}}, {"type": "Feature", "geometry": {"type": "Point", "coordinates": [139.7688241, 35.6812599]}, "properties": {"id": "place-540", "name": "大丸", "category": "shop"}}, {"type": "Feature", "geometry": {"type": "Point", "coordinates": [139.7678774, 35.6803754]}, "properties": {"id": "place-541", "name": "東京ラーメンストリート", "category": "amenity"}}, {"type": "Feature", "geometry": {"type": "Point", "coordinates": [139.7644101, 35.679708]}, "properties": {"id": "place-542", "name": "比內雞親子丼", "category": "amenity"}}, {"type": "Feature", "geometry": {"type": "Point", "coordinates": [139.7710843, 35.6787603]}, "properties": {"id": "place-543", "name": "鼻のクリニック東京", "category": "amenity"}}, {"type": "Feature", "geometry": {"type": "Point", "coordinates": [139.7674922, 35.6913458]}, "properties": {"id": "place-544", "name": "松屋", "category": "amenity"}}, {"type": "Feature", "geometry": {"type": "Point", "coordinates": [139.766904, 35.6904301]}, "properties": {"id": "place-545", "name": "小諸そば", "category": "amenity"}}, {"type": "Feature", "geometry": {"type": "Point", "coordinates": [139.7662783, 35.6913742]}, "properties": {"id": "place-546", "name": "大庄水産", "category": "amenity"}}, {"type": "Feature", "geometry": {"type": "Point", "coordinates": [139.7666696, 35.6900979]}, "properties": {"id": "place-547", "name": "Raffine Running Style", "category": "shop"}}, {"type": "Feature", "geometry": {"type": "Point", "coordinates": [139.7642408, 35.6904188]}, "properties": {"id": "place-548", "name": "ゆで太郎", "category": "amenity"}}, {"type": "Feature", "geometry": {"type": "Point", "coordinates": [139.7722923, 35.6908737]}, "properties": {"id": "place-549", "name": "磯丸水産", "category": "amenity"}}, {"type": "Feature", "geometry": {"type": "Point", "coordinates": [139.766844, 35.6813413]}, "properties": {"id": "place-550", "name": "駅弁屋 祭", "category": "shop"}}, {"type": "Feature", "geometry": {"type": "Point", "coordinates": [139.7646546, 35.680135]}, "properties": {"id": "place-551", "name": "東京中央郵便局", "category": "amenity"}}, {"type": "Feature", "geometry": {"type": "Point", "coordinates": [139.7662946, 35.6834274]}, "properties": {"id": "place-552", "name": "Pit ねのひ", "category": "amenity"}}, {"type": "Feature", "geometry": {"type": "Point", "coordinates": [139.7697915, 35.6905259]}, "properties": {"id": "place-553", "name": "Brasserie St Bernardus", "category": "amenity"}}, {"type": "Feature", "geometry": {"type": "Point", "coordinates": [139.7751187, 35.6844153]}, "properties": {"id": "place-554", "name": "たいめいけん", "category": "amenity"}}, {"type": "Feature", "geometry": {"type": "Point", "coordinates": [139.7727874, 35.6835012]}, "properties": {"id": "place-555", "name": "うさぎや 本店", "category": "shop"}}, {"type": "Feature", "geometry": {"type": "Point", "coordinates": [139.7728545, 35.6790424]}, "properties": {"id": "place-556", "name": "西洋料理 島", "category": "amenity"}}, {"type": "Feature", "geometry": {"type": "Point", "coordinates": [139.7707176, 35.6873351]}, "properties": {"id": "place-557", "name": "スター薬局", "category": "amenity"}}, {"type": "Feature", "geometry": {"type": "Point", "coordinates": [139.7654762, 35.686285]}, "properties": {"id": "place-558", "name": "KAITEKI CAFE", "category": "amenity"}}, {"type": "Feature", "geometry": {"type": "Point", "coordinates": [139.7698336, 35.6910029]}, "properties": {"id": "place-559", "name": "ファミリーマート", "category": "shop"}}, {"type": "Feature", "geometry": {"type": "Point", "coordinates": [139.7693166, 35.6910567]}, "properties": {"id": "place-560", "name": "神田ラーメンわいず", "category": "amenity"}}, {"type": "Feature", "geometry": {"type": "Point", "coordinates": [139.7627673, 35.6942439]}, "properties": {"id": "place-561", "name": "BURTON", "category": "shop"}}, {"type": "Feature", "geometry": {"type": "Point", "coordinates": [139.764183, 35.6941505]}, "properties": {"id": "place-562", "name": "FUSO", "category": "shop"}}, {"type": "Feature", "geometry": {"type": "Point", "coordinates": [139.7647599, 35.6942482]}, "properties": {"id": "place-563", "name": "Vail", "category": "shop"}}, {"type": "Feature", "geometry": {"type": "Point", "coordinates": [139.7649625, 35.69502]}, "properties": {"id": "place-564", "name": "大戸屋", "category": "amenity"}}, {"type": "Feature", "geometry": {"type": "Point", "coordinates": [139.7645438, 35.6946796]}, "properties": {"id": "place-565", "name": "吉野家", "category": "amenity"}}, {"type": "Feature", "geometry": {"type": "Point", "coordinates": [139.7748976, 35.6869786]}, "properties": {"id": "place-566", "name": "TOHOシネマズ日本橋", "category": "amenity"}}, {"type": "Feature", "geometry": {"type": "Point", "coordinates": [139.769461, 35.6890302]}, "properties": {"id": "place-567", "name": "なみへい", "category": "amenity"}}, {"type": "Feature", "geometry": {"type": "Point", "coordinates": [139.7743971, 35.6826862]}, "properties": {"id": "place-568", "name": "Maison Kayser", "category": "amenity"}}, {"type": "Feature", "geometry": {"type": "Point", "coordinates": [139.767265, 35.694273]}, "properties": {"id": "place-569", "name": "主水", "category": "amenity"}}, {"type": "Feature", "geometry": {"type": "Point", "coordinates": [139.7660515, 35.6921978]}, "properties": {"id": "place-570", "name": "ビリヤニ大澤", "category": "amenity"}}, {"type": "Feature", "geometry": {"type": "Point", "coordinates": [139.7672768, 35.6934334]}, "properties": {"id": "place-571", "name": "クラフトビールマーケット", "category": "amenity"}}, {"type": "Feature", "geometry": {"type": "Point", "coordinates": [139.7635172, 35.6924451]}, "properties": {"id": "place-572", "name": "米本珈琲", "category": "amenity"}}, {"type": "Feature", "geometry": {"type": "Point", "coordinates": [139.767286, 35.6942128]}, "properties": {"id": "place-573", "name": "土風炉", "category": "amenity"}}, {"type": "Feature", "geometry": {"type": "Point", "coordinates": [139.7637844, 35.6927323]}, "properties": {"id": "place-574", "name": "龍岡", "category": "amenity"}}, {"type": "Feature", "geometry": {"type": "Point", "coordinates": [139.7676245, 35.6951182]}, "properties": {"id": "place-575", "name": "北谷食堂", "category": "amenity"}}, {"type": "Feature", "geometry": {"type": "Point", "coordinates": [139.767656, 35.6947281]}, "properties": {"id": "place-576", "name": "ヒューメックス", "category": "shop"}}, {"type": "Feature", "geometry": {"type": "Point", "coordinates": [139.7676178, 35.6947019]}, "properties": {"id": "place-577", "name": "旬菜坊ちょいす", "category": "amenity"}}, {"type": "Feature", "geometry": {"type": "Point", "coordinates": [139.7676225, 35.6947204]}, "properties": {"id": "place-578", "name": "三菱UFJ銀行", "category": "amenity"}}, {"type": "Feature", "geometry": {"type": "Point", "coordinates": [139.7676218, 35.6948086]}, "properties": {"id": "place-579", "name": "ビッグヴィジョン", "category": "shop"}}, {"type": "Feature", "geometry": {"type": "Point", "coordinates": [139.7676339, 35.6950385]}, "properties": {"id": "place-580", "name": "天兵", "category": "amenity"}}, {"type": "Feature", "geometry": {"type": "Point", "coordinates": [139.7676312, 35.6950744]}, "properties": {"id": "place-581", "name": "中国菜館興安楼", "category": "amenity"}}, {"type": "Feature", "geometry": {"type": "Point", "coordinates": [139.7676332, 35.6932669]}, "properties": {"id": "place-582", "name": "Asian FuFu", "category": "amenity"}}, {"type": "Feature", "geometry": {"type": "Point", "coordinates": [139.7676531, 35.6928983]}, "properties": {"id": "place-583", "name": "食鳥肉専門店 若どり屋", "category": "amenity"}}, {"type": "Feature", "geometry": {"type": "Point", "coordinates": [139.7651732, 35.6796222]}, "properties": {"id": "place-584", "name": "根室花まる", "category": "amenity"}}, {"type": "Feature", "geometry": {"type": "Point", "coordinates": [139.7624793, 35.6785163]}, "properties": {"id": "place-585", "name": "ECHIRE MAISON DU BEURRE", "category": "shop"}}, {"type": "Feature", "geometry": {"type": "Point", "coordinates": [139.7614803, 35.6850088]}, "properties": {"id": "place-586", "name": "The Palace Lounge", "category": "amenity"}}, {"type": "Feature", "geometry": {"type": "Point", "coordinates": [139.7704295, 35.6915101]}, "properties": {"id": "place-587", "name": "吉そば神田店", "category": "amenity"}}, {"type": "Feature", "geometry": {"type": "Point", "coordinates": [139.7720575, 35.678839]}, "properties": {"id": "place-588", "name": "Liquors Hasegawa", "category": "shop"}}, {"type": "Feature", "geometry": {"type": "Point", "coordinates": [139.7678571, 35.6934046]}, "properties": {"id": "place-589", "name": "ばんざい手豆や", "category": "amenity"}}, {"type": "Feature", "geometry": {"type": "Point", "coordinates": [139.7632246, 35.6925104]}, "properties": {"id": "place-590", "name": "ラーメンの龍岡", "category": "amenity"}}, {"type": "Feature", "geometry": {"type": "Point", "coordinates": [139.7638301, 35.6927295]}, "properties": {"id": "place-591", "name": "江戸や", "category": "amenity"}}, {"type": "Feature", "geometry": {"type": "Point", "coordinates": [139.7662519, 35.6921625]}, "properties": {"id": "place-592", "name": "ゆうパックステーション", "category": "office"}}, {"type": "Feature", "geometry": {"type": "Point", "coordinates": [139.7671558, 35.6920732]}, "properties": {"id": "place-593", "name": "はんこ広場", "category": "shop"}}, {"type": "Feature", "geometry": {"type": "Point", "coordinates": [139.7673047, 35.6932255]}, "properties": {"id": "place-594", "name": "Bar Orchard Knight", "category": "amenity"}}, {"type": "Feature", "geometry": {"type": "Point", "coordinates": [139.774287, 35.6930367]}, "properties": {"id": "place-595", "name": "興産信用金庫", "category": "amenity"}}, {"type": "Feature", "geometry": {"type": "Point", "coordinates": [139.7725741, 35.6890798]}, "properties": {"id": "place-596", "name": "日本橋ふくしま館 MIDETTE", "category": "amenity"}}, {"type": "Feature", "geometry": {"type": "Point", "coordinates": [139.7660727, 35.6870715]}, "properties": {"id": "place-597", "name": "イリアッド・ジャパン", "category": "tourism"}}, {"type": "Feature", "geometry": {"type": "Point", "coordinates": [139.7740052, 35.6819332]}, "properties": {"id": "place-598", "name": "エクイニクス・ジャパン東京", "category": "office"}}, {"type": "Feature", "geometry": {"type": "Point", "coordinates": [139.7626199, 35.678632]}, "properties": {"id": "place-599", "name": "エシレメゾンデュブール", "category": "amenity"}}, {"type": "Feature", "geometry": {"type": "Point", "coordinates": [139.7724147, 35.6937064]}, "properties": {"id": "place-600", "name": "カラシビ味噌らー麺 鬼金棒", "category": "amenity"}}, {"type": "Feature", "geometry": {"type": "Point", "coordinates": [139.7652392, 35.6773492]}, "properties": {"id": "place-601", "name": "鍛冶屋文蔵", "category": "amenity"}}, {"type": "Feature", "geometry": {"type": "Point", "coordinates": [139.7659859, 35.6793863]}, "properties": {"id": "place-602", "name": "はとマルシェ", "category": "shop"}}, {"type": "Feature", "geometry": {"type": "Point", "coordinates": [139.7656122, 35.6783489]}, "properties": {"id": "place-603", "name": "焼肉　吟次郎", "category": "amenity"}}, {"type": "Feature", "geometry": {"type": "Point", "coordinates": [139.7654023, 35.6777992]}, "properties": {"id": "place-604", "name": "KoKo", "category": "amenity"}}, {"type": "Feature", "geometry": {"type": "Point", "coordinates": [139.76591, 35.6789547]}, "properties": {"id": "place-605", "name": "築地活鮮市場", "category": "amenity"}}, {"type": "Feature", "geometry": {"type": "Point", "coordinates": [139.7655036, 35.6780522]}, "properties": {"id": "place-606", "name": "屋台屋 博多劇場", "category": "amenity"}}, {"type": "Feature", "geometry": {"type": "Point", "coordinates": [139.7632425, 35.686791]}, "properties": {"id": "place-607", "name": "TOWER OF CONNECT", "category": "tourism"}}, {"type": "Feature", "geometry": {"type": "Point", "coordinates": [139.7609704, 35.6858357]}, "properties": {"id": "place-608", "name": "今日の東御苑", "category": "tourism"}}, {"type": "Feature", "geometry": {"type": "Point", "coordinates": [139.7627788, 35.6868984]}, "properties": {"id": "place-609", "name": "大手町", "category": "railway", "ref": "C6a"}}, {"type": "Feature", "geometry": {"type": "Point", "coordinates": [139.7580845, 35.6859282]}, "properties": {"id": "place-610", "name": "百人番所", "category": "tourism"}}, {"type": "Feature", "geometry": {"type": "Point", "coordinates": [139.758291, 35.6862773]}, "properties": {"id": "place-611", "name": "同心番所", "category": "tourism"}}, {"type": "Feature", "geometry": {"type": "Point", "coordinates": [139.7578925, 35.6868712]}, "properties": {"id": "place-612", "name": "新雑木林", "category": "tourism"}}, {"type": "Feature", "geometry": {"type": "Point", "coordinates": [139.7575638, 35.6868018]}, "properties": {"id": "place-613", "name": "二の丸雑木林", "category": "tourism"}}, {"type": "Feature", "geometry": {"type": "Point", "coordinates": [139.7565705, 35.6875795]}, "properties": {"id": "place-614", "name": "汐見坂", "category": "tourism"}}, {"type": "Feature", "geometry": {"type": "Point", "coordinates": [139.7574748, 35.688194]}, "properties": {"id": "place-615", "name": "都道府県の木", "category": "tourism"}}, {"type": "Feature", "geometry": {"type": "Point", "coordinates": [139.7691229, 35.6832221]}, "properties": {"id": "place-616", "name": "Bellmart kiosk", "category": "shop"}}, {"type": "Feature", "geometry": {"type": "Point", "coordinates": [139.7676601, 35.6932844]}, "properties": {"id": "place-617", "name": "牛辛麺", "category": "amenity"}}, {"type": "Feature", "geometry": {"type": "Point", "coordinates": [139.7676453, 35.6928865]}, "properties": {"id": "place-618", "name": "神田司町歯科", "category": "amenity"}}, {"type": "Feature", "geometry": {"type": "Point", "coordinates": [139.7683015, 35.6930306]}, "properties": {"id": "place-619", "name": "アフタースクールさくら", "category": "amenity"}}, {"type": "Feature", "geometry": {"type": "Point", "coordinates": [139.7682197, 35.6933908]}, "properties": {"id": "place-620", "name": "マミーズエンジェル千代田保育園", "category": "amenity"}}, {"type": "Feature", "geometry": {"type": "Point", "coordinates": [139.7678393, 35.6923674]}, "properties": {"id": "place-621", "name": "小鉢料理そらみち", "category": "amenity"}}, {"type": "Feature", "geometry": {"type": "Point", "coordinates": [139.7678363, 35.6923773]}, "properties": {"id": "place-622", "name": "ヘアーサロンセキネ", "category": "shop"}}, {"type": "Feature", "geometry": {"type": "Point", "coordinates": [139.7679342, 35.6924133]}, "properties": {"id": "place-623", "name": "骨董 珍凰堂", "category": "shop"}}, {"type": "Feature", "geometry": {"type": "Point", "coordinates": [139.7678067, 35.6919962]}, "properties": {"id": "place-624", "name": "武蔵野銀行", "category": "amenity"}}, {"type": "Feature", "geometry": {"type": "Point", "coordinates": [139.7672497, 35.6920792]}, "properties": {"id": "place-625", "name": "司園", "category": "shop"}}, {"type": "Feature", "geometry": {"type": "Point", "coordinates": [139.7676654, 35.6925655]}, "properties": {"id": "place-626", "name": "エヌ・エス・ティ株式会社", "category": "office"}}, {"type": "Feature", "geometry": {"type": "Point", "coordinates": [139.767255, 35.6919958]}, "properties": {"id": "place-627", "name": "ゆで太郎", "category": "amenity"}}, {"type": "Feature", "geometry": {"type": "Point", "coordinates": [139.7672365, 35.6930275]}, "properties": {"id": "place-628", "name": "楽宴", "category": "amenity"}}, {"type": "Feature", "geometry": {"type": "Point", "coordinates": [139.7676277, 35.6929156]}, "properties": {"id": "place-629", "name": "弁護士事務所アーバンフォレスト", "category": "office"}}, {"type": "Feature", "geometry": {"type": "Point", "coordinates": [139.7671357, 35.6934869]}, "properties": {"id": "place-630", "name": "月光食堂", "category": "amenity"}}, {"type": "Feature", "geometry": {"type": "Point", "coordinates": [139.767255, 35.6934771]}, "properties": {"id": "place-631", "name": "さとう歯科クリニック", "category": "amenity"}}, {"type": "Feature", "geometry": {"type": "Point", "coordinates": [139.7665114, 35.6936285]}, "properties": {"id": "place-632", "name": "外記接骨院", "category": "shop"}}, {"type": "Feature", "geometry": {"type": "Point", "coordinates": [139.7664919, 35.693622]}, "properties": {"id": "place-633", "name": "ジャーマン", "category": "amenity"}}, {"type": "Feature", "geometry": {"type": "Point", "coordinates": [139.7664484, 35.6935425]}, "properties": {"id": "place-634", "name": "新開金物店", "category": "shop"}}, {"type": "Feature", "geometry": {"type": "Point", "coordinates": [139.7665161, 35.6935414]}, "properties": {"id": "place-635", "name": "ニコ丸弁当", "category": "amenity"}}, {"type": "Feature", "geometry": {"type": "Point", "coordinates": [139.7665778, 35.6935577]}, "properties": {"id": "place-636", "name": "シートランクルーム神田", "category": "shop"}}, {"type": "Feature", "geometry": {"type": "Point", "coordinates": [139.7665778, 35.6935234]}, "properties": {"id": "place-637", "name": "つちのと", "category": "amenity"}}, {"type": "Feature", "geometry": {"type": "Point", "coordinates": [139.7666703, 35.6934984]}, "properties": {"id": "place-638", "name": "portera", "category": "amenity"}}, {"type": "Feature", "geometry": {"type": "Point", "coordinates": [139.7666784, 35.6935131]}, "properties": {"id": "place-639", "name": "Jazz Bar Gugan", "category": "amenity"}}, {"type": "Feature", "geometry": {"type": "Point", "coordinates": [139.7667203, 35.6936073]}, "properties": {"id": "place-640", "name": "牛正", "category": "amenity"}}, {"type": "Feature", "geometry": {"type": "Point", "coordinates": [139.7667507, 35.6936024]}, "properties": {"id": "place-641", "name": "ぢどり屋", "category": "amenity"}}, {"type": "Feature", "geometry": {"type": "Point", "coordinates": [139.7667612, 35.6935657]}, "properties": {"id": "place-642", "name": "季節料理 あい川", "category": "amenity"}}, {"type": "Feature", "geometry": {"type": "Point", "coordinates": [139.7681828, 35.6928901]}, "properties": {"id": "place-643", "name": "千代田区総合防災案内板", "category": "tourism"}}, {"type": "Feature", "geometry": {"type": "Point", "coordinates": [139.7681881, 35.6928782]}, "properties": {"id": "place-644", "name": "千代田区からのお知らせ", "category": "tourism"}}, {"type": "Feature", "geometry": {"type": "Point", "coordinates": [139.768293, 35.6928957]}, "properties": {"id": "place-645", "name": "教育研究所 児童・家庭支援センター さくらキッズ", "category": "tourism"}}, {"type": "Feature", "geometry": {"type": "Point", "coordinates": [139.7683265, 35.692996]}, "properties": {"id": "place-646", "name": "教育研究所 児童・家庭支援センター さくらキッズ", "category": "amenity"}}, {"type": "Feature", "geometry": {"type": "Point", "coordinates": [139.7627113, 35.6786412]}, "properties": {"id": "place-647", "name": "PASS THE BATON MARUNOUCHI", "category": "shop"}}, {"type": "Feature", "geometry": {"type": "Point", "coordinates": [139.7747624, 35.6824125]}, "properties": {"id": "place-648", "name": "とんかつと豚肉料理 平田牧場 COREDO", "category": "amenity"}}, {"type": "Feature", "geometry": {"type": "Point", "coordinates": [139.7622291, 35.6869395]}, "properties": {"id": "place-649", "name": "丸の内パークイン", "category": "amenity"}}, {"type": "Feature", "geometry": {"type": "Point", "coordinates": [139.7590675, 35.686115]}, "properties": {"id": "place-650", "name": "苑内ご案内", "category": "tourism"}}, {"type": "Feature", "geometry": {"type": "Point", "coordinates": [139.7620556, 35.6868688]}, "properties": {"id": "place-651", "name": "Le Poulet", "category": "amenity"}}, {"type": "Feature", "geometry": {"type": "Point", "coordinates": [139.7600785, 35.6859046]}, "properties": {"id": "place-652", "name": "大手門", "category": "tourism"}}, {"type": "Feature", "geometry": {"type": "Point", "coordinates": [139.7573543, 35.6863641]}, "properties": {"id": "place-653", "name": "白鳥濠", "category": "tourism"}}, {"type": "Feature", "geometry": {"type": "Point", "coordinates": [139.7573738, 35.6868008]}, "properties": {"id": "place-654", "name": "二の丸雑木林", "category": "tourism"}}, {"type": "Feature", "geometry": {"type": "Point", "coordinates": [139.7640867, 35.6810352]}, "properties": {"id": "place-655", "name": "ブルームバーグLP", "category": "office"}}, {"type": "Feature", "geometry": {"type": "Point", "coordinates": [139.7587484, 35.6900994]}, "properties": {"id": "place-656", "name": "竹橋", "category": "railway"}}, {"type": "Feature", "geometry": {"type": "Point", "coordinates": [139.7744933, 35.6822079]}, "properties": {"id": "place-657", "name": "日本橋", "category": "railway"}}, {"type": "Feature", "geometry": {"type": "Point", "coordinates": [139.7626637, 35.6840162]}, "properties": {"id": "place-658", "name": "大手町", "category": "railway"}}, {"type": "Feature", "geometry": {"type": "Point", "coordinates": [139.7652324, 35.6830306]}, "properties": {"id": "place-659", "name": "東京駅", "category": "railway", "ref": "M10"}}, {"type": "Feature", "geometry": {"type": "Point", "coordinates": [139.7748426, 35.6825055]}, "properties": {"id": "place-660", "name": "BofA証券", "category": "office"}}, {"type": "Feature", "geometry": {"type": "Point", "coordinates": [139.7583675, 35.6873777]}, "properties": {"id": "place-661", "name": "菖蒲田", "category": "tourism"}}, {"type": "Feature", "geometry": {"type": "Point", "coordinates": [139.7579274, 35.6878462]}, "properties": {"id": "place-662", "name": "二の丸庭園", "category": "tourism"}}, {"type": "Feature", "geometry": {"type": "Point", "coordinates": [139.7581811, 35.6870869]}, "properties": {"id": "place-663", "name": "新雑木林の野草", "category": "tourism"}}, {"type": "Feature", "geometry": {"type": "Point", "coordinates": [139.758334, 35.6879273]}, "properties": {"id": "place-664", "name": "諏訪の茶屋", "category": "tourism"}}, {"type": "Feature", "geometry": {"type": "Point", "coordinates": [139.7611383, 35.6917612]}, "properties": {"id": "place-665", "name": "Dental office", "category": "amenity"}}, {"type": "Feature", "geometry": {"type": "Point", "coordinates": [139.7608938, 35.6933189]}, "properties": {"id": "place-666", "name": "Good morning café", "category": "amenity"}}, {"type": "Feature", "geometry": {"type": "Point", "coordinates": [139.7596656, 35.6917691]}, "properties": {"id": "place-667", "name": "Una casita", "category": "amenity"}}, {"type": "Feature", "geometry": {"type": "Point", "coordinates": [139.7578485, 35.6894837]}, "properties": {"id": "place-668", "name": "皇居東御苑と天皇皇后両陛下", "category": "tourism"}}, {"type": "Feature", "geometry": {"type": "Point", "coordinates": [139.7613, 35.6937778]}, "properties": {"id": "place-669", "name": "Glitch", "category": "amenity"}}, {"type": "Feature", "geometry": {"type": "Point", "coordinates": [139.7602439, 35.691969]}, "properties": {"id": "place-670", "name": "ボルツ", "category": "amenity"}}, {"type": "Feature", "geometry": {"type": "Point", "coordinates": [139.7603534, 35.6919672]}, "properties": {"id": "place-671", "name": "にしき家", "category": "amenity"}}, {"type": "Feature", "geometry": {"type": "Point", "coordinates": [139.7601213, 35.6920705]}, "properties": {"id": "place-672", "name": "金福源", "category": "amenity"}}, {"type": "Feature", "geometry": {"type": "Point", "coordinates": [139.7594838, 35.6914638]}, "properties": {"id": "place-673", "name": "ほっともっと", "category": "amenity"}}, {"type": "Feature", "geometry": {"type": "Point", "coordinates": [139.7608747, 35.6927668]}, "properties": {"id": "place-674", "name": "HAPPY COOKING", "category": "amenity"}}, {"type": "Feature", "geometry": {"type": "Point", "coordinates": [139.761835, 35.6864144]}, "properties": {"id": "place-675", "name": "3×3 Lab Future", "category": "amenity"}}, {"type": "Feature", "geometry": {"type": "Point", "coordinates": [139.7619335, 35.6870061]}, "properties": {"id": "place-676", "name": "ホトリア広場 - 人とまちと自然をつなぐ -", "category": "tourism"}}, {"type": "Feature", "geometry": {"type": "Point", "coordinates": [139.7614453, 35.6930375]}, "properties": {"id": "place-677", "name": "そば処 丸屋", "category": "amenity"}}, {"type": "Feature", "geometry": {"type": "Point", "coordinates": [139.7612626, 35.6890141]}, "properties": {"id": "place-678", "name": "いのち", "category": "tourism"}}, {"type": "Feature", "geometry": {"type": "Point", "coordinates": [139.7612423, 35.6831073]}, "properties": {"id": "place-679", "name": "無料休憩所", "category": "amenity"}}, {"type": "Feature", "geometry": {"type": "Point", "coordinates": [139.7614838, 35.6860971]}, "properties": {"id": "place-680", "name": "市内最初の並木", "category": "tourism"}}, {"type": "Feature", "geometry": {"type": "Point", "coordinates": [139.7649382, 35.677554]}, "properties": {"id": "place-681", "name": "千代田区エリアマップ", "category": "tourism"}}, {"type": "Feature", "geometry": {"type": "Point", "coordinates": [139.7688812, 35.6864481]}, "properties": {"id": "place-682", "name": "ups pick up location", "category": "amenity"}}, {"type": "Feature", "geometry": {"type": "Point", "coordinates": [139.7612081, 35.6829556]}, "properties": {"id": "place-683", "name": "スターバックス", "category": "amenity"}}, {"type": "Feature", "geometry": {"type": "Point", "coordinates": [139.7631015, 35.6856363]}, "properties": {"id": "place-684", "name": "千代田区エリアマップ", "category": "tourism"}}, {"type": "Feature", "geometry": {"type": "Point", "coordinates": [139.7612858, 35.6834386]}, "properties": {"id": "place-685", "name": "和田倉噴水公園", "category": "tourism"}}, {"type": "Feature", "geometry": {"type": "Point", "coordinates": [139.7712159, 35.6800242]}, "properties": {"id": "place-686", "name": "多奈か", "category": "amenity"}}, {"type": "Feature", "geometry": {"type": "Point", "coordinates": [139.7704611, 35.6834598]}, "properties": {"id": "place-687", "name": "鉄鋼ビル郵便局", "category": "amenity"}}, {"type": "Feature", "geometry": {"type": "Point", "coordinates": [139.7562635, 35.6853164]}, "properties": {"id": "place-688", "name": "果樹古品種園 (東)", "category": "tourism"}}, {"type": "Feature", "geometry": {"type": "Point", "coordinates": [139.756194, 35.6852685]}, "properties": {"id": "place-689", "name": "果樹古品種園 (西)", "category": "tourism"}}, {"type": "Feature", "geometry": {"type": "Point", "coordinates": [139.7569407, 35.6877419]}, "properties": {"id": "place-690", "name": "梅林坂・汐見坂間石垣", "category": "tourism"}}, {"type": "Feature", "geometry": {"type": "Point", "coordinates": [139.765747, 35.679007]}, "properties": {"id": "place-691", "name": "はとバス東京営業所", "category": "tourism"}}, {"type": "Feature", "geometry": {"type": "Point", "coordinates": [139.7701276, 35.6799925]}, "properties": {"id": "place-692", "name": "Bubby's burger", "category": "amenity"}}, {"type": "Feature", "geometry": {"type": "Point", "coordinates": [139.7678456, 35.6797656]}, "properties": {"id": "place-693", "name": "マクドナルド", "category": "amenity"}}, {"type": "Feature", "geometry": {"type": "Point", "coordinates": [139.7689847, 35.6894781]}, "properties": {"id": "place-694", "name": "Coffee House LOFT", "category": "amenity"}}, {"type": "Feature", "geometry": {"type": "Point", "coordinates": [139.7690473, 35.6895171]}, "properties": {"id": "place-695", "name": "トーセイホテル ココネ神田", "category": "tourism"}}, {"type": "Feature", "geometry": {"type": "Point", "coordinates": [139.7677057, 35.6841096]}, "properties": {"id": "place-696", "name": "ビア・チムニー", "category": "amenity"}}, {"type": "Feature", "geometry": {"type": "Point", "coordinates": [139.7691983, 35.6822284]}, "properties": {"id": "place-697", "name": "Shangri-La", "category": "tourism"}}, {"type": "Feature", "geometry": {"type": "Point", "coordinates": [139.7575042, 35.6855287]}, "properties": {"id": "place-698", "name": "大番所", "category": "tourism"}}, {"type": "Feature", "geometry": {"type": "Point", "coordinates": [139.7595946, 35.6861957]}, "properties": {"id": "place-699", "name": "皇居東御苑と天皇皇后両陛下", "category": "tourism"}}, {"type": "Feature", "geometry": {"type": "Point", "coordinates": [139.760925, 35.6858013]}, "properties": {"id": "place-700", "name": "大手門", "category": "tourism"}}, {"type": "Feature", "geometry": {"type": "Point", "coordinates": [139.7565966, 35.6845203]}, "properties": {"id": "place-701", "name": "富士見櫓の修理", "category": "tourism"}}, {"type": "Feature", "geometry": {"type": "Point", "coordinates": [139.7565872, 35.6844414]}, "properties": {"id": "place-702", "name": "富士見櫓の防御設備", "category": "tourism"}}, {"type": "Feature", "geometry": {"type": "Point", "coordinates": [139.7563666, 35.6844912]}, "properties": {"id": "place-703", "name": "富士見櫓からの眺望", "category": "tourism"}}, {"type": "Feature", "geometry": {"type": "Point", "coordinates": [139.7563599, 35.6845034]}, "properties": {"id": "place-704", "name": "富士見櫓の概要", "category": "tourism"}}, {"type": "Feature", "geometry": {"type": "Point", "coordinates": [139.7563079, 35.6846521]}, "properties": {"id": "place-705", "name": "富士見櫓", "category": "tourism"}}, {"type": "Feature", "geometry": {"type": "Point", "coordinates": [139.7568192, 35.6850644]}, "properties": {"id": "place-706", "name": "中雀門跡", "category": "tourism"}}, {"type": "Feature", "geometry": {"type": "Point", "coordinates": [139.756378, 35.6864574]}, "properties": {"id": "place-707", "name": "皇居東御苑 案内図", "category": "tourism"}}, {"type": "Feature", "geometry": {"type": "Point", "coordinates": [139.7564967, 35.687023]}, "properties": {"id": "place-708", "name": "ツバキ園", "category": "tourism"}}, {"type": "Feature", "geometry": {"type": "Point", "coordinates": [139.7582321, 35.6901641]}, "properties": {"id": "place-709", "name": "平川門", "category": "tourism"}}, {"type": "Feature", "geometry": {"type": "Point", "coordinates": [139.7577144, 35.6895168]}, "properties": {"id": "place-710", "name": "平川門", "category": "tourism"}}, {"type": "Feature", "geometry": {"type": "Point", "coordinates": [139.757177, 35.6881008]}, "properties": {"id": "place-711", "name": "二の丸雑木林", "category": "tourism"}}, {"type": "Feature", "geometry": {"type": "Point", "coordinates": [139.7574412, 35.6866619]}, "properties": {"id": "place-712", "name": "皇居正門石橋旧飾電燈", "category": "tourism"}}, {"type": "Feature", "geometry": {"type": "Point", "coordinates": [139.7577251, 35.6858493]}, "properties": {"id": "place-713", "name": "本丸中之門石垣", "category": "tourism"}}, {"type": "Feature", "geometry": {"type": "Point", "coordinates": [139.7648215, 35.6910808]}, "properties": {"id": "place-714", "name": "ローソン", "category": "shop"}}, {"type": "Feature", "geometry": {"type": "Point", "coordinates": [139.769512, 35.678192]}, "properties": {"id": "place-715", "name": "理容室Honu", "category": "shop"}}, {"type": "Feature", "geometry": {"type": "Point", "coordinates": [139.7695979, 35.678131]}, "properties": {"id": "place-716", "name": "荒川医院", "category": "amenity"}}, {"type": "Feature", "geometry": {"type": "Point", "coordinates": [139.7679812, 35.6803543]}, "properties": {"id": "place-717", "name": "ソラノイロNIPPON", "category": "amenity"}}, {"type": "Feature", "geometry": {"type": "Point", "coordinates": [139.7699752, 35.6920088]}, "properties": {"id": "place-718", "name": "盛太郎", "category": "amenity"}}, {"type": "Feature", "geometry": {"type": "Point", "coordinates": [139.7625168, 35.6931536]}, "properties": {"id": "place-719", "name": "ローソン", "category": "shop"}}, {"type": "Feature", "geometry": {"type": "Point", "coordinates": [139.7688646, 35.6826597]}, "properties": {"id": "place-720", "name": "ポケモンセンター", "category": "shop"}}, {"type": "Feature", "geometry": {"type": "Point", "coordinates": [139.7743669, 35.6804441]}, "properties": {"id": "place-721", "name": "ポケモンカフェ", "category": "amenity"}}, {"type": "Feature", "geometry": {"type": "Point", "coordinates": [139.7744125, 35.6805346]}, "properties": {"id": "place-722", "name": "ポケモンセンター", "category": "shop"}}, {"type": "Feature", "geometry": {"type": "Point", "coordinates": [139.7680107, 35.6805218]}, "properties": {"id": "place-723", "name": "ジャンプショップ", "category": "shop"}}, {"type": "Feature", "geometry": {"type": "Point", "coordinates": [139.76836, 35.6813502]}, "properties": {"id": "place-724", "name": "トミカ", "category": "shop"}}, {"type": "Feature", "geometry": {"type": "Point", "coordinates": [139.7633056, 35.6807561]}, "properties": {"id": "place-725", "name": "ナチュラルローソン", "category": "shop"}}, {"type": "Feature", "geometry": {"type": "Point", "coordinates": [139.7741046, 35.6878596]}, "properties": {"id": "place-726", "name": "ファミリーマート", "category": "shop"}}, {"type": "Feature", "geometry": {"type": "Point", "coordinates": [139.7755393, 35.685457]}, "properties": {"id": "place-727", "name": "Kaneko Hannosuke", "category": "amenity"}}, {"type": "Feature", "geometry": {"type": "Point", "coordinates": [139.7627845, 35.6885507]}, "properties": {"id": "place-728", "name": "FIS Global", "category": "office"}}, {"type": "Feature", "geometry": {"type": "Point", "coordinates": [139.7744211, 35.6881826]}, "properties": {"id": "place-729", "name": "お江戸日本橋亭", "category": "amenity"}}, {"type": "Feature", "geometry": {"type": "Point", "coordinates": [139.7756693, 35.6884593]}, "properties": {"id": "place-730", "name": "第一三共くすりミュージアム", "category": "tourism"}}, {"type": "Feature", "geometry": {"type": "Point", "coordinates": [139.7711301, 35.6815494]}, "properties": {"id": "place-731", "name": "八重洲ターミナルホテル", "category": "tourism"}}, {"type": "Feature", "geometry": {"type": "Point", "coordinates": [139.7654014, 35.6949481]}, "properties": {"id": "place-732", "name": "しんぱち食堂", "category": "amenity"}}, {"type": "Feature", "geometry": {"type": "Point", "coordinates": [139.7622454, 35.6888749]}, "properties": {"id": "place-733", "name": "日経ホール", "category": "amenity"}}, {"type": "Feature", "geometry": {"type": "Point", "coordinates": [139.7741482, 35.6837275]}, "properties": {"id": "place-734", "name": "日本の道100選　中央通り", "category": "tourism"}}, {"type": "Feature", "geometry": {"type": "Point", "coordinates": [139.7741577, 35.6837584]}, "properties": {"id": "place-735", "name": "日本橋由来記", "category": "tourism"}}, {"type": "Feature", "geometry": {"type": "Point", "coordinates": [139.7744239, 35.6844722]}, "properties": {"id": "place-736", "name": "日本国道路元標", "category": "tourism"}}, {"type": "Feature", "geometry": {"type": "Point", "coordinates": [139.76546, 35.6940337]}, "properties": {"id": "place-737", "name": "新橋やきとん", "category": "amenity"}}, {"type": "Feature", "geometry": {"type": "Point", "coordinates": [139.7692152, 35.6915035]}, "properties": {"id": "place-738", "name": "珈琲専門店 エース", "category": "amenity"}}, {"type": "Feature", "geometry": {"type": "Point", "coordinates": [139.7689576, 35.6897933]}, "properties": {"id": "place-739", "name": "神田もつ焼センターえん", "category": "amenity"}}, {"type": "Feature", "geometry": {"type": "Point", "coordinates": [139.7707839, 35.6920247]}, "properties": {"id": "place-740", "name": "セブン-イレブン", "category": "shop"}}, {"type": "Feature", "geometry": {"type": "Point", "coordinates": [139.7707354, 35.6924314]}, "properties": {"id": "place-741", "name": "自遊空間", "category": "amenity"}}, {"type": "Feature", "geometry": {"type": "Point", "coordinates": [139.7750071, 35.6809971]}, "properties": {"id": "place-742", "name": "ますたにラーメン", "category": "amenity"}}, {"type": "Feature", "geometry": {"type": "Point", "coordinates": [139.7749612, 35.6826412]}, "properties": {"id": "place-743", "name": "名水白水屋の井戸", "category": "tourism"}}, {"type": "Feature", "geometry": {"type": "Point", "coordinates": [139.7749356, 35.6826495]}, "properties": {"id": "place-744", "name": "漱石名作の舞台", "category": "tourism"}}, {"type": "Feature", "geometry": {"type": "Point", "coordinates": [139.7742563, 35.6859945]}, "properties": {"id": "place-745", "name": "三越前 A4", "category": "railway", "ref": "A4"}}, {"type": "Feature", "geometry": {"type": "Point", "coordinates": [139.7736859, 35.6860727]}, "properties": {"id": "place-746", "name": "三越前 A5", "category": "railway", "ref": "A5"}}, {"type": "Feature", "geometry": {"type": "Point", "coordinates": [139.773569, 35.6866043]}, "properties": {"id": "place-747", "name": "三越前 A7", "category": "railway", "ref": "A7"}}, {"type": "Feature", "geometry": {"type": "Point", "coordinates": [139.77331, 35.6872979]}, "properties": {"id": "place-748", "name": "三越前 A8", "category": "railway", "ref": "A8"}}, {"type": "Feature", "geometry": {"type": "Point", "coordinates": [139.7735478, 35.6876813]}, "properties": {"id": "place-749", "name": "Mitsukoshimae A10", "category": "railway", "ref": "A10"}}, {"type": "Feature", "geometry": {"type": "Point", "coordinates": [139.7736753, 35.6874595]}, "properties": {"id": "place-750", "name": "三越前A10", "category": "railway", "ref": "A10"}}, {"type": "Feature", "geometry": {"type": "Point", "coordinates": [139.7740574, 35.6854925]}, "properties": {"id": "place-751", "name": "三越前 A3", "category": "railway", "ref": "A3"}}, {"type": "Feature", "geometry": {"type": "Point", "coordinates": [139.7742403, 35.6851047]}, "properties": {"id": "place-752", "name": "三越前 A2", "category": "railway", "ref": "A2"}}, {"type": "Feature", "geometry": {"type": "Point", "coordinates": [139.7745712, 35.6853172]}, "properties": {"id": "place-753", "name": "三越前 A1", "category": "railway", "ref": "A1"}}, {"type": "Feature", "geometry": {"type": "Point", "coordinates": [139.775276, 35.6816581]}, "properties": {"id": "place-754", "name": "D3", "category": "railway", "ref": "D3"}}, {"type": "Feature", "geometry": {"type": "Point", "coordinates": [139.7757525, 35.6813429]}, "properties": {"id": "place-755", "name": "D1", "category": "railway", "ref": "D1"}}, {"type": "Feature", "geometry": {"type": "Point", "coordinates": [139.7760965, 35.6818909]}, "properties": {"id": "place-756", "name": "D2", "category": "railway", "ref": "D2"}}, {"type": "Feature", "geometry": {"type": "Point", "coordinates": [139.7753788, 35.6820533]}, "properties": {"id": "place-757", "name": "C5", "category": "railway", "ref": "C5"}}, {"type": "Feature", "geometry": {"type": "Point", "coordinates": [139.7735952, 35.682064]}, "properties": {"id": "place-758", "name": "B6", "category": "railway", "ref": "B6"}}, {"type": "Feature", "geometry": {"type": "Point", "coordinates": [139.7733304, 35.6822265]}, "properties": {"id": "place-759", "name": "B5", "category": "railway", "ref": "B5"}}, {"type": "Feature", "geometry": {"type": "Point", "coordinates": [139.7729588, 35.6811662]}, "properties": {"id": "place-760", "name": "B1", "category": "railway", "ref": "B1"}}, {"type": "Feature", "geometry": {"type": "Point", "coordinates": [139.7736033, 35.6829291]}, "properties": {"id": "place-761", "name": "B9b", "category": "railway", "ref": "B9b"}}, {"type": "Feature", "geometry": {"type": "Point", "coordinates": [139.773029, 35.6826338]}, "properties": {"id": "place-762", "name": "A6", "category": "railway", "ref": "A6"}}, {"type": "Feature", "geometry": {"type": "Point", "coordinates": [139.7727043, 35.6831045]}, "properties": {"id": "place-763", "name": "A4", "category": "railway", "ref": "A4"}}, {"type": "Feature", "geometry": {"type": "Point", "coordinates": [139.7718564, 35.6831426]}, "properties": {"id": "place-764", "name": "A3", "category": "railway", "ref": "A3"}}, {"type": "Feature", "geometry": {"type": "Point", "coordinates": [139.7651892, 35.6942871]}, "properties": {"id": "place-765", "name": "小川町 (Ogawamachi)", "category": "railway", "ref": "B7"}}, {"type": "Feature", "geometry": {"type": "Point", "coordinates": [139.7654573, 35.6943047]}, "properties": {"id": "place-766", "name": "小川町 (Ogawamachi)", "category": "railway", "ref": "B6"}}, {"type": "Feature", "geometry": {"type": "Point", "coordinates": [139.7663483, 35.6948956]}, "properties": {"id": "place-767", "name": "小川町", "category": "railway"}}, {"type": "Feature", "geometry": {"type": "Point", "coordinates": [139.7662986, 35.6949465]}, "properties": {"id": "place-768", "name": "小川町", "category": "railway"}}, {"type": "Feature", "geometry": {"type": "Point", "coordinates": [139.7644547, 35.6820276]}, "properties": {"id": "place-769", "name": "Tokyo Sta M17", "category": "railway", "ref": "4b"}}, {"type": "Feature", "geometry": {"type": "Point", "coordinates": [139.7642614, 35.6814704]}, "properties": {"id": "place-770", "name": "Tokyo Sta M17", "category": "railway", "ref": "4b"}}, {"type": "Feature", "geometry": {"type": "Point", "coordinates": [139.7663685, 35.6846726]}, "properties": {"id": "place-771", "name": "大手町", "category": "railway"}}, {"type": "Feature", "geometry": {"type": "Point", "coordinates": [139.7663354, 35.6845587]}, "properties": {"id": "place-772", "name": "大手町", "category": "railway"}}, {"type": "Feature", "geometry": {"type": "Point", "coordinates": [139.7625412, 35.6818447]}, "properties": {"id": "place-773", "name": "二重橋前 7", "category": "railway", "ref": "7"}}, {"type": "Feature", "geometry": {"type": "Point", "coordinates": [139.7659945, 35.6875109]}, "properties": {"id": "place-774", "name": "大手町 A1", "category": "railway"}}, {"type": "Feature", "geometry": {"type": "Point", "coordinates": [139.7666195, 35.688011]}, "properties": {"id": "place-775", "name": "大手町 A2", "category": "railway", "ref": "A2"}}, {"type": "Feature", "geometry": {"type": "Point", "coordinates": [139.7628105, 35.6839383]}, "properties": {"id": "place-776", "name": "大手町", "category": "railway"}}, {"type": "Feature", "geometry": {"type": "Point", "coordinates": [139.7631209, 35.684488]}, "properties": {"id": "place-777", "name": "大手町 D5", "category": "railway", "ref": "D5"}}, {"type": "Feature", "geometry": {"type": "Point", "coordinates": [139.7629336, 35.683818]}, "properties": {"id": "place-778", "name": "大手町 D4", "category": "railway", "ref": "D4"}}, {"type": "Feature", "geometry": {"type": "Point", "coordinates": [139.7732435, 35.688893]}, "properties": {"id": "place-779", "name": "新日本橋駅", "category": "railway"}}, {"type": "Feature", "geometry": {"type": "Point", "coordinates": [139.7733323, 35.6886078]}, "properties": {"id": "place-780", "name": "新日本橋駅", "category": "railway"}}, {"type": "Feature", "geometry": {"type": "Point", "coordinates": [139.7735294, 35.6884928]}, "properties": {"id": "place-781", "name": "新日本橋駅", "category": "railway"}}, {"type": "Feature", "geometry": {"type": "Point", "coordinates": [139.7631841, 35.6945795]}, "properties": {"id": "place-782", "name": "Sports-Crew", "category": "shop"}}, {"type": "Feature", "geometry": {"type": "Point", "coordinates": [139.7638191, 35.6945659]}, "properties": {"id": "place-783", "name": "L-Breath", "category": "shop"}}, {"type": "Feature", "geometry": {"type": "Point", "coordinates": [139.7649584, 35.6820173]}, "properties": {"id": "place-784", "name": "東京", "category": "railway"}}, {"type": "Feature", "geometry": {"type": "Point", "coordinates": [139.7650253, 35.6820169]}, "properties": {"id": "place-785", "name": "東京", "category": "railway"}}, {"type": "Feature", "geometry": {"type": "Point", "coordinates": [139.7647947, 35.6824828]}, "properties": {"id": "place-786", "name": "Tokyo Sta M17", "category": "railway"}}, {"type": "Feature", "geometry": {"type": "Point", "coordinates": [139.764709, 35.6816998]}, "properties": {"id": "place-787", "name": "Echika fit tokyo", "category": "shop"}}, {"type": "Feature", "geometry": {"type": "Point", "coordinates": [139.7617493, 35.6820303]}, "properties": {"id": "place-788", "name": "二重橋前 6", "category": "railway", "ref": "6"}}, {"type": "Feature", "geometry": {"type": "Point", "coordinates": [139.766356, 35.6948261]}, "properties": {"id": "place-789", "name": "小川町", "category": "railway", "ref": "A6"}}, {"type": "Feature", "geometry": {"type": "Point", "coordinates": [139.7583462, 35.690776]}, "properties": {"id": "place-790", "name": "Mottainai", "category": "shop"}}, {"type": "Feature", "geometry": {"type": "Point", "coordinates": [139.7581442, 35.6907165]}, "properties": {"id": "place-791", "name": "明神丸", "category": "amenity"}}, {"type": "Feature", "geometry": {"type": "Point", "coordinates": [139.7582758, 35.690782]}, "properties": {"id": "place-792", "name": "Tomod's", "category": "amenity"}}, {"type": "Feature", "geometry": {"type": "Point", "coordinates": [139.7580284, 35.6908175]}, "properties": {"id": "place-793", "name": "ドトールコーヒーショップ", "category": "amenity"}}, {"type": "Feature", "geometry": {"type": "Point", "coordinates": [139.758243, 35.6906974]}, "properties": {"id": "place-794", "name": "Mamma Mia!", "category": "amenity"}}, {"type": "Feature", "geometry": {"type": "Point", "coordinates": [139.7580342, 35.6907368]}, "properties": {"id": "place-795", "name": "一番どり", "category": "amenity"}}, {"type": "Feature", "geometry": {"type": "Point", "coordinates": [139.7584149, 35.6906709]}, "properties": {"id": "place-796", "name": "パレスサイドビル歯科", "category": "amenity"}}, {"type": "Feature", "geometry": {"type": "Point", "coordinates": [139.7584886, 35.6906632]}, "properties": {"id": "place-797", "name": "Aso Barber", "category": "shop"}}, {"type": "Feature", "geometry": {"type": "Point", "coordinates": [139.7581623, 35.6907984]}, "properties": {"id": "place-798", "name": "Royal Korean Dining & Bar", "category": "amenity"}}, {"type": "Feature", "geometry": {"type": "Point", "coordinates": [139.7616161, 35.6803213]}, "properties": {"id": "place-799", "name": "二重橋前〈丸の内〉", "category": "railway"}}, {"type": "Feature", "geometry": {"type": "Point", "coordinates": [139.7617535, 35.6803109]}, "properties": {"id": "place-800", "name": "二重橋前〈丸の内〉", "category": "railway"}}, {"type": "Feature", "geometry": {"type": "Point", "coordinates": [139.7741542, 35.6881321]}, "properties": {"id": "place-801", "name": "長寿庵", "category": "amenity"}}, {"type": "Feature", "geometry": {"type": "Point", "coordinates": [139.7733413, 35.682087]}, "properties": {"id": "place-802", "name": "日本橋", "category": "railway"}}, {"type": "Feature", "geometry": {"type": "Point", "coordinates": [139.7733976, 35.6820843]}, "properties": {"id": "place-803", "name": "日本橋", "category": "railway"}}, {"type": "Feature", "geometry": {"type": "Point", "coordinates": [139.7758101, 35.6818307]}, "properties": {"id": "place-804", "name": "日本橋", "category": "railway"}}, {"type": "Feature", "geometry": {"type": "Point", "coordinates": [139.7704304, 35.6834856]}, "properties": {"id": "place-805", "name": "大手町 B10", "category": "railway"}}, {"type": "Feature", "geometry": {"type": "Point", "coordinates": [139.7736283, 35.687054]}, "properties": {"id": "place-806", "name": "三越前", "category": "railway"}}, {"type": "Feature", "geometry": {"type": "Point", "coordinates": [139.7736657, 35.6870979]}, "properties": {"id": "place-807", "name": "三越前", "category": "railway"}}, {"type": "Feature", "geometry": {"type": "Point", "coordinates": [139.7731071, 35.6848877]}, "properties": {"id": "place-808", "name": "三越前", "category": "railway"}}, {"type": "Feature", "geometry": {"type": "Point", "coordinates": [139.773095, 35.6850014]}, "properties": {"id": "place-809", "name": "三越前", "category": "railway"}}, {"type": "Feature", "geometry": {"type": "Point", "coordinates": [139.7641451, 35.6778945]}, "properties": {"id": "place-810", "name": "東京駅", "category": "railway"}}, {"type": "Feature", "geometry": {"type": "Point", "coordinates": [139.7739411, 35.6857757]}, "properties": {"id": "place-811", "name": "ライオン像", "category": "tourism"}}, {"type": "Feature", "geometry": {"type": "Point", "coordinates": [139.7739357, 35.6858591]}, "properties": {"id": "place-812", "name": "東京都選定歴史的建造物　三越本店", "category": "tourism"}}, {"type": "Feature", "geometry": {"type": "Point", "coordinates": [139.7739183, 35.685828]}, "properties": {"id": "place-813", "name": "ライオン像", "category": "tourism"}}, {"type": "Feature", "geometry": {"type": "Point", "coordinates": [139.773929, 35.6858166]}, "properties": {"id": "place-814", "name": "ライオン像", "category": "tourism"}}, {"type": "Feature", "geometry": {"type": "Point", "coordinates": [139.7602531, 35.6829468]}, "properties": {"id": "place-815", "name": "丸の内今昔散歩", "category": "tourism"}}, {"type": "Feature", "geometry": {"type": "Point", "coordinates": [139.7613917, 35.6827516]}, "properties": {"id": "place-816", "name": "特別史跡　江戸城跡", "category": "tourism"}}, {"type": "Feature", "geometry": {"type": "Point", "coordinates": [139.7618356, 35.6825835]}, "properties": {"id": "place-817", "name": "丸の内今昔散歩", "category": "tourism"}}, {"type": "Feature", "geometry": {"type": "Point", "coordinates": [139.7633196, 35.6822709]}, "properties": {"id": "place-818", "name": "丸の内", "category": "tourism"}}, {"type": "Feature", "geometry": {"type": "Point", "coordinates": [139.7633839, 35.6822518]}, "properties": {"id": "place-819", "name": "歴史と文化の散歩道　丸の内今昔散歩", "category": "tourism"}}, {"type": "Feature", "geometry": {"type": "Point", "coordinates": [139.7646774, 35.6821459]}, "properties": {"id": "place-820", "name": "丸の内今昔散歩", "category": "tourism"}}, {"type": "Feature", "geometry": {"type": "Point", "coordinates": [139.7654824, 35.6845301]}, "properties": {"id": "place-821", "name": "丸の内今昔散歩", "category": "tourism"}}, {"type": "Feature", "geometry": {"type": "Point", "coordinates": [139.7660366, 35.6863432]}, "properties": {"id": "place-822", "name": "丸の内今昔散歩", "category": "tourism"}}, {"type": "Feature", "geometry": {"type": "Point", "coordinates": [139.7664008, 35.6867054]}, "properties": {"id": "place-823", "name": "福井藩常盤橋江戸上屋敷跡", "category": "tourism"}}, {"type": "Feature", "geometry": {"type": "Point", "coordinates": [139.7664028, 35.6866341]}, "properties": {"id": "place-824", "name": "SUNDIAL, 2018", "category": "tourism"}}, {"type": "Feature", "geometry": {"type": "Point", "coordinates": [139.7669245, 35.6865137]}, "properties": {"id": "place-825", "name": "お江戸日本橋散歩", "category": "tourism"}}, {"type": "Feature", "geometry": {"type": "Point", "coordinates": [139.7680403, 35.6864042]}, "properties": {"id": "place-826", "name": "お江戸日本橋散歩", "category": "tourism"}}, {"type": "Feature", "geometry": {"type": "Point", "coordinates": [139.769327, 35.6861347]}, "properties": {"id": "place-827", "name": "お江戸日本橋散歩", "category": "tourism"}}, {"type": "Feature", "geometry": {"type": "Point", "coordinates": [139.7697777, 35.6858329]}, "properties": {"id": "place-828", "name": "お江戸日本橋散歩", "category": "tourism"}}, {"type": "Feature", "geometry": {"type": "Point", "coordinates": [139.7649611, 35.6943969]}, "properties": {"id": "place-829", "name": "神田本屋街散歩", "category": "tourism"}}, {"type": "Feature", "geometry": {"type": "Point", "coordinates": [139.7626772, 35.6944078]}, "properties": {"id": "place-830", "name": "神田本屋街散歩", "category": "tourism"}}, {"type": "Feature", "geometry": {"type": "Point", "coordinates": [139.7588691, 35.6816696]}, "properties": {"id": "place-831", "name": "丸の内今昔散歩", "category": "tourism"}}, {"type": "Feature", "geometry": {"type": "Point", "coordinates": [139.7774796, 35.6836783]}, "properties": {"id": "place-832", "name": "近代化産業遺産　日本橋ダイヤビルディング(旧三菱倉庫江戸橋倉庫ビル)", "category": "tourism"}}, {"type": "Feature", "geometry": {"type": "Point", "coordinates": [139.7637092, 35.6867502]}, "properties": {"id": "place-833", "name": "大手町", "category": "railway"}}, {"type": "Feature", "geometry": {"type": "Point", "coordinates": [139.763575, 35.6867813]}, "properties": {"id": "place-834", "name": "大手町", "category": "railway"}}, {"type": "Feature", "geometry": {"type": "Point", "coordinates": [139.7636844, 35.6849682]}, "properties": {"id": "place-835", "name": "大手町 C14", "category": "railway"}}, {"type": "Feature", "geometry": {"type": "Point", "coordinates": [139.7650427, 35.6867555]}, "properties": {"id": "place-836", "name": "大手町", "category": "railway"}}, {"type": "Feature", "geometry": {"type": "Point", "coordinates": [139.7650155, 35.6866391]}, "properties": {"id": "place-837", "name": "大手町", "category": "railway"}}, {"type": "Feature", "geometry": {"type": "Point", "coordinates": [139.7742455, 35.6848125]}, "properties": {"id": "place-838", "name": "三越前 B4", "category": "railway", "ref": "B4"}}, {"type": "Feature", "geometry": {"type": "Point", "coordinates": [139.7742772, 35.6844486]}, "properties": {"id": "place-839", "name": "三越前 B5", "category": "railway", "ref": "B5"}}, {"type": "Feature", "geometry": {"type": "Point", "coordinates": [139.7747994, 35.6843816]}, "properties": {"id": "place-840", "name": "三越前 B6", "category": "railway", "ref": "B6"}}, {"type": "Feature", "geometry": {"type": "Point", "coordinates": [139.7742748, 35.6862328]}, "properties": {"id": "place-841", "name": "Tsuruya Yoshinobu", "category": "amenity"}}, {"type": "Feature", "geometry": {"type": "Point", "coordinates": [139.7645901, 35.6939745]}, "properties": {"id": "place-842", "name": "Patagonia", "category": "shop"}}, {"type": "Feature", "geometry": {"type": "Point", "coordinates": [139.7645908, 35.6938642]}, "properties": {"id": "place-843", "name": "LONDON Sports", "category": "shop"}}, {"type": "Feature", "geometry": {"type": "Point", "coordinates": [139.7643058, 35.6941929]}, "properties": {"id": "place-844", "name": "FUSO Snowboard", "category": "shop"}}, {"type": "Feature", "geometry": {"type": "Point", "coordinates": [139.7644144, 35.6942082]}, "properties": {"id": "place-845", "name": "FUSO Snowboard 2", "category": "shop"}}, {"type": "Feature", "geometry": {"type": "Point", "coordinates": [139.7644017, 35.6946128]}, "properties": {"id": "place-846", "name": "One Make", "category": "shop"}}, {"type": "Feature", "geometry": {"type": "Point", "coordinates": [139.7643225, 35.6945943]}, "properties": {"id": "place-847", "name": "Swins", "category": "shop"}}, {"type": "Feature", "geometry": {"type": "Point", "coordinates": [139.7641912, 35.6945659]}, "properties": {"id": "place-848", "name": "Muasaki Sports", "category": "shop"}}, {"type": "Feature", "geometry": {"type": "Point", "coordinates": [139.763593, 35.694567]}, "properties": {"id": "place-849", "name": "Bomber", "category": "shop"}}, {"type": "Feature", "geometry": {"type": "Point", "coordinates": [139.767223, 35.6931239]}, "properties": {"id": "place-850", "name": "Bar Anami", "category": "amenity"}}, {"type": "Feature", "geometry": {"type": "Point", "coordinates": [139.7743644, 35.688864]}, "properties": {"id": "place-851", "name": "クリエイトSD", "category": "shop"}}, {"type": "Feature", "geometry": {"type": "Point", "coordinates": [139.7753236, 35.6861629]}, "properties": {"id": "place-852", "name": "金波", "category": "amenity"}}, {"type": "Feature", "geometry": {"type": "Point", "coordinates": [139.7708898, 35.6937148]}, "properties": {"id": "place-853", "name": "神田", "category": "railway"}}, {"type": "Feature", "geometry": {"type": "Point", "coordinates": [139.7708227, 35.6937035]}, "properties": {"id": "place-854", "name": "神田", "category": "railway"}}, {"type": "Feature", "geometry": {"type": "Point", "coordinates": [139.7639826, 35.6937774]}, "properties": {"id": "place-855", "name": "ほん田", "category": "amenity"}}, {"type": "Feature", "geometry": {"type": "Point", "coordinates": [139.7666284, 35.6942828]}, "properties": {"id": "place-856", "name": "中華料理 福すい", "category": "amenity"}}, {"type": "Feature", "geometry": {"type": "Point", "coordinates": [139.7684211, 35.6935779]}, "properties": {"id": "place-857", "name": "中華料理 ひかり", "category": "amenity"}}, {"type": "Feature", "geometry": {"type": "Point", "coordinates": [139.7755738, 35.6877067]}, "properties": {"id": "place-858", "name": "八坪屋", "category": "amenity"}}, {"type": "Feature", "geometry": {"type": "Point", "coordinates": [139.7662247, 35.6823399]}, "properties": {"id": "place-859", "name": "JR East Travel Service Center", "category": "shop"}}, {"type": "Feature", "geometry": {"type": "Point", "coordinates": [139.7707954, 35.6924277]}, "properties": {"id": "place-860", "name": "回転寿司江戸ッ子", "category": "amenity"}}, {"type": "Feature", "geometry": {"type": "Point", "coordinates": [139.7579974, 35.6907484]}, "properties": {"id": "place-861", "name": "Mainichi education", "category": "shop"}}, {"type": "Feature", "geometry": {"type": "Point", "coordinates": [139.7687319, 35.6827329]}, "properties": {"id": "place-862", "name": "Kitchen Street", "category": "tourism"}}, {"type": "Feature", "geometry": {"type": "Point", "coordinates": [139.7627968, 35.6787859]}, "properties": {"id": "place-863", "name": "グリルうかい 丸の内店", "category": "amenity"}}, {"type": "Feature", "geometry": {"type": "Point", "coordinates": [139.7711776, 35.6778815]}, "properties": {"id": "place-864", "name": "東邦銀行 東京支店", "category": "amenity"}}, {"type": "Feature", "geometry": {"type": "Point", "coordinates": [139.7710511, 35.6786671]}, "properties": {"id": "place-865", "name": "北國銀行", "category": "amenity"}}, {"type": "Feature", "geometry": {"type": "Point", "coordinates": [139.7726622, 35.6804703]}, "properties": {"id": "place-866", "name": "百十四銀行", "category": "amenity"}}, {"type": "Feature", "geometry": {"type": "Point", "coordinates": [139.7727676, 35.683253]}, "properties": {"id": "place-867", "name": "交通银行", "category": "amenity"}}, {"type": "Feature", "geometry": {"type": "Point", "coordinates": [139.7730603, 35.6830837]}, "properties": {"id": "place-868", "name": "伊予銀行東京支店", "category": "amenity"}}, {"type": "Feature", "geometry": {"type": "Point", "coordinates": [139.7738321, 35.6834698]}, "properties": {"id": "place-869", "name": "百五銀行", "category": "amenity"}}, {"type": "Feature", "geometry": {"type": "Point", "coordinates": [139.7769959, 35.6857047]}, "properties": {"id": "place-870", "name": "NTT", "category": "amenity"}}, {"type": "Feature", "geometry": {"type": "Point", "coordinates": [139.7781522, 35.685866]}, "properties": {"id": "place-871", "name": "来来飯店", "category": "amenity"}}, {"type": "Feature", "geometry": {"type": "Point", "coordinates": [139.7761707, 35.6872202]}, "properties": {"id": "place-872", "name": "マルエツプチ", "category": "shop"}}, {"type": "Feature", "geometry": {"type": "Point", "coordinates": [139.764641, 35.6777904]}, "properties": {"id": "place-873", "name": "東京", "category": "railway"}}, {"type": "Feature", "geometry": {"type": "Point", "coordinates": [139.7646308, 35.6777552]}, "properties": {"id": "place-874", "name": "東京", "category": "railway"}}, {"type": "Feature", "geometry": {"type": "Point", "coordinates": [139.7639433, 35.6781218]}, "properties": {"id": "place-875", "name": "京葉線口", "category": "railway", "ref": "7"}}, {"type": "Feature", "geometry": {"type": "Point", "coordinates": [139.7641223, 35.6778038]}, "properties": {"id": "place-876", "name": "東京駅", "category": "railway"}}, {"type": "Feature", "geometry": {"type": "Point", "coordinates": [139.7646154, 35.6777004]}, "properties": {"id": "place-877", "name": "東京", "category": "railway"}}, {"type": "Feature", "geometry": {"type": "Point", "coordinates": [139.7641616, 35.6779444]}, "properties": {"id": "place-878", "name": "東京駅", "category": "railway"}}, {"type": "Feature", "geometry": {"type": "Point", "coordinates": [139.7646588, 35.6778366]}, "properties": {"id": "place-879", "name": "東京", "category": "railway"}}, {"type": "Feature", "geometry": {"type": "Point", "coordinates": [139.7630104, 35.6778433]}, "properties": {"id": "place-880", "name": "京葉線口", "category": "railway", "ref": "6"}}, {"type": "Feature", "geometry": {"type": "Point", "coordinates": [139.7664368, 35.6778724]}, "properties": {"id": "place-881", "name": "京葉線口", "category": "railway", "ref": "1"}}, {"type": "Feature", "geometry": {"type": "Point", "coordinates": [139.7732681, 35.690671]}, "properties": {"id": "place-882", "name": "Hotel SUI Kanda", "category": "tourism"}}, {"type": "Feature", "geometry": {"type": "Point", "coordinates": [139.7709876, 35.6796122]}, "properties": {"id": "place-883", "name": "アロマ珈琲", "category": "amenity"}}, {"type": "Feature", "geometry": {"type": "Point", "coordinates": [139.7728442, 35.6802393]}, "properties": {"id": "place-884", "name": "ぶよお堂", "category": "shop"}}, {"type": "Feature", "geometry": {"type": "Point", "coordinates": [139.7613274, 35.6915897]}, "properties": {"id": "place-885", "name": "鹿屋アスリート食堂", "category": "amenity"}}, {"type": "Feature", "geometry": {"type": "Point", "coordinates": [139.759391, 35.692269]}, "properties": {"id": "place-886", "name": "興和一橋ビル", "category": "amenity"}}, {"type": "Feature", "geometry": {"type": "Point", "coordinates": [139.7587068, 35.691436]}, "properties": {"id": "place-887", "name": "一ツ橋", "category": "tourism"}}, {"type": "Feature", "geometry": {"type": "Point", "coordinates": [139.7640753, 35.6895467]}, "properties": {"id": "place-888", "name": "神田橋門跡", "category": "tourism"}}, {"type": "Feature", "geometry": {"type": "Point", "coordinates": [139.7669801, 35.6886236]}, "properties": {"id": "place-889", "name": "江戸城外堀の石垣と荷揚げ場跡", "category": "tourism"}}, {"type": "Feature", "geometry": {"type": "Point", "coordinates": [139.7684969, 35.6871706]}, "properties": {"id": "place-890", "name": "陽甲", "category": "tourism"}}, {"type": "Feature", "geometry": {"type": "Point", "coordinates": [139.7711096, 35.6844055]}, "properties": {"id": "place-891", "name": "一石橋の親柱", "category": "tourism"}}, {"type": "Feature", "geometry": {"type": "Point", "coordinates": [139.7710874, 35.6844089]}, "properties": {"id": "place-892", "name": "一石橋迷子しらせ石標", "category": "tourism"}}, {"type": "Feature", "geometry": {"type": "Point", "coordinates": [139.7711231, 35.6803722]}, "properties": {"id": "place-893", "name": "於満稲荷神社縁起", "category": "tourism"}}, {"type": "Feature", "geometry": {"type": "Point", "coordinates": [139.776129, 35.6906049]}, "properties": {"id": "place-894", "name": "コジマオリエンタルキッチン", "category": "amenity"}}, {"type": "Feature", "geometry": {"type": "Point", "coordinates": [139.7670935, 35.689342]}, "properties": {"id": "place-895", "name": "トヨタモビリティ東京", "category": "shop"}}, {"type": "Feature", "geometry": {"type": "Point", "coordinates": [139.7665734, 35.6897399]}, "properties": {"id": "place-896", "name": "NTT", "category": "amenity"}}, {"type": "Feature", "geometry": {"type": "Point", "coordinates": [139.7645726, 35.6868807]}, "properties": {"id": "place-897", "name": "絆", "category": "tourism"}}, {"type": "Feature", "geometry": {"type": "Point", "coordinates": [139.7728416, 35.681586]}, "properties": {"id": "place-898", "name": "日本橋南郵便局", "category": "amenity"}}, {"type": "Feature", "geometry": {"type": "Point", "coordinates": [139.7740445, 35.6827081]}, "properties": {"id": "place-899", "name": "B12", "category": "railway", "ref": "B12"}}, {"type": "Feature", "geometry": {"type": "Point", "coordinates": [139.7743553, 35.6825109]}, "properties": {"id": "place-900", "name": "C1", "category": "railway", "ref": "C1"}}, {"type": "Feature", "geometry": {"type": "Point", "coordinates": [139.7750891, 35.682203]}, "properties": {"id": "place-901", "name": "C2", "category": "railway", "ref": "C2"}}, {"type": "Feature", "geometry": {"type": "Point", "coordinates": [139.7732888, 35.6828816]}, "properties": {"id": "place-902", "name": "B9a", "category": "railway"}}, {"type": "Feature", "geometry": {"type": "Point", "coordinates": [139.7720025, 35.6829694]}, "properties": {"id": "place-903", "name": "A7", "category": "railway", "ref": "A7"}}, {"type": "Feature", "geometry": {"type": "Point", "coordinates": [139.7719319, 35.683443]}, "properties": {"id": "place-904", "name": "A1", "category": "railway", "ref": "A1"}}, {"type": "Feature", "geometry": {"type": "Point", "coordinates": [139.7734359, 35.6837999]}, "properties": {"id": "place-905", "name": "国分ビル駐車場", "category": "amenity"}}, {"type": "Feature", "geometry": {"type": "Point", "coordinates": [139.7659421, 35.6844985]}, "properties": {"id": "place-906", "name": "大手町", "category": "railway"}}, {"type": "Feature", "geometry": {"type": "Point", "coordinates": [139.7659609, 35.6845857]}, "properties": {"id": "place-907", "name": "総合防災案内板", "category": "tourism"}}, {"type": "Feature", "geometry": {"type": "Point", "coordinates": [139.7673248, 35.6842164]}, "properties": {"id": "place-908", "name": "丸の内周辺街区案内", "category": "tourism"}}, {"type": "Feature", "geometry": {"type": "Point", "coordinates": [139.7704335, 35.6835966]}, "properties": {"id": "place-909", "name": "総合防災案内板", "category": "tourism"}}, {"type": "Feature", "geometry": {"type": "Point", "coordinates": [139.7741646, 35.683673]}, "properties": {"id": "place-910", "name": "NIHONBASHI TOURISM INFORMATION", "category": "tourism"}}, {"type": "Feature", "geometry": {"type": "Point", "coordinates": [139.7748437, 35.6843379]}, "properties": {"id": "place-911", "name": "日本橋魚河岸跡", "category": "tourism"}}, {"type": "Feature", "geometry": {"type": "Point", "coordinates": [139.7769472, 35.683098]}, "properties": {"id": "place-912", "name": "前島密", "category": "tourism"}}, {"type": "Feature", "geometry": {"type": "Point", "coordinates": [139.7725546, 35.6828186]}, "properties": {"id": "place-913", "name": "NTTル・パルク日本橋二丁目第1駐車場", "category": "amenity"}}, {"type": "Feature", "geometry": {"type": "Point", "coordinates": [139.77231, 35.6809925]}, "properties": {"id": "place-914", "name": "トラストパーク", "category": "amenity"}}, {"type": "Feature", "geometry": {"type": "Point", "coordinates": [139.7623287, 35.6921365]}, "properties": {"id": "place-915", "name": "おふくろ亭", "category": "amenity"}}, {"type": "Feature", "geometry": {"type": "Point", "coordinates": [139.772336, 35.6911492]}, "properties": {"id": "place-916", "name": "ナチュラルローソン", "category": "shop"}}, {"type": "Feature", "geometry": {"type": "Point", "coordinates": [139.7720795, 35.6811156]}, "properties": {"id": "place-917", "name": "女・夏", "category": "tourism"}}, {"type": "Feature", "geometry": {"type": "Point", "coordinates": [139.7736284, 35.6801264]}, "properties": {"id": "place-918", "name": "日本橋高島屋S.C. ヴァレーパーキング", "category": "amenity"}}, {"type": "Feature", "geometry": {"type": "Point", "coordinates": [139.7680142, 35.6804668]}, "properties": {"id": "place-919", "name": "マクドナルド", "category": "amenity"}}, {"type": "Feature", "geometry": {"type": "Point", "coordinates": [139.770086, 35.6835355]}, "properties": {"id": "place-920", "name": "丸の内トラストタワー駐車場", "category": "amenity"}}, {"type": "Feature", "geometry": {"type": "Point", "coordinates": [139.7684989, 35.6837551]}, "properties": {"id": "place-921", "name": "ホテルメトロポリタン丸の内", "category": "tourism"}}, {"type": "Feature", "geometry": {"type": "Point", "coordinates": [139.7670235, 35.6783804]}, "properties": {"id": "place-922", "name": "グラントウキョウサウスタワー駐車場", "category": "amenity"}}, {"type": "Feature", "geometry": {"type": "Point", "coordinates": [139.771238, 35.6832685]}, "properties": {"id": "place-923", "name": "三井住友銀行", "category": "amenity"}}, {"type": "Feature", "geometry": {"type": "Point", "coordinates": [139.7728088, 35.6826666]}, "properties": {"id": "place-924", "name": "日本橋長崎館", "category": "shop"}}, {"type": "Feature", "geometry": {"type": "Point", "coordinates": [139.7732686, 35.6885191]}, "properties": {"id": "place-925", "name": "セブン-イレブン", "category": "shop"}}, {"type": "Feature", "geometry": {"type": "Point", "coordinates": [139.7736253, 35.690619]}, "properties": {"id": "place-926", "name": "Yoyogi bar", "category": "amenity"}}, {"type": "Feature", "geometry": {"type": "Point", "coordinates": [139.7665736, 35.6876162]}, "properties": {"id": "place-927", "name": "大手町駅", "category": "railway"}}, {"type": "Feature", "geometry": {"type": "Point", "coordinates": [139.7691852, 35.6810298]}, "properties": {"id": "place-928", "name": "江戸城外堀跡の石垣", "category": "tourism"}}, {"type": "Feature", "geometry": {"type": "Point", "coordinates": [139.764756, 35.6833428]}, "properties": {"id": "place-929", "name": "日本工業倶楽部", "category": "office"}}, {"type": "Feature", "geometry": {"type": "Point", "coordinates": [139.7670679, 35.6915091]}, "properties": {"id": "place-930", "name": "まいばすけっと", "category": "shop"}}, {"type": "Feature", "geometry": {"type": "Point", "coordinates": [139.7661812, 35.6853532]}, "properties": {"id": "place-931", "name": "セブン-イレブン", "category": "shop"}}, {"type": "Feature", "geometry": {"type": "Point", "coordinates": [139.7673247, 35.6946655]}, "properties": {"id": "place-932", "name": "ドミノ・ピザ", "category": "amenity"}}, {"type": "Feature", "geometry": {"type": "Point", "coordinates": [139.7746797, 35.6863976]}, "properties": {"id": "place-933", "name": "デイリーヤマザキ", "category": "shop"}}, {"type": "Feature", "geometry": {"type": "Point", "coordinates": [139.7693215, 35.6787048]}, "properties": {"id": "place-934", "name": "中央区立城東小学校", "category": "amenity"}}, {"type": "Feature", "geometry": {"type": "Point", "coordinates": [139.7615058, 35.693037]}, "properties": {"id": "place-935", "name": "山下歯科", "category": "amenity"}}, {"type": "Feature", "geometry": {"type": "Point", "coordinates": [139.7657208, 35.688302]}, "properties": {"id": "place-936", "name": "オルケストラヴィーノ", "category": "amenity"}}, {"type": "Feature", "geometry": {"type": "Point", "coordinates": [139.7671381, 35.6897406]}, "properties": {"id": "place-937", "name": "Lotus", "category": "amenity"}}, {"type": "Feature", "geometry": {"type": "Point", "coordinates": [139.7671183, 35.689763]}, "properties": {"id": "place-938", "name": "光正不動産", "category": "office"}}, {"type": "Feature", "geometry": {"type": "Point", "coordinates": [139.7624961, 35.6931348]}, "properties": {"id": "place-939", "name": "キッチンジロー", "category": "amenity"}}, {"type": "Feature", "geometry": {"type": "Point", "coordinates": [139.7676731, 35.6946281]}, "properties": {"id": "place-940", "name": "淡路町デンタルクリニック", "category": "amenity"}}, {"type": "Feature", "geometry": {"type": "Point", "coordinates": [139.764333, 35.6926809]}, "properties": {"id": "place-941", "name": "河北や", "category": "amenity"}}, {"type": "Feature", "geometry": {"type": "Point", "coordinates": [139.7657936, 35.688426]}, "properties": {"id": "place-942", "name": "上島珈琲店", "category": "amenity"}}, {"type": "Feature", "geometry": {"type": "Point", "coordinates": [139.7659792, 35.6883651]}, "properties": {"id": "place-943", "name": "GREEN BROTHERS 大手町店", "category": "amenity"}}, {"type": "Feature", "geometry": {"type": "Point", "coordinates": [139.7659344, 35.6883134]}, "properties": {"id": "place-944", "name": "かっぽうぎ 大手町フィナンシャルシティ店", "category": "amenity"}}, {"type": "Feature", "geometry": {"type": "Point", "coordinates": [139.7658616, 35.688303]}, "properties": {"id": "place-945", "name": "ダブルサンドイッチ", "category": "amenity"}}, {"type": "Feature", "geometry": {"type": "Point", "coordinates": [139.7659854, 35.6882737]}, "properties": {"id": "place-946", "name": "チョイス デリ フィルママン", "category": "amenity"}}, {"type": "Feature", "geometry": {"type": "Point", "coordinates": [139.7661152, 35.6882924]}, "properties": {"id": "place-947", "name": "喜多方ラーメン 坂内 大手町店", "category": "amenity"}}, {"type": "Feature", "geometry": {"type": "Point", "coordinates": [139.7699398, 35.6926733]}, "properties": {"id": "place-948", "name": "Prime Skateboard Store", "category": "shop"}}, {"type": "Feature", "geometry": {"type": "Point", "coordinates": [139.7704092, 35.6795069]}, "properties": {"id": "place-949", "name": "オリックスレンタカー", "category": "amenity"}}, {"type": "Feature", "geometry": {"type": "Point", "coordinates": [139.7655105, 35.6949221]}, "properties": {"id": "place-950", "name": "いきなり！ステーキ", "category": "amenity"}}, {"type": "Feature", "geometry": {"type": "Point", "coordinates": [139.7657971, 35.6949911]}, "properties": {"id": "place-951", "name": "嵯峨野", "category": "amenity"}}, {"type": "Feature", "geometry": {"type": "Point", "coordinates": [139.7684624, 35.6834342]}, "properties": {"id": "place-952", "name": "PRONTO", "category": "amenity"}}, {"type": "Feature", "geometry": {"type": "Point", "coordinates": [139.7645456, 35.6885516]}, "properties": {"id": "place-953", "name": "SPA大手町", "category": "amenity"}}, {"type": "Feature", "geometry": {"type": "Point", "coordinates": [139.757715, 35.6908103]}, "properties": {"id": "place-954", "name": "Pets Best", "category": "office"}}, {"type": "Feature", "geometry": {"type": "Point", "coordinates": [139.773322, 35.680936]}, "properties": {"id": "place-955", "name": "Gucci", "category": "shop"}}, {"type": "Feature", "geometry": {"type": "Point", "coordinates": [139.7709853, 35.6924647]}, "properties": {"id": "place-956", "name": "北口", "category": "railway"}}, {"type": "Feature", "geometry": {"type": "Point", "coordinates": [139.7654861, 35.6939696]}, "properties": {"id": "place-957", "name": "菜香苑", "category": "amenity"}}, {"type": "Feature", "geometry": {"type": "Point", "coordinates": [139.7660363, 35.6823499]}, "properties": {"id": "place-958", "name": "みどりの窓口", "category": "shop"}}, {"type": "Feature", "geometry": {"type": "Point", "coordinates": [139.7704899, 35.6942893]}, "properties": {"id": "place-959", "name": "やよい軒", "category": "amenity"}}, {"type": "Feature", "geometry": {"type": "Point", "coordinates": [139.7577126, 35.6909484]}, "properties": {"id": "place-960", "name": "フルーツジュース", "category": "amenity"}}, {"type": "Feature", "geometry": {"type": "Point", "coordinates": [139.7666613, 35.6826565]}, "properties": {"id": "place-961", "name": "すし好 和", "category": "amenity"}}, {"type": "Feature", "geometry": {"type": "Point", "coordinates": [139.7678528, 35.6895714]}, "properties": {"id": "place-962", "name": "絶滅メディア博物館（楓ビル）", "category": "amenity"}}, {"type": "Feature", "geometry": {"type": "Point", "coordinates": [139.7744904, 35.6808624]}, "properties": {"id": "place-963", "name": "日本橋二丁目街角広場", "category": "amenity"}}, {"type": "Feature", "geometry": {"type": "Point", "coordinates": [139.7660031, 35.693605]}, "properties": {"id": "place-964", "name": "四川一貫", "category": "amenity"}}, {"type": "Feature", "geometry": {"type": "Point", "coordinates": [139.7625482, 35.693923]}, "properties": {"id": "place-965", "name": "青新軒", "category": "amenity"}}, {"type": "Feature", "geometry": {"type": "Point", "coordinates": [139.7654579, 35.6937893]}, "properties": {"id": "place-966", "name": "江戸牛", "category": "amenity"}}, {"type": "Feature", "geometry": {"type": "Point", "coordinates": [139.7648068, 35.6931555]}, "properties": {"id": "place-967", "name": "ゆで太郎", "category": "amenity"}}, {"type": "Feature", "geometry": {"type": "Point", "coordinates": [139.7647583, 35.6933973]}, "properties": {"id": "place-968", "name": "セブン-イレブン", "category": "shop"}}, {"type": "Feature", "geometry": {"type": "Point", "coordinates": [139.7685498, 35.6821266]}, "properties": {"id": "place-969", "name": "ミッフィースタイル", "category": "shop"}}, {"type": "Feature", "geometry": {"type": "Point", "coordinates": [139.7683723, 35.683833]}, "properties": {"id": "place-970", "name": "レ・フルール・ミズカ", "category": "shop"}}, {"type": "Feature", "geometry": {"type": "Point", "coordinates": [139.7684239, 35.6838602]}, "properties": {"id": "place-971", "name": "ファミリーマート", "category": "shop"}}, {"type": "Feature", "geometry": {"type": "Point", "coordinates": [139.7688359, 35.6837866]}, "properties": {"id": "place-972", "name": "日本橋口", "category": "railway"}}, {"type": "Feature", "geometry": {"type": "Point", "coordinates": [139.7710629, 35.6830857]}, "properties": {"id": "place-973", "name": "ホテル龍名館東京", "category": "tourism"}}, {"type": "Feature", "geometry": {"type": "Point", "coordinates": [139.7706459, 35.6821713]}, "properties": {"id": "place-974", "name": "ヤマダデンキ", "category": "shop"}}, {"type": "Feature", "geometry": {"type": "Point", "coordinates": [139.7698457, 35.6821364]}, "properties": {"id": "place-975", "name": "ローソン", "category": "shop"}}, {"type": "Feature", "geometry": {"type": "Point", "coordinates": [139.7698773, 35.6822397]}, "properties": {"id": "place-976", "name": "みずほ銀行", "category": "amenity"}}, {"type": "Feature", "geometry": {"type": "Point", "coordinates": [139.7698281, 35.6825072]}, "properties": {"id": "place-977", "name": "タリーズコーヒー", "category": "amenity"}}, {"type": "Feature", "geometry": {"type": "Point", "coordinates": [139.7700089, 35.6826863]}, "properties": {"id": "place-978", "name": "セブン銀行", "category": "amenity"}}, {"type": "Feature", "geometry": {"type": "Point", "coordinates": [139.7700523, 35.682694]}, "properties": {"id": "place-979", "name": "三井住友銀行", "category": "amenity"}}, {"type": "Feature", "geometry": {"type": "Point", "coordinates": [139.7699222, 35.682623]}, "properties": {"id": "place-980", "name": "ナチュラルローソン", "category": "shop"}}, {"type": "Feature", "geometry": {"type": "Point", "coordinates": [139.7702537, 35.683365]}, "properties": {"id": "place-981", "name": "鉄鋼ビル丸の内クリニック", "category": "amenity"}}, {"type": "Feature", "geometry": {"type": "Point", "coordinates": [139.7698671, 35.6807666]}, "properties": {"id": "place-982", "name": "近畿大学 東京センター", "category": "amenity"}}, {"type": "Feature", "geometry": {"type": "Point", "coordinates": [139.768767, 35.6837618]}, "properties": {"id": "place-983", "name": "榊原サピアタワークリニック", "category": "amenity"}}, {"type": "Feature", "geometry": {"type": "Point", "coordinates": [139.7685991, 35.6837652]}, "properties": {"id": "place-984", "name": "ステーションコンファレンス東京", "category": "amenity"}}, {"type": "Feature", "geometry": {"type": "Point", "coordinates": [139.7684055, 35.6837477]}, "properties": {"id": "place-985", "name": "サピアタワーアイクリニック東京", "category": "amenity"}}, {"type": "Feature", "geometry": {"type": "Point", "coordinates": [139.7676372, 35.6917922]}, "properties": {"id": "place-986", "name": "珈琲館", "category": "amenity"}}, {"type": "Feature", "geometry": {"type": "Point", "coordinates": [139.7671424, 35.6898692]}, "properties": {"id": "place-987", "name": "アクセア", "category": "shop"}}, {"type": "Feature", "geometry": {"type": "Point", "coordinates": [139.7721079, 35.6925742]}, "properties": {"id": "place-988", "name": "コカ・コーラ", "category": "amenity"}}, {"type": "Feature", "geometry": {"type": "Point", "coordinates": [139.7726048, 35.6926473]}, "properties": {"id": "place-989", "name": "神田鈴木皮膚科", "category": "amenity"}}, {"type": "Feature", "geometry": {"type": "Point", "coordinates": [139.7716702, 35.6923124]}, "properties": {"id": "place-990", "name": "みずほ銀行", "category": "amenity"}}, {"type": "Feature", "geometry": {"type": "Point", "coordinates": [139.7726284, 35.6925858]}, "properties": {"id": "place-991", "name": "ココロモクリニック神田", "category": "amenity"}}, {"type": "Feature", "geometry": {"type": "Point", "coordinates": [139.7726593, 35.6926598]}, "properties": {"id": "place-992", "name": "メトロファーマシー神田", "category": "amenity"}}, {"type": "Feature", "geometry": {"type": "Point", "coordinates": [139.7726945, 35.6925905]}, "properties": {"id": "place-993", "name": "神田ウィメンズクリニック", "category": "amenity"}}, {"type": "Feature", "geometry": {"type": "Point", "coordinates": [139.7718282, 35.6928465]}, "properties": {"id": "place-994", "name": "神田駅東自転車駐輪場", "category": "amenity"}}, {"type": "Feature", "geometry": {"type": "Point", "coordinates": [139.7722405, 35.6935692]}, "properties": {"id": "place-995", "name": "珈琲館", "category": "amenity"}}, {"type": "Feature", "geometry": {"type": "Point", "coordinates": [139.7736396, 35.6932722]}, "properties": {"id": "place-996", "name": "天ぷらさいとう", "category": "amenity"}}, {"type": "Feature", "geometry": {"type": "Point", "coordinates": [139.772894, 35.6937729]}, "properties": {"id": "place-997", "name": "東日本銀行", "category": "amenity"}}, {"type": "Feature", "geometry": {"type": "Point", "coordinates": [139.7731842, 35.6924382]}, "properties": {"id": "place-998", "name": "PARK100", "category": "amenity"}}, {"type": "Feature", "geometry": {"type": "Point", "coordinates": [139.7721788, 35.6926861]}, "properties": {"id": "place-999", "name": "角打神田", "category": "amenity"}}, {"type": "Feature", "geometry": {"type": "Point", "coordinates": [139.7724164, 35.692783]}, "properties": {"id": "place-1000", "name": "松本歯科クリニック", "category": "amenity"}}, {"type": "Feature", "geometry": {"type": "Point", "coordinates": [139.7720399, 35.6926382]}, "properties": {"id": "place-1001", "name": "てけてけ", "category": "amenity"}}, {"type": "Feature", "geometry": {"type": "Point", "coordinates": [139.7723829, 35.692736]}, "properties": {"id": "place-1002", "name": "LAON", "category": "amenity"}}, {"type": "Feature", "geometry": {"type": "Point", "coordinates": [139.7722828, 35.6926826]}, "properties": {"id": "place-1003", "name": "伊藤園", "category": "amenity"}}, {"type": "Feature", "geometry": {"type": "Point", "coordinates": [139.7724345, 35.6927514]}, "properties": {"id": "place-1004", "name": "広島焼 HIDE坊 神田店", "category": "amenity"}}, {"type": "Feature", "geometry": {"type": "Point", "coordinates": [139.7719574, 35.6926005]}, "properties": {"id": "place-1005", "name": "サントリー", "category": "amenity"}}, {"type": "Feature", "geometry": {"type": "Point", "coordinates": [139.7719541, 35.6925795]}, "properties": {"id": "place-1006", "name": "KIRIN", "category": "amenity"}}, {"type": "Feature", "geometry": {"type": "Point", "coordinates": [139.7649157, 35.693764]}, "properties": {"id": "place-1007", "name": "スマイルデンタルクリニック", "category": "amenity"}}, {"type": "Feature", "geometry": {"type": "Point", "coordinates": [139.7705091, 35.6911915]}, "properties": {"id": "place-1008", "name": "西口", "category": "railway"}}, {"type": "Feature", "geometry": {"type": "Point", "coordinates": [139.7655741, 35.6818313]}, "properties": {"id": "place-1009", "name": "東京", "category": "railway"}}, {"type": "Feature", "geometry": {"type": "Point", "coordinates": [139.7656838, 35.6817904]}, "properties": {"id": "place-1010", "name": "東京", "category": "railway"}}, {"type": "Feature", "geometry": {"type": "Point", "coordinates": [139.7654809, 35.6818453]}, "properties": {"id": "place-1011", "name": "東京", "category": "railway"}}, {"type": "Feature", "geometry": {"type": "Point", "coordinates": [139.7682069, 35.6918562]}, "properties": {"id": "place-1012", "name": "VR忍者道場", "category": "tourism"}}, {"type": "Feature", "geometry": {"type": "Point", "coordinates": [139.7727151, 35.693436]}, "properties": {"id": "place-1013", "name": "薬膳レトルトのお店", "category": "shop"}}, {"type": "Feature", "geometry": {"type": "Point", "coordinates": [139.7727378, 35.6923006]}, "properties": {"id": "place-1014", "name": "花しん", "category": "shop"}}, {"type": "Feature", "geometry": {"type": "Point", "coordinates": [139.7721037, 35.6935315]}, "properties": {"id": "place-1015", "name": "勝男", "category": "amenity"}}, {"type": "Feature", "geometry": {"type": "Point", "coordinates": [139.7748102, 35.6838198]}, "properties": {"id": "place-1016", "name": "日本橋観光桟橋", "category": "amenity"}}, {"type": "Feature", "geometry": {"type": "Point", "coordinates": [139.7735801, 35.6791658]}, "properties": {"id": "place-1017", "name": "香港上海銀行", "category": "amenity"}}, {"type": "Feature", "geometry": {"type": "Point", "coordinates": [139.7710994, 35.6807467]}, "properties": {"id": "place-1018", "name": "Big echo karaoke", "category": "amenity"}}, {"type": "Feature", "geometry": {"type": "Point", "coordinates": [139.7686345, 35.69114]}, "properties": {"id": "place-1019", "name": "銀座　天津飯店", "category": "amenity"}}, {"type": "Feature", "geometry": {"type": "Point", "coordinates": [139.7719758, 35.6931603]}, "properties": {"id": "place-1020", "name": "イワサキクリニック", "category": "amenity"}}, {"type": "Feature", "geometry": {"type": "Point", "coordinates": [139.7718949, 35.693014]}, "properties": {"id": "place-1021", "name": "麺屋他力", "category": "amenity"}}, {"type": "Feature", "geometry": {"type": "Point", "coordinates": [139.7694985, 35.6804271]}, "properties": {"id": "place-1022", "name": "トヨタレンタカー", "category": "amenity"}}, {"type": "Feature", "geometry": {"type": "Point", "coordinates": [139.7758674, 35.685411]}, "properties": {"id": "place-1023", "name": "日本橋弁松総本店", "category": "amenity"}}, {"type": "Feature", "geometry": {"type": "Point", "coordinates": [139.7723739, 35.6920225]}, "properties": {"id": "place-1024", "name": "エコロパーク", "category": "amenity"}}, {"type": "Feature", "geometry": {"type": "Point", "coordinates": [139.7723632, 35.6924385]}, "properties": {"id": "place-1025", "name": "タイムズカーシェア", "category": "amenity"}}, {"type": "Feature", "geometry": {"type": "Point", "coordinates": [139.7698306, 35.6910149]}, "properties": {"id": "place-1026", "name": "はっち 神田店", "category": "amenity"}}, {"type": "Feature", "geometry": {"type": "Point", "coordinates": [139.7708239, 35.6933456]}, "properties": {"id": "place-1027", "name": "香港厨房", "category": "amenity"}}, {"type": "Feature", "geometry": {"type": "Point", "coordinates": [139.771254, 35.6934065]}, "properties": {"id": "place-1028", "name": "月極駐車場", "category": "amenity"}}, {"type": "Feature", "geometry": {"type": "Point", "coordinates": [139.771339, 35.6934309]}, "properties": {"id": "place-1029", "name": "三井のリパーク", "category": "amenity"}}, {"type": "Feature", "geometry": {"type": "Point", "coordinates": [139.7685386, 35.6811383]}, "properties": {"id": "place-1030", "name": "Japan Rail Café", "category": "amenity"}}, {"type": "Feature", "geometry": {"type": "Point", "coordinates": [139.7722104, 35.6901692]}, "properties": {"id": "place-1031", "name": "今川橋由来碑", "category": "tourism"}}, {"type": "Feature", "geometry": {"type": "Point", "coordinates": [139.7707117, 35.6938654]}, "properties": {"id": "place-1032", "name": "神田鍛冶町三丁目", "category": "tourism"}}, {"type": "Feature", "geometry": {"type": "Point", "coordinates": [139.7621122, 35.6807247]}, "properties": {"id": "place-1033", "name": "二重橋前駅(メトロ4番出口)", "category": "amenity"}}, {"type": "Feature", "geometry": {"type": "Point", "coordinates": [139.7721217, 35.6923901]}, "properties": {"id": "place-1034", "name": "ウエストパーキング 神田鍛冶町", "category": "amenity"}}, {"type": "Feature", "geometry": {"type": "Point", "coordinates": [139.7714136, 35.6928943]}, "properties": {"id": "place-1035", "name": "スターチケット", "category": "shop"}}, {"type": "Feature", "geometry": {"type": "Point", "coordinates": [139.7715163, 35.692806]}, "properties": {"id": "place-1036", "name": "QBハウス", "category": "shop"}}, {"type": "Feature", "geometry": {"type": "Point", "coordinates": [139.7721562, 35.6924219]}, "properties": {"id": "place-1037", "name": "ウエストパーキング神田鍛冶町", "category": "amenity"}}, {"type": "Feature", "geometry": {"type": "Point", "coordinates": [139.7713983, 35.6929098]}, "properties": {"id": "place-1038", "name": "エーストラベル インターナショナル", "category": "shop"}}, {"type": "Feature", "geometry": {"type": "Point", "coordinates": [139.7714763, 35.6928348]}, "properties": {"id": "place-1039", "name": "チケット大黒屋", "category": "shop"}}, {"type": "Feature", "geometry": {"type": "Point", "coordinates": [139.777752, 35.6862122]}, "properties": {"id": "place-1040", "name": "竺仙", "category": "shop"}}, {"type": "Feature", "geometry": {"type": "Point", "coordinates": [139.7661955, 35.6824556]}, "properties": {"id": "place-1041", "name": "PocketChange", "category": "amenity"}}, {"type": "Feature", "geometry": {"type": "Point", "coordinates": [139.7686102, 35.680883]}, "properties": {"id": "place-1042", "name": "PocketChange", "category": "amenity"}}, {"type": "Feature", "geometry": {"type": "Point", "coordinates": [139.7756825, 35.6858286]}, "properties": {"id": "place-1043", "name": "神茂", "category": "shop"}}, {"type": "Feature", "geometry": {"type": "Point", "coordinates": [139.7747337, 35.6848796]}, "properties": {"id": "place-1044", "name": "八木長", "category": "shop"}}, {"type": "Feature", "geometry": {"type": "Point", "coordinates": [139.7751849, 35.6865347]}, "properties": {"id": "place-1045", "name": "文明堂", "category": "shop"}}, {"type": "Feature", "geometry": {"type": "Point", "coordinates": [139.7743622, 35.6867812]}, "properties": {"id": "place-1046", "name": "日本橋案内所", "category": "tourism"}}, {"type": "Feature", "geometry": {"type": "Point", "coordinates": [139.7742831, 35.6865644]}, "properties": {"id": "place-1047", "name": "にんべん日本橋", "category": "shop"}}, {"type": "Feature", "geometry": {"type": "Point", "coordinates": [139.7742227, 35.686559]}, "properties": {"id": "place-1048", "name": "木屋", "category": "shop"}}, {"type": "Feature", "geometry": {"type": "Point", "coordinates": [139.7750341, 35.6878214]}, "properties": {"id": "place-1049", "name": "象彦", "category": "shop"}}, {"type": "Feature", "geometry": {"type": "Point", "coordinates": [139.7772898, 35.6874168]}, "properties": {"id": "place-1050", "name": "伊場仙", "category": "shop"}}, {"type": "Feature", "geometry": {"type": "Point", "coordinates": [139.771787, 35.6893998]}, "properties": {"id": "place-1051", "name": "室町 砂場", "category": "amenity"}}, {"type": "Feature", "geometry": {"type": "Point", "coordinates": [139.773707, 35.6835286]}, "properties": {"id": "place-1052", "name": "榮太樓總本鋪", "category": "shop"}}, {"type": "Feature", "geometry": {"type": "Point", "coordinates": [139.7736882, 35.6798739]}, "properties": {"id": "place-1053", "name": "吉野鮨", "category": "amenity"}}, {"type": "Feature", "geometry": {"type": "Point", "coordinates": [139.7688657, 35.6827196]}, "properties": {"id": "place-1054", "name": "仮面ライダーストア", "category": "shop"}}, {"type": "Feature", "geometry": {"type": "Point", "coordinates": [139.767473, 35.6950614]}, "properties": {"id": "place-1055", "name": "淡路町", "category": "railway"}}, {"type": "Feature", "geometry": {"type": "Point", "coordinates": [139.7662244, 35.6867882]}, "properties": {"id": "place-1056", "name": "大手町", "category": "railway"}}, {"type": "Feature", "geometry": {"type": "Point", "coordinates": [139.767616, 35.6932037]}, "properties": {"id": "place-1057", "name": "塩生姜らー麺専門店　MANNISH", "category": "amenity"}}, {"type": "Feature", "geometry": {"type": "Point", "coordinates": [139.7695236, 35.6928332]}, "properties": {"id": "place-1058", "name": "イービストレード", "category": "office"}}, {"type": "Feature", "geometry": {"type": "Point", "coordinates": [139.7654961, 35.6932479]}, "properties": {"id": "place-1059", "name": "株式会社日立パワーソリューションズ　東京支社", "category": "office"}}, {"type": "Feature", "geometry": {"type": "Point", "coordinates": [139.773311, 35.6920241]}, "properties": {"id": "place-1060", "name": "サスティナブルキッチンROSY", "category": "amenity"}}, {"type": "Feature", "geometry": {"type": "Point", "coordinates": [139.7758621, 35.6818798]}, "properties": {"id": "place-1061", "name": "日本橋", "category": "railway"}}, {"type": "Feature", "geometry": {"type": "Point", "coordinates": [139.7708346, 35.6943949]}, "properties": {"id": "place-1062", "name": "神田きくかわ", "category": "amenity"}}, {"type": "Feature", "geometry": {"type": "Point", "coordinates": [139.771086, 35.6944894]}, "properties": {"id": "place-1063", "name": "とんかつ梅亭", "category": "amenity"}}, {"type": "Feature", "geometry": {"type": "Point", "coordinates": [139.7709455, 35.6943999]}, "properties": {"id": "place-1064", "name": "アサヒビール", "category": "amenity"}}, {"type": "Feature", "geometry": {"type": "Point", "coordinates": [139.7709051, 35.6944198]}, "properties": {"id": "place-1065", "name": "恵比元", "category": "amenity"}}, {"type": "Feature", "geometry": {"type": "Point", "coordinates": [139.7704162, 35.6943029]}, "properties": {"id": "place-1066", "name": "内山歯科医院", "category": "amenity"}}, {"type": "Feature", "geometry": {"type": "Point", "coordinates": [139.7696943, 35.6941215]}, "properties": {"id": "place-1067", "name": "弥八", "category": "amenity"}}, {"type": "Feature", "geometry": {"type": "Point", "coordinates": [139.7698082, 35.6941535]}, "properties": {"id": "place-1068", "name": "大同精機", "category": "office"}}, {"type": "Feature", "geometry": {"type": "Point", "coordinates": [139.7697922, 35.6941885]}, "properties": {"id": "place-1069", "name": "シンクライフ", "category": "office"}}, {"type": "Feature", "geometry": {"type": "Point", "coordinates": [139.7700075, 35.6942776]}, "properties": {"id": "place-1070", "name": "神田音楽学校", "category": "amenity"}}, {"type": "Feature", "geometry": {"type": "Point", "coordinates": [139.770043, 35.6942852]}, "properties": {"id": "place-1071", "name": "寿司孝", "category": "amenity"}}, {"type": "Feature", "geometry": {"type": "Point", "coordinates": [139.7686495, 35.6938795]}, "properties": {"id": "place-1072", "name": "トヨタレンタカー", "category": "amenity"}}, {"type": "Feature", "geometry": {"type": "Point", "coordinates": [139.7688724, 35.6938861]}, "properties": {"id": "place-1073", "name": "つちのと", "category": "amenity"}}, {"type": "Feature", "geometry": {"type": "Point", "coordinates": [139.7695141, 35.6940174]}, "properties": {"id": "place-1074", "name": "アサヒ飲料", "category": "amenity"}}, {"type": "Feature", "geometry": {"type": "Point", "coordinates": [139.7691061, 35.6940231]}, "properties": {"id": "place-1075", "name": "鳥正", "category": "shop"}}, {"type": "Feature", "geometry": {"type": "Point", "coordinates": [139.7682635, 35.6937026]}, "properties": {"id": "place-1076", "name": "さとし堂", "category": "shop"}}, {"type": "Feature", "geometry": {"type": "Point", "coordinates": [139.7682961, 35.6937349]}, "properties": {"id": "place-1077", "name": "KAMAYOSHI", "category": "amenity"}}, {"type": "Feature", "geometry": {"type": "Point", "coordinates": [139.7683998, 35.6937486]}, "properties": {"id": "place-1078", "name": "巴里の介", "category": "amenity"}}, {"type": "Feature", "geometry": {"type": "Point", "coordinates": [139.768442, 35.693911]}, "properties": {"id": "place-1079", "name": "野々村商店", "category": "shop"}}, {"type": "Feature", "geometry": {"type": "Point", "coordinates": [139.7714205, 35.6944029]}, "properties": {"id": "place-1080", "name": "Strato-Crazy", "category": "shop"}}, {"type": "Feature", "geometry": {"type": "Point", "coordinates": [139.7712462, 35.6943289]}, "properties": {"id": "place-1081", "name": "バラエティーショップハヤサカ", "category": "shop"}}, {"type": "Feature", "geometry": {"type": "Point", "coordinates": [139.7711878, 35.694324]}, "properties": {"id": "place-1082", "name": "原満男税理士事務所", "category": "office"}}, {"type": "Feature", "geometry": {"type": "Point", "coordinates": [139.7711979, 35.6943163]}, "properties": {"id": "place-1083", "name": "Candy", "category": "shop"}}, {"type": "Feature", "geometry": {"type": "Point", "coordinates": [139.7711308, 35.6943065]}, "properties": {"id": "place-1084", "name": "廣文堂", "category": "shop"}}, {"type": "Feature", "geometry": {"type": "Point", "coordinates": [139.7699284, 35.6938443]}, "properties": {"id": "place-1085", "name": "田園", "category": "amenity"}}, {"type": "Feature", "geometry": {"type": "Point", "coordinates": [139.7698843, 35.6939383]}, "properties": {"id": "place-1086", "name": "カレーノトリコ", "category": "amenity"}}, {"type": "Feature", "geometry": {"type": "Point", "coordinates": [139.7698694, 35.6939655]}, "properties": {"id": "place-1087", "name": "担々麺ピリリ", "category": "amenity"}}, {"type": "Feature", "geometry": {"type": "Point", "coordinates": [139.7699587, 35.6939531]}, "properties": {"id": "place-1088", "name": "はなの舞", "category": "amenity"}}, {"type": "Feature", "geometry": {"type": "Point", "coordinates": [139.7701444, 35.694025]}, "properties": {"id": "place-1089", "name": "エル・プランニング", "category": "office"}}, {"type": "Feature", "geometry": {"type": "Point", "coordinates": [139.7701404, 35.6940457]}, "properties": {"id": "place-1090", "name": "キッチンジロー", "category": "amenity"}}, {"type": "Feature", "geometry": {"type": "Point", "coordinates": [139.7704858, 35.6941889]}, "properties": {"id": "place-1091", "name": "一八通り", "category": "tourism"}}, {"type": "Feature", "geometry": {"type": "Point", "coordinates": [139.7674957, 35.6951281]}, "properties": {"id": "place-1092", "name": "淡路町", "category": "railway"}}, {"type": "Feature", "geometry": {"type": "Point", "coordinates": [139.7662381, 35.6867885]}, "properties": {"id": "place-1093", "name": "大手町", "category": "railway"}}, {"type": "Feature", "geometry": {"type": "Point", "coordinates": [139.7706641, 35.693305]}, "properties": {"id": "place-1094", "name": "御盛旬味家", "category": "amenity"}}, {"type": "Feature", "geometry": {"type": "Point", "coordinates": [139.7706755, 35.6932914]}, "properties": {"id": "place-1095", "name": "岬", "category": "amenity"}}, {"type": "Feature", "geometry": {"type": "Point", "coordinates": [139.7706775, 35.6931874]}, "properties": {"id": "place-1096", "name": "山田歯科医院", "category": "amenity"}}, {"type": "Feature", "geometry": {"type": "Point", "coordinates": [139.7699513, 35.693793]}, "properties": {"id": "place-1097", "name": "ツバキ", "category": "amenity"}}, {"type": "Feature", "geometry": {"type": "Point", "coordinates": [139.7698327, 35.6936896]}, "properties": {"id": "place-1098", "name": "海王丸", "category": "amenity"}}, {"type": "Feature", "geometry": {"type": "Point", "coordinates": [139.770005, 35.6937081]}, "properties": {"id": "place-1099", "name": "ツボイ", "category": "office"}}, {"type": "Feature", "geometry": {"type": "Point", "coordinates": [139.770038, 35.6936505]}, "properties": {"id": "place-1100", "name": "もつ焼 元希", "category": "amenity"}}, {"type": "Feature", "geometry": {"type": "Point", "coordinates": [139.7702323, 35.6936917]}, "properties": {"id": "place-1101", "name": "ファーストライズ", "category": "office"}}, {"type": "Feature", "geometry": {"type": "Point", "coordinates": [139.77029, 35.6937146]}, "properties": {"id": "place-1102", "name": "ライフアンドワーク", "category": "office"}}, {"type": "Feature", "geometry": {"type": "Point", "coordinates": [139.7702323, 35.693707]}, "properties": {"id": "place-1103", "name": "なごや味", "category": "amenity"}}, {"type": "Feature", "geometry": {"type": "Point", "coordinates": [139.7702644, 35.6937095]}, "properties": {"id": "place-1104", "name": "お好み焼 カープ", "category": "amenity"}}, {"type": "Feature", "geometry": {"type": "Point", "coordinates": [139.7721835, 35.6940831]}, "properties": {"id": "place-1105", "name": "あわどり", "category": "amenity"}}, {"type": "Feature", "geometry": {"type": "Point", "coordinates": [139.7721691, 35.6940446]}, "properties": {"id": "place-1106", "name": "高架画廊", "category": "shop"}}, {"type": "Feature", "geometry": {"type": "Point", "coordinates": [139.7741939, 35.6890005]}, "properties": {"id": "place-1107", "name": "新日本橋", "category": "railway"}}, {"type": "Feature", "geometry": {"type": "Point", "coordinates": [139.774218, 35.6889584]}, "properties": {"id": "place-1108", "name": "新日本橋", "category": "railway"}}, {"type": "Feature", "geometry": {"type": "Point", "coordinates": [139.7668527, 35.6780551]}, "properties": {"id": "place-1109", "name": "ガンホー・オンライン・エンターテイメント", "category": "office"}}, {"type": "Feature", "geometry": {"type": "Point", "coordinates": [139.7751233, 35.6879351]}, "properties": {"id": "place-1110", "name": "ニトロプラス", "category": "office"}}, {"type": "Feature", "geometry": {"type": "Point", "coordinates": [139.7701048, 35.6815742]}, "properties": {"id": "place-1111", "name": "チケット大黒屋", "category": "shop"}}, {"type": "Feature", "geometry": {"type": "Point", "coordinates": [139.7708514, 35.6823612]}, "properties": {"id": "place-1112", "name": "ルノアール", "category": "amenity"}}, {"type": "Feature", "geometry": {"type": "Point", "coordinates": [139.7672838, 35.6936525]}, "properties": {"id": "place-1113", "name": "大塚製薬", "category": "office"}}, {"type": "Feature", "geometry": {"type": "Point", "coordinates": [139.7672745, 35.6935476]}, "properties": {"id": "place-1114", "name": "大塚製薬", "category": "office"}}, {"type": "Feature", "geometry": {"type": "Point", "coordinates": [139.7657724, 35.6936426]}, "properties": {"id": "place-1115", "name": "麻辣四川", "category": "amenity"}}, {"type": "Feature", "geometry": {"type": "Point", "coordinates": [139.7658607, 35.6936245]}, "properties": {"id": "place-1116", "name": "オクスアイ医療事業開発", "category": "office"}}, {"type": "Feature", "geometry": {"type": "Point", "coordinates": [139.765865, 35.693605]}, "properties": {"id": "place-1117", "name": "十字堂薬局", "category": "amenity"}}, {"type": "Feature", "geometry": {"type": "Point", "coordinates": [139.7660507, 35.6935899]}, "properties": {"id": "place-1118", "name": "小川歯科クリニック", "category": "amenity"}}, {"type": "Feature", "geometry": {"type": "Point", "coordinates": [139.7661258, 35.69358]}, "properties": {"id": "place-1119", "name": "花乃碗", "category": "amenity"}}, {"type": "Feature", "geometry": {"type": "Point", "coordinates": [139.7647123, 35.6937418]}, "properties": {"id": "place-1120", "name": "エネオス", "category": "amenity"}}, {"type": "Feature", "geometry": {"type": "Point", "coordinates": [139.7642181, 35.6938137]}, "properties": {"id": "place-1121", "name": "ソト ベタウィ 宮本", "category": "amenity"}}, {"type": "Feature", "geometry": {"type": "Point", "coordinates": [139.7642657, 35.6937641]}, "properties": {"id": "place-1122", "name": "三輪歯科医院", "category": "amenity"}}, {"type": "Feature", "geometry": {"type": "Point", "coordinates": [139.7643348, 35.693787]}, "properties": {"id": "place-1123", "name": "いろにしき", "category": "amenity"}}, {"type": "Feature", "geometry": {"type": "Point", "coordinates": [139.7643656, 35.6937848]}, "properties": {"id": "place-1124", "name": "びおん", "category": "amenity"}}, {"type": "Feature", "geometry": {"type": "Point", "coordinates": [139.7644575, 35.6937745]}, "properties": {"id": "place-1125", "name": "ほっともっと", "category": "amenity"}}, {"type": "Feature", "geometry": {"type": "Point", "coordinates": [139.7746506, 35.6912083]}, "properties": {"id": "place-1126", "name": "スタジオ・ビーム", "category": "amenity"}}, {"type": "Feature", "geometry": {"type": "Point", "coordinates": [139.7626822, 35.687167]}, "properties": {"id": "place-1127", "name": "都旧跡 将門塚", "category": "tourism"}}, {"type": "Feature", "geometry": {"type": "Point", "coordinates": [139.7703972, 35.683333]}, "properties": {"id": "place-1128", "name": "京都銀行", "category": "amenity"}}, {"type": "Feature", "geometry": {"type": "Point", "coordinates": [139.7627814, 35.6833061]}, "properties": {"id": "place-1129", "name": "大手町 D3", "category": "railway", "ref": "D3"}}, {"type": "Feature", "geometry": {"type": "Point", "coordinates": [139.7733097, 35.6882731]}, "properties": {"id": "place-1130", "name": "新日本橋駅", "category": "railway"}}, {"type": "Feature", "geometry": {"type": "Point", "coordinates": [139.7720308, 35.6815095]}, "properties": {"id": "place-1131", "name": "おいでませ山口館", "category": "shop"}}, {"type": "Feature", "geometry": {"type": "Point", "coordinates": [139.7737446, 35.6829321]}, "properties": {"id": "place-1132", "name": "うさぎや", "category": "shop"}}, {"type": "Feature", "geometry": {"type": "Point", "coordinates": [139.7666459, 35.6947929]}, "properties": {"id": "place-1133", "name": "SMBCヒューマン・キャリア", "category": "office"}}, {"type": "Feature", "geometry": {"type": "Point", "coordinates": [139.7666493, 35.6947517]}, "properties": {"id": "place-1134", "name": "SMBCスタッフサービス", "category": "office"}}, {"type": "Feature", "geometry": {"type": "Point", "coordinates": [139.7669858, 35.6949013]}, "properties": {"id": "place-1135", "name": "ニチイ学館", "category": "office"}}, {"type": "Feature", "geometry": {"type": "Point", "coordinates": [139.7670359, 35.6948529]}, "properties": {"id": "place-1136", "name": "産経新聞開発", "category": "office"}}, {"type": "Feature", "geometry": {"type": "Point", "coordinates": [139.7670156, 35.6948857]}, "properties": {"id": "place-1137", "name": "山甚物産", "category": "office"}}, {"type": "Feature", "geometry": {"type": "Point", "coordinates": [139.7672104, 35.6949592]}, "properties": {"id": "place-1138", "name": "データ・キーピング・サービス", "category": "office"}}, {"type": "Feature", "geometry": {"type": "Point", "coordinates": [139.767236, 35.6949826]}, "properties": {"id": "place-1139", "name": "産経広告社", "category": "office"}}, {"type": "Feature", "geometry": {"type": "Point", "coordinates": [139.7676534, 35.6929685]}, "properties": {"id": "place-1140", "name": "神田児童公園（西側交番横）", "category": "amenity"}}, {"type": "Feature", "geometry": {"type": "Point", "coordinates": [139.773484, 35.6933563]}, "properties": {"id": "place-1141", "name": "餃子市場", "category": "amenity"}}, {"type": "Feature", "geometry": {"type": "Point", "coordinates": [139.7728143, 35.6924523]}, "properties": {"id": "place-1142", "name": "和が家", "category": "amenity"}}, {"type": "Feature", "geometry": {"type": "Point", "coordinates": [139.7722737, 35.6927036]}, "properties": {"id": "place-1143", "name": "伊藤園", "category": "amenity"}}, {"type": "Feature", "geometry": {"type": "Point", "coordinates": [139.768061, 35.6951545]}, "properties": {"id": "place-1144", "name": "満月盧", "category": "amenity"}}, {"type": "Feature", "geometry": {"type": "Point", "coordinates": [139.7681107, 35.6951218]}, "properties": {"id": "place-1145", "name": "カリー屋ジンコック", "category": "amenity"}}, {"type": "Feature", "geometry": {"type": "Point", "coordinates": [139.7683179, 35.6947297]}, "properties": {"id": "place-1146", "name": "家庭料理みずむら", "category": "amenity"}}, {"type": "Feature", "geometry": {"type": "Point", "coordinates": [139.7681884, 35.6942657]}, "properties": {"id": "place-1147", "name": "アース環境サービス", "category": "office"}}, {"type": "Feature", "geometry": {"type": "Point", "coordinates": [139.7681214, 35.694233]}, "properties": {"id": "place-1148", "name": "アース・ペット", "category": "office"}}, {"type": "Feature", "geometry": {"type": "Point", "coordinates": [139.7681844, 35.6942069]}, "properties": {"id": "place-1149", "name": "白元アース", "category": "office"}}, {"type": "Feature", "geometry": {"type": "Point", "coordinates": [139.7682139, 35.6942548]}, "properties": {"id": "place-1150", "name": "バスクリン", "category": "office"}}, {"type": "Feature", "geometry": {"type": "Point", "coordinates": [139.7681616, 35.6942439]}, "properties": {"id": "place-1151", "name": "アース製薬", "category": "office"}}, {"type": "Feature", "geometry": {"type": "Point", "coordinates": [139.7692801, 35.6924079]}, "properties": {"id": "place-1152", "name": "エッサム神田ホール", "category": "amenity"}}, {"type": "Feature", "geometry": {"type": "Point", "coordinates": [139.7687597, 35.6930439]}, "properties": {"id": "place-1153", "name": "千代田区からのお知らせ", "category": "tourism"}}, {"type": "Feature", "geometry": {"type": "Point", "coordinates": [139.7682376, 35.6925629]}, "properties": {"id": "place-1154", "name": "PRONTO", "category": "amenity"}}, {"type": "Feature", "geometry": {"type": "Point", "coordinates": [139.7689506, 35.6918658]}, "properties": {"id": "place-1155", "name": "ハナ外語学校", "category": "amenity"}}, {"type": "Feature", "geometry": {"type": "Point", "coordinates": [139.7689253, 35.6918068]}, "properties": {"id": "place-1156", "name": "和食の故郷", "category": "amenity"}}, {"type": "Feature", "geometry": {"type": "Point", "coordinates": [139.7689996, 35.6920579]}, "properties": {"id": "place-1157", "name": "タイムズ", "category": "amenity"}}, {"type": "Feature", "geometry": {"type": "Point", "coordinates": [139.768954, 35.6920277]}, "properties": {"id": "place-1158", "name": "楚々", "category": "shop"}}, {"type": "Feature", "geometry": {"type": "Point", "coordinates": [139.768954, 35.6921931]}, "properties": {"id": "place-1159", "name": "トランクルームライド", "category": "shop"}}, {"type": "Feature", "geometry": {"type": "Point", "coordinates": [139.7689125, 35.6923511]}, "properties": {"id": "place-1160", "name": "Orafol", "category": "office"}}, {"type": "Feature", "geometry": {"type": "Point", "coordinates": [139.7680577, 35.6914278]}, "properties": {"id": "place-1161", "name": "福はら", "category": "amenity"}}, {"type": "Feature", "geometry": {"type": "Point", "coordinates": [139.7681217, 35.6914917]}, "properties": {"id": "place-1162", "name": "新月", "category": "amenity"}}, {"type": "Feature", "geometry": {"type": "Point", "coordinates": [139.7680493, 35.6914928]}, "properties": {"id": "place-1163", "name": "グリーンアート設計事務所", "category": "office"}}, {"type": "Feature", "geometry": {"type": "Point", "coordinates": [139.7680908, 35.6914873]}, "properties": {"id": "place-1164", "name": "しあつ村", "category": "shop"}}, {"type": "Feature", "geometry": {"type": "Point", "coordinates": [139.7680129, 35.6917492]}, "properties": {"id": "place-1165", "name": "モダン和食Nagai", "category": "amenity"}}, {"type": "Feature", "geometry": {"type": "Point", "coordinates": [139.7680002, 35.6917238]}, "properties": {"id": "place-1166", "name": "九九", "category": "amenity"}}, {"type": "Feature", "geometry": {"type": "Point", "coordinates": [139.7680061, 35.6912949]}, "properties": {"id": "place-1167", "name": "魚丼", "category": "amenity"}}, {"type": "Feature", "geometry": {"type": "Point", "coordinates": [139.7682957, 35.6913892]}, "properties": {"id": "place-1168", "name": "El Toros", "category": "amenity"}}, {"type": "Feature", "geometry": {"type": "Point", "coordinates": [139.7683876, 35.6912808]}, "properties": {"id": "place-1169", "name": "朝日電機商事", "category": "office"}}, {"type": "Feature", "geometry": {"type": "Point", "coordinates": [139.7683212, 35.6912977]}, "properties": {"id": "place-1170", "name": "やすらぎ", "category": "shop"}}, {"type": "Feature", "geometry": {"type": "Point", "coordinates": [139.7683038, 35.6913205]}, "properties": {"id": "place-1171", "name": "市川社会保険労務士事務所", "category": "office"}}, {"type": "Feature", "geometry": {"type": "Point", "coordinates": [139.7682877, 35.6912966]}, "properties": {"id": "place-1172", "name": "味彩", "category": "amenity"}}, {"type": "Feature", "geometry": {"type": "Point", "coordinates": [139.7682488, 35.6912857]}, "properties": {"id": "place-1173", "name": "いろは鮨", "category": "amenity"}}, {"type": "Feature", "geometry": {"type": "Point", "coordinates": [139.768226, 35.6911277]}, "properties": {"id": "place-1174", "name": "みとや", "category": "amenity"}}, {"type": "Feature", "geometry": {"type": "Point", "coordinates": [139.7681652, 35.6909288]}, "properties": {"id": "place-1175", "name": "東京花壇", "category": "shop"}}, {"type": "Feature", "geometry": {"type": "Point", "coordinates": [139.767963, 35.6910059]}, "properties": {"id": "place-1176", "name": "いきしぐさ", "category": "amenity"}}, {"type": "Feature", "geometry": {"type": "Point", "coordinates": [139.7679896, 35.6909938]}, "properties": {"id": "place-1177", "name": "罠", "category": "amenity"}}, {"type": "Feature", "geometry": {"type": "Point", "coordinates": [139.7680322, 35.6911442]}, "properties": {"id": "place-1178", "name": "土房", "category": "amenity"}}, {"type": "Feature", "geometry": {"type": "Point", "coordinates": [139.7680396, 35.6911624]}, "properties": {"id": "place-1179", "name": "江戸牛", "category": "amenity"}}, {"type": "Feature", "geometry": {"type": "Point", "coordinates": [139.7674777, 35.6913576]}, "properties": {"id": "place-1180", "name": "Bosco", "category": "amenity"}}, {"type": "Feature", "geometry": {"type": "Point", "coordinates": [139.767534, 35.6913472]}, "properties": {"id": "place-1181", "name": "やきとり道場", "category": "amenity"}}, {"type": "Feature", "geometry": {"type": "Point", "coordinates": [139.7677915, 35.6913205]}, "properties": {"id": "place-1182", "name": "伊勢ろく", "category": "amenity"}}, {"type": "Feature", "geometry": {"type": "Point", "coordinates": [139.7678686, 35.6913026]}, "properties": {"id": "place-1183", "name": "The Tobacco", "category": "shop"}}, {"type": "Feature", "geometry": {"type": "Point", "coordinates": [139.767947, 35.6912988]}, "properties": {"id": "place-1184", "name": "神田駅西口商店街喫煙所", "category": "amenity"}}, {"type": "Feature", "geometry": {"type": "Point", "coordinates": [139.768163, 35.6939177]}, "properties": {"id": "place-1185", "name": "秀美堂", "category": "office"}}, {"type": "Feature", "geometry": {"type": "Point", "coordinates": [139.7682226, 35.6936999]}, "properties": {"id": "place-1186", "name": "うお竹", "category": "amenity"}}, {"type": "Feature", "geometry": {"type": "Point", "coordinates": [139.768283, 35.6935223]}, "properties": {"id": "place-1187", "name": "枝松製作所", "category": "office"}}, {"type": "Feature", "geometry": {"type": "Point", "coordinates": [139.7681884, 35.6935033]}, "properties": {"id": "place-1188", "name": "玉寿司", "category": "amenity"}}, {"type": "Feature", "geometry": {"type": "Point", "coordinates": [139.7680652, 35.6934723]}, "properties": {"id": "place-1189", "name": "金魚", "category": "amenity"}}, {"type": "Feature", "geometry": {"type": "Point", "coordinates": [139.7680566, 35.6934896]}, "properties": {"id": "place-1190", "name": "ハンバーグ大地", "category": "amenity"}}, {"type": "Feature", "geometry": {"type": "Point", "coordinates": [139.7681725, 35.6946543]}, "properties": {"id": "place-1191", "name": "関羽ビルサービス", "category": "office"}}, {"type": "Feature", "geometry": {"type": "Point", "coordinates": [139.7681759, 35.6946289]}, "properties": {"id": "place-1192", "name": "秀永", "category": "office"}}, {"type": "Feature", "geometry": {"type": "Point", "coordinates": [139.7680086, 35.6945624]}, "properties": {"id": "place-1193", "name": "Grilled Aging Beef Delicatessen", "category": "amenity"}}, {"type": "Feature", "geometry": {"type": "Point", "coordinates": [139.7679892, 35.6944169]}, "properties": {"id": "place-1194", "name": "科学評論社", "category": "office"}}, {"type": "Feature", "geometry": {"type": "Point", "coordinates": [139.7680281, 35.6943586]}, "properties": {"id": "place-1195", "name": "日本3PL協会", "category": "office"}}, {"type": "Feature", "geometry": {"type": "Point", "coordinates": [139.7706584, 35.6928808]}, "properties": {"id": "place-1196", "name": "マルトクチケット", "category": "shop"}}, {"type": "Feature", "geometry": {"type": "Point", "coordinates": [139.7709134, 35.6926134]}, "properties": {"id": "place-1197", "name": "富士そば", "category": "amenity"}}, {"type": "Feature", "geometry": {"type": "Point", "coordinates": [139.7671782, 35.6870762]}, "properties": {"id": "place-1198", "name": "ローソン", "category": "shop"}}, {"type": "Feature", "geometry": {"type": "Point", "coordinates": [139.7666525, 35.6868409]}, "properties": {"id": "place-1199", "name": "NTT", "category": "office"}}, {"type": "Feature", "geometry": {"type": "Point", "coordinates": [139.7667901, 35.6877341]}, "properties": {"id": "place-1200", "name": "NTT", "category": "office"}}, {"type": "Feature", "geometry": {"type": "Point", "coordinates": [139.7674357, 35.6873579]}, "properties": {"id": "place-1201", "name": "NTT", "category": "office"}}, {"type": "Feature", "geometry": {"type": "Point", "coordinates": [139.7678451, 35.6858213]}, "properties": {"id": "place-1202", "name": "NTT", "category": "office"}}, {"type": "Feature", "geometry": {"type": "Point", "coordinates": [139.767112, 35.685894]}, "properties": {"id": "place-1203", "name": "NTT", "category": "office"}}, {"type": "Feature", "geometry": {"type": "Point", "coordinates": [139.7637584, 35.6856511]}, "properties": {"id": "place-1204", "name": "NTT", "category": "office"}}, {"type": "Feature", "geometry": {"type": "Point", "coordinates": [139.7721016, 35.693614]}, "properties": {"id": "place-1205", "name": "Parking in 神田鍛冶町2丁目バイク", "category": "amenity"}}, {"type": "Feature", "geometry": {"type": "Point", "coordinates": [139.7729017, 35.6929694]}, "properties": {"id": "place-1206", "name": "お酒の美術館", "category": "amenity"}}, {"type": "Feature", "geometry": {"type": "Point", "coordinates": [139.7721728, 35.6935472]}, "properties": {"id": "place-1207", "name": "ICHIHANA", "category": "shop"}}, {"type": "Feature", "geometry": {"type": "Point", "coordinates": [139.7735499, 35.6934851]}, "properties": {"id": "place-1208", "name": "神田尾張屋", "category": "amenity"}}, {"type": "Feature", "geometry": {"type": "Point", "coordinates": [139.7719665, 35.6928298]}, "properties": {"id": "place-1209", "name": "やきとりセンター", "category": "amenity"}}, {"type": "Feature", "geometry": {"type": "Point", "coordinates": [139.7719018, 35.6921877]}, "properties": {"id": "place-1210", "name": "WAW KANDA", "category": "office"}}, {"type": "Feature", "geometry": {"type": "Point", "coordinates": [139.7717019, 35.6921907]}, "properties": {"id": "place-1211", "name": "はなまるうどん", "category": "amenity"}}, {"type": "Feature", "geometry": {"type": "Point", "coordinates": [139.7718312, 35.6921477]}, "properties": {"id": "place-1212", "name": "伊藤園", "category": "amenity"}}, {"type": "Feature", "geometry": {"type": "Point", "coordinates": [139.7720642, 35.6839201]}, "properties": {"id": "place-1213", "name": "板絵着色 お千世の図額", "category": "tourism"}}, {"type": "Feature", "geometry": {"type": "Point", "coordinates": [139.7651777, 35.6837905]}, "properties": {"id": "place-1214", "name": "評定所及び伝奏屋敷跡", "category": "tourism"}}, {"type": "Feature", "geometry": {"type": "Point", "coordinates": [139.7699614, 35.6830563]}, "properties": {"id": "place-1215", "name": "北町奉行所跡", "category": "tourism"}}, {"type": "Feature", "geometry": {"type": "Point", "coordinates": [139.7699111, 35.6839855]}, "properties": {"id": "place-1216", "name": "呉服橋門跡", "category": "tourism"}}, {"type": "Feature", "geometry": {"type": "Point", "coordinates": [139.7686855, 35.6836804]}, "properties": {"id": "place-1217", "name": "ファミリーマート", "category": "shop"}}, {"type": "Feature", "geometry": {"type": "Point", "coordinates": [139.769432, 35.6797098]}, "properties": {"id": "place-1218", "name": "みずほ証券", "category": "office"}}, {"type": "Feature", "geometry": {"type": "Point", "coordinates": [139.7712375, 35.6801908]}, "properties": {"id": "place-1219", "name": "たいようクリニック", "category": "amenity"}}, {"type": "Feature", "geometry": {"type": "Point", "coordinates": [139.7675053, 35.6788154]}, "properties": {"id": "place-1220", "name": "みずほ銀行", "category": "amenity"}}, {"type": "Feature", "geometry": {"type": "Point", "coordinates": [139.7674379, 35.6788438]}, "properties": {"id": "place-1221", "name": "三井住友銀行", "category": "amenity"}}, {"type": "Feature", "geometry": {"type": "Point", "coordinates": [139.7673074, 35.6787538]}, "properties": {"id": "place-1222", "name": "ファミリーマート", "category": "shop"}}, {"type": "Feature", "geometry": {"type": "Point", "coordinates": [139.7688526, 35.6946358]}, "properties": {"id": "place-1223", "name": "ブルーム", "category": "shop"}}, {"type": "Feature", "geometry": {"type": "Point", "coordinates": [139.768889, 35.694508]}, "properties": {"id": "place-1224", "name": "神谷", "category": "office"}}, {"type": "Feature", "geometry": {"type": "Point", "coordinates": [139.7686527, 35.6948546]}, "properties": {"id": "place-1225", "name": "結い", "category": "amenity"}}, {"type": "Feature", "geometry": {"type": "Point", "coordinates": [139.7689739, 35.6942574]}, "properties": {"id": "place-1226", "name": "奥田医院", "category": "amenity"}}, {"type": "Feature", "geometry": {"type": "Point", "coordinates": [139.7692024, 35.6936903]}, "properties": {"id": "place-1227", "name": "三好", "category": "office"}}, {"type": "Feature", "geometry": {"type": "Point", "coordinates": [139.7692362, 35.6936971]}, "properties": {"id": "place-1228", "name": "企業経営同友会鶴貝事務所", "category": "office"}}, {"type": "Feature", "geometry": {"type": "Point", "coordinates": [139.7691821, 35.6936711]}, "properties": {"id": "place-1229", "name": "黒潮総合法律事務所", "category": "office"}}, {"type": "Feature", "geometry": {"type": "Point", "coordinates": [139.7692041, 35.6936594]}, "properties": {"id": "place-1230", "name": "アース", "category": "office"}}, {"type": "Feature", "geometry": {"type": "Point", "coordinates": [139.7692016, 35.6936779]}, "properties": {"id": "place-1231", "name": "特金工業", "category": "office"}}, {"type": "Feature", "geometry": {"type": "Point", "coordinates": [139.7692227, 35.6936786]}, "properties": {"id": "place-1232", "name": "ゲット総合企画", "category": "office"}}, {"type": "Feature", "geometry": {"type": "Point", "coordinates": [139.7690838, 35.6937498]}, "properties": {"id": "place-1233", "name": "三政", "category": "amenity"}}, {"type": "Feature", "geometry": {"type": "Point", "coordinates": [139.7700633, 35.6927027]}, "properties": {"id": "place-1234", "name": "カフェ・ベローチェ", "category": "amenity"}}, {"type": "Feature", "geometry": {"type": "Point", "coordinates": [139.7702256, 35.6927158]}, "properties": {"id": "place-1235", "name": "城南信用金庫", "category": "amenity"}}, {"type": "Feature", "geometry": {"type": "Point", "coordinates": [139.7696905, 35.6925132]}, "properties": {"id": "place-1236", "name": "珈琲館", "category": "amenity"}}, {"type": "Feature", "geometry": {"type": "Point", "coordinates": [139.7696798, 35.6925502]}, "properties": {"id": "place-1237", "name": "ファミリーマート", "category": "shop"}}, {"type": "Feature", "geometry": {"type": "Point", "coordinates": [139.7696637, 35.6934035]}, "properties": {"id": "place-1238", "name": "神田痛みのクリニック", "category": "amenity"}}, {"type": "Feature", "geometry": {"type": "Point", "coordinates": [139.7697651, 35.6930961]}, "properties": {"id": "place-1239", "name": "Office Today", "category": "shop"}}, {"type": "Feature", "geometry": {"type": "Point", "coordinates": [139.7697423, 35.6929252]}, "properties": {"id": "place-1240", "name": "多町大通り", "category": "tourism"}}, {"type": "Feature", "geometry": {"type": "Point", "coordinates": [139.7695798, 35.6935169]}, "properties": {"id": "place-1241", "name": "Al Mina", "category": "amenity"}}, {"type": "Feature", "geometry": {"type": "Point", "coordinates": [139.7696275, 35.6935207]}, "properties": {"id": "place-1242", "name": "タイスマイル食堂", "category": "amenity"}}, {"type": "Feature", "geometry": {"type": "Point", "coordinates": [139.7696013, 35.6935234]}, "properties": {"id": "place-1243", "name": "日本酒バル かぐら", "category": "amenity"}}, {"type": "Feature", "geometry": {"type": "Point", "coordinates": [139.7695767, 35.6936202]}, "properties": {"id": "place-1244", "name": "ファミリーマート", "category": "shop"}}, {"type": "Feature", "geometry": {"type": "Point", "coordinates": [139.7698641, 35.6934594]}, "properties": {"id": "place-1245", "name": "鶴亀", "category": "amenity"}}, {"type": "Feature", "geometry": {"type": "Point", "coordinates": [139.7697752, 35.6934354]}, "properties": {"id": "place-1246", "name": "長成商事", "category": "office"}}, {"type": "Feature", "geometry": {"type": "Point", "coordinates": [139.7695632, 35.69334]}, "properties": {"id": "place-1247", "name": "千代田区からのお知らせ", "category": "tourism"}}, {"type": "Feature", "geometry": {"type": "Point", "coordinates": [139.7692362, 35.6944032]}, "properties": {"id": "place-1248", "name": "理容 ワコウ", "category": "shop"}}, {"type": "Feature", "geometry": {"type": "Point", "coordinates": [139.7693512, 35.6941078]}, "properties": {"id": "place-1249", "name": "Aqua Homes", "category": "office"}}, {"type": "Feature", "geometry": {"type": "Point", "coordinates": [139.7693519, 35.6940642]}, "properties": {"id": "place-1250", "name": "BAR R", "category": "amenity"}}, {"type": "Feature", "geometry": {"type": "Point", "coordinates": [139.771515, 35.6823748]}, "properties": {"id": "place-1251", "name": "東京イカセンター", "category": "amenity"}}, {"type": "Feature", "geometry": {"type": "Point", "coordinates": [139.771579, 35.6823539]}, "properties": {"id": "place-1252", "name": "伊勢角屋麦汁", "category": "amenity"}}, {"type": "Feature", "geometry": {"type": "Point", "coordinates": [139.7714386, 35.6823055]}, "properties": {"id": "place-1253", "name": "八重仲ダイニング", "category": "amenity"}}, {"type": "Feature", "geometry": {"type": "Point", "coordinates": [139.7688949, 35.6950673]}, "properties": {"id": "place-1254", "name": "千代田区からのお知らせ", "category": "tourism"}}, {"type": "Feature", "geometry": {"type": "Point", "coordinates": [139.7689751, 35.6949665]}, "properties": {"id": "place-1255", "name": "楽", "category": "amenity"}}, {"type": "Feature", "geometry": {"type": "Point", "coordinates": [139.7690368, 35.6949095]}, "properties": {"id": "place-1256", "name": "リケンプリント", "category": "shop"}}, {"type": "Feature", "geometry": {"type": "Point", "coordinates": [139.7717079, 35.6923039]}, "properties": {"id": "place-1257", "name": "もみの匠", "category": "shop"}}, {"type": "Feature", "geometry": {"type": "Point", "coordinates": [139.7712398, 35.6894468]}, "properties": {"id": "place-1258", "name": "馬力", "category": "amenity"}}, {"type": "Feature", "geometry": {"type": "Point", "coordinates": [139.7736818, 35.6930016]}, "properties": {"id": "place-1259", "name": "カミヤスタンド", "category": "amenity"}}, {"type": "Feature", "geometry": {"type": "Point", "coordinates": [139.7751193, 35.6811478]}, "properties": {"id": "place-1260", "name": "なか卯", "category": "amenity"}}, {"type": "Feature", "geometry": {"type": "Point", "coordinates": [139.7718979, 35.6906627]}, "properties": {"id": "place-1261", "name": "天亀そば", "category": "amenity"}}, {"type": "Feature", "geometry": {"type": "Point", "coordinates": [139.7722996, 35.6907051]}, "properties": {"id": "place-1262", "name": "かつや", "category": "amenity"}}, {"type": "Feature", "geometry": {"type": "Point", "coordinates": [139.7721407, 35.6900516]}, "properties": {"id": "place-1263", "name": "Honiwa", "category": "shop"}}, {"type": "Feature", "geometry": {"type": "Point", "coordinates": [139.7724069, 35.689556]}, "properties": {"id": "place-1264", "name": "Bon Coeur", "category": "shop"}}, {"type": "Feature", "geometry": {"type": "Point", "coordinates": [139.7724773, 35.6893648]}, "properties": {"id": "place-1265", "name": "ますたにラーメン", "category": "amenity"}}, {"type": "Feature", "geometry": {"type": "Point", "coordinates": [139.7724954, 35.6892968]}, "properties": {"id": "place-1266", "name": "ゴルフパートナー", "category": "shop"}}, {"type": "Feature", "geometry": {"type": "Point", "coordinates": [139.7655367, 35.6941144]}, "properties": {"id": "place-1267", "name": "八雲法律事務所", "category": "office"}}, {"type": "Feature", "geometry": {"type": "Point", "coordinates": [139.7716874, 35.6803221]}, "properties": {"id": "place-1268", "name": "NNR Global Logistics", "category": "office"}}, {"type": "Feature", "geometry": {"type": "Point", "coordinates": [139.763004, 35.6816315]}, "properties": {"id": "place-1269", "name": "中国農業銀行", "category": "amenity"}}, {"type": "Feature", "geometry": {"type": "Point", "coordinates": [139.7677956, 35.6799807]}, "properties": {"id": "place-1270", "name": "ベルマートキヨスク", "category": "shop"}}, {"type": "Feature", "geometry": {"type": "Point", "coordinates": [139.7625612, 35.6889144]}, "properties": {"id": "place-1271", "name": "大手町カンファレンスセンターパーキング", "category": "amenity"}}, {"type": "Feature", "geometry": {"type": "Point", "coordinates": [139.7706404, 35.6897925]}, "properties": {"id": "place-1272", "name": "The Ramen War", "category": "amenity"}}, {"type": "Feature", "geometry": {"type": "Point", "coordinates": [139.7700712, 35.6884696]}, "properties": {"id": "place-1273", "name": "常盤公園（北側）", "category": "amenity"}}, {"type": "Feature", "geometry": {"type": "Point", "coordinates": [139.7657435, 35.6786458]}, "properties": {"id": "place-1274", "name": "HATO Cafe", "category": "amenity"}}, {"type": "Feature", "geometry": {"type": "Point", "coordinates": [139.7655736, 35.6782366]}, "properties": {"id": "place-1275", "name": "孫鈴舎", "category": "amenity"}}, {"type": "Feature", "geometry": {"type": "Point", "coordinates": [139.765557, 35.6781791]}, "properties": {"id": "place-1276", "name": "天ぷらワイン 大塩", "category": "amenity"}}, {"type": "Feature", "geometry": {"type": "Point", "coordinates": [139.7654019, 35.6779809]}, "properties": {"id": "place-1277", "name": "東京駅", "category": "railway", "ref": "3"}}, {"type": "Feature", "geometry": {"type": "Point", "coordinates": [139.7697127, 35.6831613]}, "properties": {"id": "place-1278", "name": "ファミリーマート", "category": "shop"}}, {"type": "Feature", "geometry": {"type": "Point", "coordinates": [139.77048, 35.6841545]}, "properties": {"id": "place-1279", "name": "Bar Espanol YEBRA", "category": "amenity"}}, {"type": "Feature", "geometry": {"type": "Point", "coordinates": [139.7705189, 35.6842094]}, "properties": {"id": "place-1280", "name": "セブン－イレブン 　常盤橋タワーB1F店", "category": "shop"}}, {"type": "Feature", "geometry": {"type": "Point", "coordinates": [139.7705695, 35.6840968]}, "properties": {"id": "place-1281", "name": "CRAFT BEER MARKET TOKYO TORCH店", "category": "amenity"}}, {"type": "Feature", "geometry": {"type": "Point", "coordinates": [139.7705121, 35.6842903]}, "properties": {"id": "place-1282", "name": "セブン－イレブン 　常盤橋タワー3F店", "category": "shop"}}, {"type": "Feature", "geometry": {"type": "Point", "coordinates": [139.770556, 35.6843754]}, "properties": {"id": "place-1283", "name": "Tsubamesanjo Bit TOKYO", "category": "amenity"}}, {"type": "Feature", "geometry": {"type": "Point", "coordinates": [139.770725, 35.6841915]}, "properties": {"id": "place-1284", "name": "TATA　～BAR RESTAURANT CAFE～", "category": "amenity"}}, {"type": "Feature", "geometry": {"type": "Point", "coordinates": [139.7707182, 35.6842451]}, "properties": {"id": "place-1285", "name": "フレンチ串揚げ　BEIGNET", "category": "amenity"}}, {"type": "Feature", "geometry": {"type": "Point", "coordinates": [139.7704428, 35.6842519]}, "properties": {"id": "place-1286", "name": "TOFFEEtokyo", "category": "amenity"}}, {"type": "Feature", "geometry": {"type": "Point", "coordinates": [139.7704901, 35.6840776]}, "properties": {"id": "place-1287", "name": "北海道 炉端　えぞ羅", "category": "amenity"}}, {"type": "Feature", "geometry": {"type": "Point", "coordinates": [139.7705408, 35.6844605]}, "properties": {"id": "place-1288", "name": "野乃鳥 丹波赤どり専門 とりのや 本店", "category": "amenity"}}, {"type": "Feature", "geometry": {"type": "Point", "coordinates": [139.7706791, 35.684014]}, "properties": {"id": "place-1289", "name": "MY Shokudo Hall & Kitchen", "category": "amenity"}}, {"type": "Feature", "geometry": {"type": "Point", "coordinates": [139.7704163, 35.684124]}, "properties": {"id": "place-1290", "name": "タリーズコーヒー", "category": "amenity"}}, {"type": "Feature", "geometry": {"type": "Point", "coordinates": [139.7705517, 35.6840401]}, "properties": {"id": "place-1291", "name": "MY Shokudo Dining & Sakaba", "category": "amenity"}}, {"type": "Feature", "geometry": {"type": "Point", "coordinates": [139.7707087, 35.6841556]}, "properties": {"id": "place-1292", "name": "魚と日本酒　羽田市場", "category": "amenity"}}, {"type": "Feature", "geometry": {"type": "Point", "coordinates": [139.7708267, 35.6843179]}, "properties": {"id": "place-1293", "name": "BRIANZA TOKYO", "category": "amenity"}}, {"type": "Feature", "geometry": {"type": "Point", "coordinates": [139.771684, 35.6883867]}, "properties": {"id": "place-1294", "name": "Tap Marche", "category": "amenity"}}, {"type": "Feature", "geometry": {"type": "Point", "coordinates": [139.771061, 35.6913188]}, "properties": {"id": "place-1295", "name": "バーガーキング", "category": "amenity"}}, {"type": "Feature", "geometry": {"type": "Point", "coordinates": [139.772113, 35.6812151]}, "properties": {"id": "place-1296", "name": "ガスト", "category": "amenity"}}, {"type": "Feature", "geometry": {"type": "Point", "coordinates": [139.7701624, 35.6915374]}, "properties": {"id": "place-1297", "name": "マンボー漫画喫茶", "category": "tourism"}}, {"type": "Feature", "geometry": {"type": "Point", "coordinates": [139.7701879, 35.6915961]}, "properties": {"id": "place-1298", "name": "マンボー漫画喫茶 出口(西口)", "category": "tourism"}}, {"type": "Feature", "geometry": {"type": "Point", "coordinates": [139.7752842, 35.6865758]}, "properties": {"id": "place-1299", "name": "桂", "category": "amenity"}}, {"type": "Feature", "geometry": {"type": "Point", "coordinates": [139.7709204, 35.6801763]}, "properties": {"id": "place-1300", "name": "ホテルモンテエルマーナ東京", "category": "tourism"}}, {"type": "Feature", "geometry": {"type": "Point", "coordinates": [139.7670306, 35.6892514]}, "properties": {"id": "place-1301", "name": "Tokyo Baker’s Kitchen", "category": "amenity"}}, {"type": "Feature", "geometry": {"type": "Point", "coordinates": [139.7654754, 35.6939498]}, "properties": {"id": "place-1302", "name": "とろ肉麺", "category": "amenity"}}, {"type": "Feature", "geometry": {"type": "Point", "coordinates": [139.7647556, 35.6933197]}, "properties": {"id": "place-1303", "name": "北日本銀行", "category": "amenity"}}, {"type": "Feature", "geometry": {"type": "Point", "coordinates": [139.7654716, 35.6939872]}, "properties": {"id": "place-1304", "name": "串焼 庭", "category": "amenity"}}, {"type": "Feature", "geometry": {"type": "Point", "coordinates": [139.7654307, 35.6937718]}, "properties": {"id": "place-1305", "name": "むつ下北半島", "category": "amenity"}}, {"type": "Feature", "geometry": {"type": "Point", "coordinates": [139.7670871, 35.6897847]}, "properties": {"id": "place-1306", "name": "舎鈴", "category": "amenity"}}, {"type": "Feature", "geometry": {"type": "Point", "coordinates": [139.7672732, 35.6907317]}, "properties": {"id": "place-1307", "name": "せまかっちゃん", "category": "amenity"}}, {"type": "Feature", "geometry": {"type": "Point", "coordinates": [139.7694124, 35.6912285]}, "properties": {"id": "place-1308", "name": "魚伸", "category": "amenity"}}, {"type": "Feature", "geometry": {"type": "Point", "coordinates": [139.769817, 35.6911281]}, "properties": {"id": "place-1309", "name": "うな正", "category": "amenity"}}, {"type": "Feature", "geometry": {"type": "Point", "coordinates": [139.7688699, 35.691218]}, "properties": {"id": "place-1310", "name": "あわへい", "category": "shop"}}, {"type": "Feature", "geometry": {"type": "Point", "coordinates": [139.7699883, 35.691261]}, "properties": {"id": "place-1311", "name": "ばってん", "category": "amenity"}}, {"type": "Feature", "geometry": {"type": "Point", "coordinates": [139.7701491, 35.6911713]}, "properties": {"id": "place-1312", "name": "三田製麺", "category": "amenity"}}, {"type": "Feature", "geometry": {"type": "Point", "coordinates": [139.7697632, 35.6911502]}, "properties": {"id": "place-1313", "name": "マルトクチケット", "category": "shop"}}, {"type": "Feature", "geometry": {"type": "Point", "coordinates": [139.7701875, 35.691192]}, "properties": {"id": "place-1314", "name": "点賛", "category": "amenity"}}, {"type": "Feature", "geometry": {"type": "Point", "coordinates": [139.7688022, 35.6912242]}, "properties": {"id": "place-1315", "name": "かめや", "category": "amenity"}}, {"type": "Feature", "geometry": {"type": "Point", "coordinates": [139.7700334, 35.6911601]}, "properties": {"id": "place-1316", "name": "元祖肉汁餃子店", "category": "amenity"}}, {"type": "Feature", "geometry": {"type": "Point", "coordinates": [139.7701545, 35.6912208]}, "properties": {"id": "place-1317", "name": "焼肉トラジ", "category": "amenity"}}, {"type": "Feature", "geometry": {"type": "Point", "coordinates": [139.7694011, 35.6910486]}, "properties": {"id": "place-1318", "name": "春日亭", "category": "amenity"}}, {"type": "Feature", "geometry": {"type": "Point", "coordinates": [139.7688958, 35.6910998]}, "properties": {"id": "place-1319", "name": "みずほ銀行", "category": "amenity"}}, {"type": "Feature", "geometry": {"type": "Point", "coordinates": [139.7693443, 35.691051]}, "properties": {"id": "place-1320", "name": "ターリー屋", "category": "amenity"}}, {"type": "Feature", "geometry": {"type": "Point", "coordinates": [139.7698565, 35.6911463]}, "properties": {"id": "place-1321", "name": "ゆるり", "category": "amenity"}}, {"type": "Feature", "geometry": {"type": "Point", "coordinates": [139.7695455, 35.6911523]}, "properties": {"id": "place-1322", "name": "鳥皮商店", "category": "amenity"}}, {"type": "Feature", "geometry": {"type": "Point", "coordinates": [139.7689258, 35.6912106]}, "properties": {"id": "place-1323", "name": "Brooch", "category": "shop"}}, {"type": "Feature", "geometry": {"type": "Point", "coordinates": [139.769751, 35.6909913]}, "properties": {"id": "place-1324", "name": "麺屋武蔵 神山", "category": "amenity"}}, {"type": "Feature", "geometry": {"type": "Point", "coordinates": [139.7697014, 35.6909939]}, "properties": {"id": "place-1325", "name": "堀田屋", "category": "amenity"}}, {"type": "Feature", "geometry": {"type": "Point", "coordinates": [139.7691411, 35.6910784]}, "properties": {"id": "place-1326", "name": "からだ工房", "category": "shop"}}, {"type": "Feature", "geometry": {"type": "Point", "coordinates": [139.7696859, 35.6911404]}, "properties": {"id": "place-1327", "name": "旭軒", "category": "amenity"}}, {"type": "Feature", "geometry": {"type": "Point", "coordinates": [139.7699124, 35.6910027]}, "properties": {"id": "place-1328", "name": "りそな銀行", "category": "amenity"}}, {"type": "Feature", "geometry": {"type": "Point", "coordinates": [139.770221, 35.691247]}, "properties": {"id": "place-1329", "name": "鳥メロ", "category": "amenity"}}, {"type": "Feature", "geometry": {"type": "Point", "coordinates": [139.7703831, 35.6907911]}, "properties": {"id": "place-1330", "name": "串かつ でんがな", "category": "amenity"}}, {"type": "Feature", "geometry": {"type": "Point", "coordinates": [139.7700693, 35.6905222]}, "properties": {"id": "place-1331", "name": "とらふぐ亭", "category": "amenity"}}, {"type": "Feature", "geometry": {"type": "Point", "coordinates": [139.7703086, 35.6906711]}, "properties": {"id": "place-1332", "name": "焼鳥日高", "category": "amenity"}}, {"type": "Feature", "geometry": {"type": "Point", "coordinates": [139.7699525, 35.6908405]}, "properties": {"id": "place-1333", "name": "寿司ばる弁慶", "category": "amenity"}}, {"type": "Feature", "geometry": {"type": "Point", "coordinates": [139.7699952, 35.6906974]}, "properties": {"id": "place-1334", "name": "花太郎", "category": "shop"}}, {"type": "Feature", "geometry": {"type": "Point", "coordinates": [139.770112, 35.6909606]}, "properties": {"id": "place-1335", "name": "ちから", "category": "amenity"}}, {"type": "Feature", "geometry": {"type": "Point", "coordinates": [139.7696219, 35.6911499]}, "properties": {"id": "place-1336", "name": "竹仙", "category": "amenity"}}, {"type": "Feature", "geometry": {"type": "Point", "coordinates": [139.7593266, 35.6908471]}, "properties": {"id": "place-1337", "name": "タリーズコーヒー", "category": "amenity"}}, {"type": "Feature", "geometry": {"type": "Point", "coordinates": [139.7722509, 35.689814]}, "properties": {"id": "place-1338", "name": "カメラのキタムラ", "category": "shop"}}, {"type": "Feature", "geometry": {"type": "Point", "coordinates": [139.7727331, 35.6897452]}, "properties": {"id": "place-1339", "name": "スギ薬局", "category": "shop"}}, {"type": "Feature", "geometry": {"type": "Point", "coordinates": [139.7746444, 35.6860887]}, "properties": {"id": "place-1340", "name": "無印良品", "category": "shop"}}, {"type": "Feature", "geometry": {"type": "Point", "coordinates": [139.7714339, 35.6890631]}, "properties": {"id": "place-1341", "name": "ファミリーマート", "category": "shop"}}, {"type": "Feature", "geometry": {"type": "Point", "coordinates": [139.7745369, 35.6862893]}, "properties": {"id": "place-1342", "name": "千葉銀行", "category": "amenity"}}, {"type": "Feature", "geometry": {"type": "Point", "coordinates": [139.7740147, 35.6868155]}, "properties": {"id": "place-1343", "name": "タロー書房", "category": "shop"}}, {"type": "Feature", "geometry": {"type": "Point", "coordinates": [139.7740964, 35.680806]}, "properties": {"id": "place-1344", "name": "Fauchon", "category": "amenity"}}, {"type": "Feature", "geometry": {"type": "Point", "coordinates": [139.7637993, 35.6800684]}, "properties": {"id": "place-1345", "name": "Apple 丸の内", "category": "shop"}}, {"type": "Feature", "geometry": {"type": "Point", "coordinates": [139.7650151, 35.6877173]}, "properties": {"id": "place-1346", "name": "星のや東京", "category": "tourism"}}, {"type": "Feature", "geometry": {"type": "Point", "coordinates": [139.7707975, 35.6908646]}, "properties": {"id": "place-1347", "name": "スターバックス", "category": "amenity"}}, {"type": "Feature", "geometry": {"type": "Point", "coordinates": [139.7737088, 35.6814904]}, "properties": {"id": "place-1348", "name": "黒澤文庫", "category": "amenity"}}, {"type": "Feature", "geometry": {"type": "Point", "coordinates": [139.7678631, 35.6947931]}, "properties": {"id": "place-1349", "name": "Belken Hotel Kanda", "category": "tourism"}}, {"type": "Feature", "geometry": {"type": "Point", "coordinates": [139.7683695, 35.680858]}, "properties": {"id": "place-1350", "name": "プリキュア プリティストア", "category": "shop"}}, {"type": "Feature", "geometry": {"type": "Point", "coordinates": [139.7717735, 35.6809889]}, "properties": {"id": "place-1351", "name": "ぺしゃわーる", "category": "amenity"}}, {"type": "Feature", "geometry": {"type": "Point", "coordinates": [139.7718982, 35.6819198]}, "properties": {"id": "place-1352", "name": "The Flying Penguins", "category": "amenity"}}, {"type": "Feature", "geometry": {"type": "Point", "coordinates": [139.7718516, 35.6819346]}, "properties": {"id": "place-1353", "name": "小諸そば", "category": "amenity"}}, {"type": "Feature", "geometry": {"type": "Point", "coordinates": [139.7716179, 35.6815389]}, "properties": {"id": "place-1354", "name": "つるやゴルフ", "category": "amenity"}}, {"type": "Feature", "geometry": {"type": "Point", "coordinates": [139.771564, 35.6814698]}, "properties": {"id": "place-1355", "name": "トライアンフギャラリー", "category": "tourism"}}, {"type": "Feature", "geometry": {"type": "Point", "coordinates": [139.7735057, 35.6829974]}, "properties": {"id": "place-1356", "name": "ヘルチェック日本橋", "category": "amenity"}}, {"type": "Feature", "geometry": {"type": "Point", "coordinates": [139.7713147, 35.6814766]}, "properties": {"id": "place-1357", "name": "和が家", "category": "amenity"}}, {"type": "Feature", "geometry": {"type": "Point", "coordinates": [139.7712996, 35.6814134]}, "properties": {"id": "place-1358", "name": "大衆焼鳥・うなぎ串　幸の鳥", "category": "amenity"}}, {"type": "Feature", "geometry": {"type": "Point", "coordinates": [139.7717235, 35.681387]}, "properties": {"id": "place-1359", "name": "鳥貴族", "category": "amenity"}}, {"type": "Feature", "geometry": {"type": "Point", "coordinates": [139.771718, 35.6813595]}, "properties": {"id": "place-1360", "name": "カラオケ まねきねこ", "category": "amenity"}}, {"type": "Feature", "geometry": {"type": "Point", "coordinates": [139.7716997, 35.6813416]}, "properties": {"id": "place-1361", "name": "土間土間", "category": "amenity"}}, {"type": "Feature", "geometry": {"type": "Point", "coordinates": [139.7716722, 35.6813326]}, "properties": {"id": "place-1362", "name": "ウメ子の家", "category": "amenity"}}, {"type": "Feature", "geometry": {"type": "Point", "coordinates": [139.7715108, 35.6810171]}, "properties": {"id": "place-1363", "name": "八重洲中央クリニック", "category": "amenity"}}, {"type": "Feature", "geometry": {"type": "Point", "coordinates": [139.7732697, 35.6824035]}, "properties": {"id": "place-1364", "name": "ウエルシア薬局", "category": "shop"}}, {"type": "Feature", "geometry": {"type": "Point", "coordinates": [139.7732876, 35.6823266]}, "properties": {"id": "place-1365", "name": "日本橋整形外科クリニック", "category": "amenity"}}, {"type": "Feature", "geometry": {"type": "Point", "coordinates": [139.7731032, 35.6819136]}, "properties": {"id": "place-1366", "name": "ORANGE HEAL", "category": "shop"}}, {"type": "Feature", "geometry": {"type": "Point", "coordinates": [139.7730363, 35.6818552]}, "properties": {"id": "place-1367", "name": "本間ゴルフ", "category": "shop"}}, {"type": "Feature", "geometry": {"type": "Point", "coordinates": [139.7718411, 35.68096]}, "properties": {"id": "place-1368", "name": "リーガルファクトリーストア", "category": "shop"}}, {"type": "Feature", "geometry": {"type": "Point", "coordinates": [139.7715329, 35.681039]}, "properties": {"id": "place-1369", "name": "西武信用金庫", "category": "amenity"}}, {"type": "Feature", "geometry": {"type": "Point", "coordinates": [139.7717205, 35.6809595]}, "properties": {"id": "place-1370", "name": "フェアクリニック東京", "category": "shop"}}, {"type": "Feature", "geometry": {"type": "Point", "coordinates": [139.7717151, 35.6809168]}, "properties": {"id": "place-1371", "name": "岸本歯科クリニック", "category": "amenity"}}, {"type": "Feature", "geometry": {"type": "Point", "coordinates": [139.7716784, 35.6810635]}, "properties": {"id": "place-1372", "name": "Good Coffee Farms", "category": "amenity"}}, {"type": "Feature", "geometry": {"type": "Point", "coordinates": [139.7715497, 35.6810486]}, "properties": {"id": "place-1373", "name": "手ぶら観光手荷物預かり処", "category": "amenity"}}, {"type": "Feature", "geometry": {"type": "Point", "coordinates": [139.7713491, 35.6814723]}, "properties": {"id": "place-1374", "name": "松月庵", "category": "amenity"}}, {"type": "Feature", "geometry": {"type": "Point", "coordinates": [139.7602952, 35.6899711]}, "properties": {"id": "place-1375", "name": "千代田区エリアマップ", "category": "tourism"}}, {"type": "Feature", "geometry": {"type": "Point", "coordinates": [139.7708495, 35.6802902]}, "properties": {"id": "place-1376", "name": "個室和食東山", "category": "amenity"}}, {"type": "Feature", "geometry": {"type": "Point", "coordinates": [139.7707489, 35.680227]}, "properties": {"id": "place-1377", "name": "串かつ でんがな", "category": "amenity"}}, {"type": "Feature", "geometry": {"type": "Point", "coordinates": [139.7712632, 35.6799908]}, "properties": {"id": "place-1378", "name": "八重洲商店 東京駅前", "category": "amenity"}}, {"type": "Feature", "geometry": {"type": "Point", "coordinates": [139.7694957, 35.6930061]}, "properties": {"id": "place-1379", "name": "Aeon", "category": "shop"}}, {"type": "Feature", "geometry": {"type": "Point", "coordinates": [139.7706952, 35.6923816]}, "properties": {"id": "place-1380", "name": "エクセルシオール カフェ", "category": "amenity"}}, {"type": "Feature", "geometry": {"type": "Point", "coordinates": [139.770866, 35.6926873]}, "properties": {"id": "place-1381", "name": "ファミリーマート", "category": "shop"}}, {"type": "Feature", "geometry": {"type": "Point", "coordinates": [139.7705468, 35.6931175]}, "properties": {"id": "place-1382", "name": "神田魚金", "category": "amenity"}}, {"type": "Feature", "geometry": {"type": "Point", "coordinates": [139.7712454, 35.6933339]}, "properties": {"id": "place-1383", "name": "臨海セミナー", "category": "amenity"}}, {"type": "Feature", "geometry": {"type": "Point", "coordinates": [139.7716959, 35.692248]}, "properties": {"id": "place-1384", "name": "焼肉ぎゅーとん", "category": "amenity"}}, {"type": "Feature", "geometry": {"type": "Point", "coordinates": [139.7714605, 35.6918371]}, "properties": {"id": "place-1385", "name": "うまたまや", "category": "amenity"}}, {"type": "Feature", "geometry": {"type": "Point", "coordinates": [139.7713792, 35.6914407]}, "properties": {"id": "place-1386", "name": "ローソン", "category": "shop"}}, {"type": "Feature", "geometry": {"type": "Point", "coordinates": [139.7709216, 35.6929342]}, "properties": {"id": "place-1387", "name": "火鍋麻辣麺", "category": "amenity"}}, {"type": "Feature", "geometry": {"type": "Point", "coordinates": [139.7706913, 35.6927508]}, "properties": {"id": "place-1388", "name": "有美薬局", "category": "amenity"}}, {"type": "Feature", "geometry": {"type": "Point", "coordinates": [139.770677, 35.6926993]}, "properties": {"id": "place-1389", "name": "乾杯500酒場", "category": "amenity"}}, {"type": "Feature", "geometry": {"type": "Point", "coordinates": [139.7707629, 35.6925667]}, "properties": {"id": "place-1390", "name": "酔ってけ", "category": "amenity"}}, {"type": "Feature", "geometry": {"type": "Point", "coordinates": [139.7707202, 35.6927117]}, "properties": {"id": "place-1391", "name": "浜貞", "category": "amenity"}}, {"type": "Feature", "geometry": {"type": "Point", "coordinates": [139.7711821, 35.6935079]}, "properties": {"id": "place-1392", "name": "香港飲茶", "category": "amenity"}}, {"type": "Feature", "geometry": {"type": "Point", "coordinates": [139.7712174, 35.6935205]}, "properties": {"id": "place-1393", "name": "源家ラーメン", "category": "amenity"}}, {"type": "Feature", "geometry": {"type": "Point", "coordinates": [139.7705337, 35.6931249]}, "properties": {"id": "place-1394", "name": "まいばすけっと", "category": "shop"}}, {"type": "Feature", "geometry": {"type": "Point", "coordinates": [139.7691006, 35.67891]}, "properties": {"id": "place-1395", "name": "ブルガリホテル東京", "category": "tourism"}}, {"type": "Feature", "geometry": {"type": "Point", "coordinates": [139.774531, 35.69148]}, "properties": {"id": "place-1396", "name": "アラジン", "category": "amenity"}}, {"type": "Feature", "geometry": {"type": "Point", "coordinates": [139.7600358, 35.6920681]}, "properties": {"id": "place-1397", "name": "9 hours", "category": "tourism"}}, {"type": "Feature", "geometry": {"type": "Point", "coordinates": [139.7638299, 35.6802131]}, "properties": {"id": "place-1398", "name": "アシックスラン 東京丸の内", "category": "shop"}}, {"type": "Feature", "geometry": {"type": "Point", "coordinates": [139.7684164, 35.6827883]}, "properties": {"id": "place-1399", "name": "QBハウス", "category": "shop"}}, {"type": "Feature", "geometry": {"type": "Point", "coordinates": [139.774155, 35.6845339]}, "properties": {"id": "place-1400", "name": "日本橋とやま館", "category": "shop"}}, {"type": "Feature", "geometry": {"type": "Point", "coordinates": [139.7650301, 35.6842894]}, "properties": {"id": "place-1401", "name": "iiyo!!", "category": "shop"}}, {"type": "Feature", "geometry": {"type": "Point", "coordinates": [139.7735389, 35.6851769]}, "properties": {"id": "place-1402", "name": "三越駐車場 機械式", "category": "amenity"}}, {"type": "Feature", "geometry": {"type": "Point", "coordinates": [139.7734825, 35.6851597]}, "properties": {"id": "place-1403", "name": "三越駐車場 自走式", "category": "amenity"}}, {"type": "Feature", "geometry": {"type": "Point", "coordinates": [139.7737835, 35.6860835]}, "properties": {"id": "place-1404", "name": "セブン銀行", "category": "amenity"}}, {"type": "Feature", "geometry": {"type": "Point", "coordinates": [139.7725777, 35.6890526]}, "properties": {"id": "place-1405", "name": "日本橋ふくしま館 MIDETTE", "category": "shop"}}, {"type": "Feature", "geometry": {"type": "Point", "coordinates": [139.7673154, 35.6846532]}, "properties": {"id": "place-1406", "name": "中央労働金庫", "category": "amenity"}}, {"type": "Feature", "geometry": {"type": "Point", "coordinates": [139.7651177, 35.6896222]}, "properties": {"id": "place-1407", "name": "神田運転免許更新センター", "category": "office"}}, {"type": "Feature", "geometry": {"type": "Point", "coordinates": [139.7751799, 35.6914788]}, "properties": {"id": "place-1408", "name": "ホテルマイステイズ神田", "category": "tourism"}}, {"type": "Feature", "geometry": {"type": "Point", "coordinates": [139.7709, 35.6933064]}, "properties": {"id": "place-1409", "name": "キリンビバレッジ", "category": "amenity"}}, {"type": "Feature", "geometry": {"type": "Point", "coordinates": [139.7694947, 35.6940111]}, "properties": {"id": "place-1410", "name": "サントリー", "category": "amenity"}}, {"type": "Feature", "geometry": {"type": "Point", "coordinates": [139.7657982, 35.6819547]}, "properties": {"id": "place-1411", "name": "東京駅丸の内北口タクシー乗り場", "category": "amenity"}}, {"type": "Feature", "geometry": {"type": "Point", "coordinates": [139.7737466, 35.6805336]}, "properties": {"id": "place-1412", "name": "Din Tai Fung", "category": "amenity"}}, {"type": "Feature", "geometry": {"type": "Point", "coordinates": [139.7674549, 35.6811412]}, "properties": {"id": "place-1413", "name": "東京", "category": "railway"}}, {"type": "Feature", "geometry": {"type": "Point", "coordinates": [139.7679859, 35.6809626]}, "properties": {"id": "place-1414", "name": "東京", "category": "railway"}}, {"type": "Feature", "geometry": {"type": "Point", "coordinates": [139.7614042, 35.6787799]}, "properties": {"id": "place-1415", "name": "静嘉堂美術館", "category": "tourism"}}, {"type": "Feature", "geometry": {"type": "Point", "coordinates": [139.7679019, 35.6906603]}, "properties": {"id": "place-1416", "name": "ローソン", "category": "shop"}}, {"type": "Feature", "geometry": {"type": "Point", "coordinates": [139.7635712, 35.6931638]}, "properties": {"id": "place-1417", "name": "ローソン", "category": "shop"}}, {"type": "Feature", "geometry": {"type": "Point", "coordinates": [139.767244, 35.6905591]}, "properties": {"id": "place-1418", "name": "青海咖啡", "category": "shop"}}, {"type": "Feature", "geometry": {"type": "Point", "coordinates": [139.7656945, 35.6915782]}, "properties": {"id": "place-1419", "name": "ファミリーマート", "category": "shop"}}, {"type": "Feature", "geometry": {"type": "Point", "coordinates": [139.76332, 35.6933179]}, "properties": {"id": "place-1420", "name": "Angers Ravissant", "category": "shop"}}, {"type": "Feature", "geometry": {"type": "Point", "coordinates": [139.7702786, 35.6911938]}, "properties": {"id": "place-1421", "name": "いぶり", "category": "amenity"}}, {"type": "Feature", "geometry": {"type": "Point", "coordinates": [139.7625295, 35.6931082]}, "properties": {"id": "place-1422", "name": "ローソン", "category": "shop"}}, {"type": "Feature", "geometry": {"type": "Point", "coordinates": [139.7634962, 35.6928675]}, "properties": {"id": "place-1423", "name": "サミット", "category": "shop"}}, {"type": "Feature", "geometry": {"type": "Point", "coordinates": [139.7617805, 35.6861739]}, "properties": {"id": "place-1424", "name": "もうやんカレー", "category": "amenity"}}, {"type": "Feature", "geometry": {"type": "Point", "coordinates": [139.7684915, 35.680712]}, "properties": {"id": "place-1425", "name": "成城石井", "category": "shop"}}, {"type": "Feature", "geometry": {"type": "Point", "coordinates": [139.7631005, 35.6815931]}, "properties": {"id": "place-1426", "name": "Issey Miyake Maranouchi", "category": "shop"}}, {"type": "Feature", "geometry": {"type": "Point", "coordinates": [139.7687079, 35.6814125]}, "properties": {"id": "place-1427", "name": "石井スポーツ", "category": "shop"}}, {"type": "Feature", "geometry": {"type": "Point", "coordinates": [139.7748293, 35.6867221]}, "properties": {"id": "place-1428", "name": "Homemade Ramen 麦苗", "category": "amenity"}}, {"type": "Feature", "geometry": {"type": "Point", "coordinates": [139.7747752, 35.6867066]}, "properties": {"id": "place-1429", "name": "Beercafe Brugs zot", "category": "amenity"}}, {"type": "Feature", "geometry": {"type": "Point", "coordinates": [139.7750952, 35.686828]}, "properties": {"id": "place-1430", "name": "Canelé de CHIANTI", "category": "amenity"}}, {"type": "Feature", "geometry": {"type": "Point", "coordinates": [139.7750864, 35.6868063]}, "properties": {"id": "place-1431", "name": "@ Kitchen NIHONBASHI", "category": "amenity"}}, {"type": "Feature", "geometry": {"type": "Point", "coordinates": [139.7749911, 35.6870196]}, "properties": {"id": "place-1432", "name": "東京餃子楼", "category": "amenity"}}, {"type": "Feature", "geometry": {"type": "Point", "coordinates": [139.774976, 35.6868109]}, "properties": {"id": "place-1433", "name": "鶏三和", "category": "amenity"}}, {"type": "Feature", "geometry": {"type": "Point", "coordinates": [139.7747438, 35.6868452]}, "properties": {"id": "place-1434", "name": "日本橋 玉ゐ", "category": "amenity"}}, {"type": "Feature", "geometry": {"type": "Point", "coordinates": [139.7750607, 35.6867903]}, "properties": {"id": "place-1435", "name": "牛かつ もと村", "category": "amenity"}}, {"type": "Feature", "geometry": {"type": "Point", "coordinates": [139.7750116, 35.6869735]}, "properties": {"id": "place-1436", "name": "干物まる", "category": "amenity"}}, {"type": "Feature", "geometry": {"type": "Point", "coordinates": [139.7750299, 35.6867755]}, "properties": {"id": "place-1437", "name": "重慶厨房", "category": "amenity"}}, {"type": "Feature", "geometry": {"type": "Point", "coordinates": [139.7747224, 35.6866695]}, "properties": {"id": "place-1438", "name": "スパゲティ そら", "category": "amenity"}}, {"type": "Feature", "geometry": {"type": "Point", "coordinates": [139.7748088, 35.6870185]}, "properties": {"id": "place-1439", "name": "やなか珈琲店", "category": "amenity"}}, {"type": "Feature", "geometry": {"type": "Point", "coordinates": [139.7745894, 35.6868379]}, "properties": {"id": "place-1440", "name": "ハレTerrace日本橋", "category": "amenity"}}, {"type": "Feature", "geometry": {"type": "Point", "coordinates": [139.7749886, 35.6867613]}, "properties": {"id": "place-1441", "name": "タニタカフェ", "category": "amenity"}}, {"type": "Feature", "geometry": {"type": "Point", "coordinates": [139.7745575, 35.6869215]}, "properties": {"id": "place-1442", "name": "日本橋 稲庭うどんとめし 金子半之助", "category": "amenity"}}, {"type": "Feature", "geometry": {"type": "Point", "coordinates": [139.7749463, 35.6867501]}, "properties": {"id": "place-1443", "name": "スターバックス", "category": "amenity"}}, {"type": "Feature", "geometry": {"type": "Point", "coordinates": [139.7747344, 35.6869138]}, "properties": {"id": "place-1444", "name": "栗りん", "category": "amenity"}}, {"type": "Feature", "geometry": {"type": "Point", "coordinates": [139.7748003, 35.6869642]}, "properties": {"id": "place-1445", "name": "欧風カレー ガヴィアル", "category": "amenity"}}, {"type": "Feature", "geometry": {"type": "Point", "coordinates": [139.7746711, 35.6869905]}, "properties": {"id": "place-1446", "name": "まんてん鮨", "category": "amenity"}}, {"type": "Feature", "geometry": {"type": "Point", "coordinates": [139.774593, 35.6868671]}, "properties": {"id": "place-1447", "name": "牡蠣場 北海道厚岸", "category": "amenity"}}, {"type": "Feature", "geometry": {"type": "Point", "coordinates": [139.774648, 35.6867405]}, "properties": {"id": "place-1448", "name": "日本橋 芋屋金次郎", "category": "shop"}}, {"type": "Feature", "geometry": {"type": "Point", "coordinates": [139.7748114, 35.6868221]}, "properties": {"id": "place-1449", "name": "ヴィノスやまざき", "category": "shop"}}, {"type": "Feature", "geometry": {"type": "Point", "coordinates": [139.774746, 35.6866882]}, "properties": {"id": "place-1450", "name": "日本橋だし場 はなれ", "category": "amenity"}}, {"type": "Feature", "geometry": {"type": "Point", "coordinates": [139.774875, 35.686737]}, "properties": {"id": "place-1451", "name": "LA BONNE TABLE", "category": "amenity"}}, {"type": "Feature", "geometry": {"type": "Point", "coordinates": [139.7745909, 35.6868895]}, "properties": {"id": "place-1452", "name": "博多もつ鍋 やまや", "category": "amenity"}}, {"type": "Feature", "geometry": {"type": "Point", "coordinates": [139.7745694, 35.6869455]}, "properties": {"id": "place-1453", "name": "VINOSITY maxime", "category": "amenity"}}, {"type": "Feature", "geometry": {"type": "Point", "coordinates": [139.7746194, 35.6868021]}, "properties": {"id": "place-1454", "name": "八海山 千年こうじや", "category": "amenity"}}, {"type": "Feature", "geometry": {"type": "Point", "coordinates": [139.7745687, 35.6869679]}, "properties": {"id": "place-1455", "name": "大木屋 匠", "category": "amenity"}}, {"type": "Feature", "geometry": {"type": "Point", "coordinates": [139.7747495, 35.6868672]}, "properties": {"id": "place-1456", "name": "ALEGRIA", "category": "amenity"}}, {"type": "Feature", "geometry": {"type": "Point", "coordinates": [139.7746349, 35.6867616]}, "properties": {"id": "place-1457", "name": "KOREAN IZAKAYA ジャン", "category": "amenity"}}, {"type": "Feature", "geometry": {"type": "Point", "coordinates": [139.776089, 35.686101]}, "properties": {"id": "place-1458", "name": "スマイルホテル日本橋三越前", "category": "amenity"}}, {"type": "Feature", "geometry": {"type": "Point", "coordinates": [139.7621, 35.6915]}, "properties": {"id": "place-1459", "name": "ちよだプラットフォームスクウェア", "category": "amenity"}}, {"type": "Feature", "geometry": {"type": "Point", "coordinates": [139.764091, 35.689665]}, "properties": {"id": "place-1460", "name": "神田橋公園", "category": "amenity"}}, {"type": "Feature", "geometry": {"type": "Point", "coordinates": [139.777125, 35.687624]}, "properties": {"id": "place-1461", "name": "伊場仙ビル", "category": "amenity"}}, {"type": "Feature", "geometry": {"type": "Point", "coordinates": [139.764886, 35.685938]}, "properties": {"id": "place-1462", "name": "大手町タワー", "category": "amenity"}}, {"type": "Feature", "geometry": {"type": "Point", "coordinates": [139.765151, 35.686847]}, "properties": {"id": "place-1463", "name": "東京サンケイビル", "category": "amenity"}}, {"type": "Feature", "geometry": {"type": "Point", "coordinates": [139.764002, 35.680514]}, "properties": {"id": "place-1464", "name": "丸ビル（南側駐輪場）", "category": "amenity"}}, {"type": "Feature", "geometry": {"type": "Point", "coordinates": [139.77138, 35.691578]}, "properties": {"id": "place-1465", "name": "鍛冶町2丁目", "category": "amenity"}}, {"type": "Feature", "geometry": {"type": "Point", "coordinates": [139.766929, 35.68557]}, "properties": {"id": "place-1466", "name": "アーバンネット大手町ビル", "category": "amenity"}}, {"type": "Feature", "geometry": {"type": "Point", "coordinates": [139.770109, 35.692599]}, "properties": {"id": "place-1467", "name": "内神田3丁目", "category": "amenity"}}, {"type": "Feature", "geometry": {"type": "Point", "coordinates": [139.762809, 35.693408]}, "properties": {"id": "place-1468", "name": "神田スクエア", "category": "amenity"}}, {"type": "Feature", "geometry": {"type": "Point", "coordinates": [139.7694501, 35.6949697]}, "properties": {"id": "place-1469", "name": "パークホームズ千代田淡路町", "category": "amenity"}}, {"type": "Feature", "geometry": {"type": "Point", "coordinates": [139.77598, 35.68973]}, "properties": {"id": "place-1470", "name": "日本橋本町4丁目", "category": "amenity"}}, {"type": "Feature", "geometry": {"type": "Point", "coordinates": [139.768958, 35.688301]}, "properties": {"id": "place-1471", "name": "竜閑さくら橋際街角広場", "category": "amenity"}}, {"type": "Feature", "geometry": {"type": "Point", "coordinates": [139.769822, 35.677576]}, "properties": {"id": "place-1472", "name": "京橋エドグラン", "category": "amenity"}}, {"type": "Feature", "geometry": {"type": "Point", "coordinates": [139.764472, 35.686037]}, "properties": {"id": "place-1473", "name": "大手町ファーストスクエア", "category": "amenity"}}, {"type": "Feature", "geometry": {"type": "Point", "coordinates": [139.775376, 35.691069]}, "properties": {"id": "place-1474", "name": "地蔵橋東児童遊園", "category": "amenity"}}, {"type": "Feature", "geometry": {"type": "Point", "coordinates": [139.766958, 35.684349]}, "properties": {"id": "place-1475", "name": "永代通り（大手町駅B2c出口前）", "category": "amenity"}}, {"type": "Feature", "geometry": {"type": "Point", "coordinates": [139.7744085, 35.6818565]}, "properties": {"id": "place-1476", "name": "デンソー", "category": "office"}}, {"type": "Feature", "geometry": {"type": "Point", "coordinates": [139.7743468, 35.6818972]}, "properties": {"id": "place-1477", "name": "国立研究開発法人情報通信研究機構", "category": "office"}}, {"type": "Feature", "geometry": {"type": "Point", "coordinates": [139.774135, 35.6820246]}, "properties": {"id": "place-1478", "name": "赤木屋ホールディングス", "category": "office"}}, {"type": "Feature", "geometry": {"type": "Point", "coordinates": [139.7743442, 35.6820329]}, "properties": {"id": "place-1479", "name": "セブン銀行", "category": "amenity"}}, {"type": "Feature", "geometry": {"type": "Point", "coordinates": [139.7741885, 35.6820244]}, "properties": {"id": "place-1480", "name": "東日本銀行", "category": "office"}}, {"type": "Feature", "geometry": {"type": "Point", "coordinates": [139.774423, 35.6819396]}, "properties": {"id": "place-1481", "name": "タリーズコーヒー", "category": "amenity"}}, {"type": "Feature", "geometry": {"type": "Point", "coordinates": [139.7742914, 35.6819802]}, "properties": {"id": "place-1482", "name": "三井住友銀行", "category": "amenity"}}, {"type": "Feature", "geometry": {"type": "Point", "coordinates": [139.7743298, 35.6819292]}, "properties": {"id": "place-1483", "name": "住友化学", "category": "office"}}, {"type": "Feature", "geometry": {"type": "Point", "coordinates": [139.7742459, 35.6819968]}, "properties": {"id": "place-1484", "name": "横浜銀行", "category": "amenity"}}, {"type": "Feature", "geometry": {"type": "Point", "coordinates": [139.7678549, 35.6800344]}, "properties": {"id": "place-1485", "name": "らーめん 玉", "category": "amenity"}}, {"type": "Feature", "geometry": {"type": "Point", "coordinates": [139.7678794, 35.6801184]}, "properties": {"id": "place-1486", "name": "ひるがお", "category": "amenity"}}, {"type": "Feature", "geometry": {"type": "Point", "coordinates": [139.7679104, 35.6802016]}, "properties": {"id": "place-1487", "name": "俺式 純", "category": "amenity"}}, {"type": "Feature", "geometry": {"type": "Point", "coordinates": [139.7679845, 35.6803732]}, "properties": {"id": "place-1488", "name": "花道庵", "category": "amenity"}}, {"type": "Feature", "geometry": {"type": "Point", "coordinates": [139.7679501, 35.6803817]}, "properties": {"id": "place-1489", "name": "革新家 TOKYO", "category": "amenity"}}, {"type": "Feature", "geometry": {"type": "Point", "coordinates": [139.7678873, 35.6804045]}, "properties": {"id": "place-1490", "name": "東京駅 斑鳩", "category": "amenity"}}, {"type": "Feature", "geometry": {"type": "Point", "coordinates": [139.7701325, 35.6828951]}, "properties": {"id": "place-1491", "name": "特種東海製紙", "category": "office"}}, {"type": "Feature", "geometry": {"type": "Point", "coordinates": [139.769381, 35.6798298]}, "properties": {"id": "place-1492", "name": "ASTERISCO", "category": "amenity"}}, {"type": "Feature", "geometry": {"type": "Point", "coordinates": [139.76949, 35.6798607]}, "properties": {"id": "place-1493", "name": "YANMAR MARCHÉ TOKYO", "category": "amenity"}}, {"type": "Feature", "geometry": {"type": "Point", "coordinates": [139.7694768, 35.6798127]}, "properties": {"id": "place-1494", "name": "HANASAKA STAND", "category": "tourism"}}, {"type": "Feature", "geometry": {"type": "Point", "coordinates": [139.7693923, 35.6798857]}, "properties": {"id": "place-1495", "name": "TORIBA COFFEE TOKYO", "category": "amenity"}}, {"type": "Feature", "geometry": {"type": "Point", "coordinates": [139.7695526, 35.6803738]}, "properties": {"id": "place-1496", "name": "八重洲1-9-9", "category": "amenity"}}, {"type": "Feature", "geometry": {"type": "Point", "coordinates": [139.7704335, 35.6818899]}, "properties": {"id": "place-1497", "name": "八重洲ヤヨイクリニック", "category": "amenity"}}, {"type": "Feature", "geometry": {"type": "Point", "coordinates": [139.7716202, 35.6818901]}, "properties": {"id": "place-1498", "name": "ヤマト運輸", "category": "amenity"}}, {"type": "Feature", "geometry": {"type": "Point", "coordinates": [139.7696488, 35.6910255]}, "properties": {"id": "place-1499", "name": "二代目 谷瀬家", "category": "amenity"}}, {"type": "Feature", "geometry": {"type": "Point", "coordinates": [139.7693399, 35.6905299]}, "properties": {"id": "place-1500", "name": "大衆酒場あげもんや 神田西口店", "category": "amenity"}}, {"type": "Feature", "geometry": {"type": "Point", "coordinates": [139.7693706, 35.6907321]}, "properties": {"id": "place-1501", "name": "やきとん酒場 神田とら八", "category": "amenity"}}, {"type": "Feature", "geometry": {"type": "Point", "coordinates": [139.7693384, 35.6906027]}, "properties": {"id": "place-1502", "name": "アグリウェーブ", "category": "office"}}, {"type": "Feature", "geometry": {"type": "Point", "coordinates": [139.7693177, 35.6905858]}, "properties": {"id": "place-1503", "name": "農材通信社", "category": "office"}}, {"type": "Feature", "geometry": {"type": "Point", "coordinates": [139.7692272, 35.6905361]}, "properties": {"id": "place-1504", "name": "すし定", "category": "amenity"}}, {"type": "Feature", "geometry": {"type": "Point", "coordinates": [139.7691012, 35.6905838]}, "properties": {"id": "place-1505", "name": "神田 木花", "category": "amenity"}}, {"type": "Feature", "geometry": {"type": "Point", "coordinates": [139.7690794, 35.690801]}, "properties": {"id": "place-1506", "name": "かぶき本店", "category": "amenity"}}, {"type": "Feature", "geometry": {"type": "Point", "coordinates": [139.769162, 35.6907548]}, "properties": {"id": "place-1507", "name": "PIZZERIA FORNO NERO", "category": "amenity"}}, {"type": "Feature", "geometry": {"type": "Point", "coordinates": [139.7691358, 35.6908074]}, "properties": {"id": "place-1508", "name": "Himalaya Table", "category": "amenity"}}, {"type": "Feature", "geometry": {"type": "Point", "coordinates": [139.7751653, 35.6920082]}, "properties": {"id": "place-1509", "name": "アパホテル", "category": "tourism"}}, {"type": "Feature", "geometry": {"type": "Point", "coordinates": [139.7710479, 35.6904878]}, "properties": {"id": "place-1510", "name": "ファミリーマート", "category": "shop"}}, {"type": "Feature", "geometry": {"type": "Point", "coordinates": [139.7714701, 35.690434]}, "properties": {"id": "place-1511", "name": "TUC SHOP(パチンコ換金所)", "category": "amenity"}}, {"type": "Feature", "geometry": {"type": "Point", "coordinates": [139.7718683, 35.6906981]}, "properties": {"id": "place-1512", "name": "Jumbo", "category": "amenity"}}, {"type": "Feature", "geometry": {"type": "Point", "coordinates": [139.7718268, 35.6906711]}, "properties": {"id": "place-1513", "name": "ビッグエコー", "category": "amenity"}}, {"type": "Feature", "geometry": {"type": "Point", "coordinates": [139.770961, 35.6926674]}, "properties": {"id": "place-1514", "name": "TUC SHOP(パチンコ換金所)", "category": "amenity"}}, {"type": "Feature", "geometry": {"type": "Point", "coordinates": [139.7703817, 35.6915921]}, "properties": {"id": "place-1515", "name": "KO-SHIN", "category": "amenity"}}, {"type": "Feature", "geometry": {"type": "Point", "coordinates": [139.7703938, 35.6914828]}, "properties": {"id": "place-1516", "name": "無料案内所", "category": "tourism"}}, {"type": "Feature", "geometry": {"type": "Point", "coordinates": [139.7682792, 35.6914984]}, "properties": {"id": "place-1517", "name": "TUC SHOP(パチンコ換金所)", "category": "amenity"}}, {"type": "Feature", "geometry": {"type": "Point", "coordinates": [139.772089, 35.6822959]}, "properties": {"id": "place-1518", "name": "下克上", "category": "amenity"}}, {"type": "Feature", "geometry": {"type": "Point", "coordinates": [139.7705218, 35.6817462]}, "properties": {"id": "place-1519", "name": "コカ・コーラ", "category": "amenity"}}, {"type": "Feature", "geometry": {"type": "Point", "coordinates": [139.7706585, 35.6818688]}, "properties": {"id": "place-1520", "name": "伴", "category": "amenity"}}, {"type": "Feature", "geometry": {"type": "Point", "coordinates": [139.7706219, 35.6818232]}, "properties": {"id": "place-1521", "name": "呑うてんき", "category": "amenity"}}, {"type": "Feature", "geometry": {"type": "Point", "coordinates": [139.770543, 35.6817203]}, "properties": {"id": "place-1522", "name": "内外興業不動産", "category": "office"}}, {"type": "Feature", "geometry": {"type": "Point", "coordinates": [139.7707326, 35.6816679]}, "properties": {"id": "place-1523", "name": "トンロー", "category": "amenity"}}, {"type": "Feature", "geometry": {"type": "Point", "coordinates": [139.770694, 35.6816872]}, "properties": {"id": "place-1524", "name": "ザ・プレミアム・モルツ　ハウス", "category": "amenity"}}, {"type": "Feature", "geometry": {"type": "Point", "coordinates": [139.7707904, 35.6816575]}, "properties": {"id": "place-1525", "name": "TaiKouRou", "category": "amenity"}}, {"type": "Feature", "geometry": {"type": "Point", "coordinates": [139.7724726, 35.6823665]}, "properties": {"id": "place-1526", "name": "インクタス", "category": "amenity"}}, {"type": "Feature", "geometry": {"type": "Point", "coordinates": [139.7710023, 35.6817413]}, "properties": {"id": "place-1527", "name": "bar.C", "category": "amenity"}}, {"type": "Feature", "geometry": {"type": "Point", "coordinates": [139.773195, 35.6823332]}, "properties": {"id": "place-1528", "name": "B.B.O.N", "category": "amenity"}}, {"type": "Feature", "geometry": {"type": "Point", "coordinates": [139.7729213, 35.6819691]}, "properties": {"id": "place-1529", "name": "四季料理いけ増", "category": "amenity"}}, {"type": "Feature", "geometry": {"type": "Point", "coordinates": [139.7728839, 35.6819615]}, "properties": {"id": "place-1530", "name": "日本橋グリーン歯科", "category": "amenity"}}, {"type": "Feature", "geometry": {"type": "Point", "coordinates": [139.7726473, 35.6820644]}, "properties": {"id": "place-1531", "name": "ばんばん", "category": "amenity"}}, {"type": "Feature", "geometry": {"type": "Point", "coordinates": [139.772548, 35.6822994]}, "properties": {"id": "place-1532", "name": "CUSTOMA CAFE", "category": "amenity"}}, {"type": "Feature", "geometry": {"type": "Point", "coordinates": [139.7725733, 35.6823135]}, "properties": {"id": "place-1533", "name": "日本橋経絡整体院", "category": "shop"}}, {"type": "Feature", "geometry": {"type": "Point", "coordinates": [139.7724693, 35.6823221]}, "properties": {"id": "place-1534", "name": "HANABISHI", "category": "shop"}}, {"type": "Feature", "geometry": {"type": "Point", "coordinates": [139.7710488, 35.6818671]}, "properties": {"id": "place-1535", "name": "みなと屋", "category": "amenity"}}, {"type": "Feature", "geometry": {"type": "Point", "coordinates": [139.7723313, 35.6823736]}, "properties": {"id": "place-1536", "name": "AIC八重洲クリニック", "category": "amenity"}}, {"type": "Feature", "geometry": {"type": "Point", "coordinates": [139.772178, 35.6824131]}, "properties": {"id": "place-1537", "name": "中山眼科医院", "category": "amenity"}}, {"type": "Feature", "geometry": {"type": "Point", "coordinates": [139.7722133, 35.6823974]}, "properties": {"id": "place-1538", "name": "三園歯科", "category": "amenity"}}, {"type": "Feature", "geometry": {"type": "Point", "coordinates": [139.7722136, 35.6824823]}, "properties": {"id": "place-1539", "name": "オプス日本橋", "category": "shop"}}, {"type": "Feature", "geometry": {"type": "Point", "coordinates": [139.7722209, 35.6825177]}, "properties": {"id": "place-1540", "name": "よもだそば", "category": "amenity"}}, {"type": "Feature", "geometry": {"type": "Point", "coordinates": [139.7722072, 35.6824895]}, "properties": {"id": "place-1541", "name": "TOMO", "category": "shop"}}, {"type": "Feature", "geometry": {"type": "Point", "coordinates": [139.7722401, 35.6825737]}, "properties": {"id": "place-1542", "name": "蕎麦一心たすけ", "category": "amenity"}}, {"type": "Feature", "geometry": {"type": "Point", "coordinates": [139.7718122, 35.682241]}, "properties": {"id": "place-1543", "name": "割烹　嶋村", "category": "amenity"}}, {"type": "Feature", "geometry": {"type": "Point", "coordinates": [139.7720495, 35.6822544]}, "properties": {"id": "place-1544", "name": "SUZUKI", "category": "shop"}}, {"type": "Feature", "geometry": {"type": "Point", "coordinates": [139.7720209, 35.6822232]}, "properties": {"id": "place-1545", "name": "串特急", "category": "amenity"}}, {"type": "Feature", "geometry": {"type": "Point", "coordinates": [139.7718511, 35.6823508]}, "properties": {"id": "place-1546", "name": "ビッグエコー", "category": "amenity"}}, {"type": "Feature", "geometry": {"type": "Point", "coordinates": [139.7719819, 35.6821416]}, "properties": {"id": "place-1547", "name": "魚がし日本一", "category": "amenity"}}, {"type": "Feature", "geometry": {"type": "Point", "coordinates": [139.7719374, 35.6820876]}, "properties": {"id": "place-1548", "name": "さくら薬局", "category": "amenity"}}, {"type": "Feature", "geometry": {"type": "Point", "coordinates": [139.7719636, 35.6820738]}, "properties": {"id": "place-1549", "name": "和膳坊", "category": "amenity"}}, {"type": "Feature", "geometry": {"type": "Point", "coordinates": [139.7719282, 35.6820175]}, "properties": {"id": "place-1550", "name": "やきもつ紅とん", "category": "amenity"}}, {"type": "Feature", "geometry": {"type": "Point", "coordinates": [139.7699964, 35.6813884]}, "properties": {"id": "place-1551", "name": "なんぼや", "category": "shop"}}, {"type": "Feature", "geometry": {"type": "Point", "coordinates": [139.7715349, 35.6817758]}, "properties": {"id": "place-1552", "name": "MATSUNAGA", "category": "shop"}}, {"type": "Feature", "geometry": {"type": "Point", "coordinates": [139.7712164, 35.6816915]}, "properties": {"id": "place-1553", "name": "九州熱中屋", "category": "amenity"}}, {"type": "Feature", "geometry": {"type": "Point", "coordinates": [139.7711432, 35.6817191]}, "properties": {"id": "place-1554", "name": "焼肉矢澤", "category": "amenity"}}, {"type": "Feature", "geometry": {"type": "Point", "coordinates": [139.7711427, 35.6818079]}, "properties": {"id": "place-1555", "name": "GLASS DANCE", "category": "amenity"}}, {"type": "Feature", "geometry": {"type": "Point", "coordinates": [139.7710893, 35.6818338]}, "properties": {"id": "place-1556", "name": "とうがらし", "category": "amenity"}}, {"type": "Feature", "geometry": {"type": "Point", "coordinates": [139.7710412, 35.6818502]}, "properties": {"id": "place-1557", "name": "炭焼てらまえ", "category": "amenity"}}, {"type": "Feature", "geometry": {"type": "Point", "coordinates": [139.7709614, 35.6816941]}, "properties": {"id": "place-1558", "name": "CasPita", "category": "amenity"}}, {"type": "Feature", "geometry": {"type": "Point", "coordinates": [139.7742663, 35.6865856]}, "properties": {"id": "place-1559", "name": "鶏三和", "category": "amenity"}}, {"type": "Feature", "geometry": {"type": "Point", "coordinates": [139.7737805, 35.6813128]}, "properties": {"id": "place-1560", "name": "コスメキッチン", "category": "shop"}}, {"type": "Feature", "geometry": {"type": "Point", "coordinates": [139.7739025, 35.6812783]}, "properties": {"id": "place-1561", "name": "トゥモローランド", "category": "shop"}}, {"type": "Feature", "geometry": {"type": "Point", "coordinates": [139.7739107, 35.6811597]}, "properties": {"id": "place-1562", "name": "PATRICK", "category": "shop"}}, {"type": "Feature", "geometry": {"type": "Point", "coordinates": [139.7746358, 35.6809738]}, "properties": {"id": "place-1563", "name": "+Music", "category": "amenity"}}, {"type": "Feature", "geometry": {"type": "Point", "coordinates": [139.7746096, 35.6809886]}, "properties": {"id": "place-1564", "name": "浅沼", "category": "amenity"}}, {"type": "Feature", "geometry": {"type": "Point", "coordinates": [139.7746515, 35.6809589]}, "properties": {"id": "place-1565", "name": "たかはし", "category": "amenity"}}, {"type": "Feature", "geometry": {"type": "Point", "coordinates": [139.7745768, 35.6809979]}, "properties": {"id": "place-1566", "name": "はしもと歯科", "category": "amenity"}}, {"type": "Feature", "geometry": {"type": "Point", "coordinates": [139.7739548, 35.681325]}, "properties": {"id": "place-1567", "name": "スターバックス", "category": "amenity"}}, {"type": "Feature", "geometry": {"type": "Point", "coordinates": [139.7737693, 35.6812276]}, "properties": {"id": "place-1568", "name": "ほけんの窓口", "category": "office"}}, {"type": "Feature", "geometry": {"type": "Point", "coordinates": [139.7736964, 35.681275]}, "properties": {"id": "place-1569", "name": "成城石井", "category": "shop"}}, {"type": "Feature", "geometry": {"type": "Point", "coordinates": [139.7736647, 35.6813688]}, "properties": {"id": "place-1570", "name": "Akomeya Tokyo", "category": "shop"}}, {"type": "Feature", "geometry": {"type": "Point", "coordinates": [139.7623296, 35.6867747]}, "properties": {"id": "place-1571", "name": "人形町 麺や わたる", "category": "amenity"}}, {"type": "Feature", "geometry": {"type": "Point", "coordinates": [139.7622636, 35.6844688]}, "properties": {"id": "place-1572", "name": "セールスフォース・ジャパン", "category": "office"}}, {"type": "Feature", "geometry": {"type": "Point", "coordinates": [139.7645615, 35.679534]}, "properties": {"id": "place-1573", "name": "スノーピークカフェ", "category": "amenity"}}, {"type": "Feature", "geometry": {"type": "Point", "coordinates": [139.765578, 35.6855362]}, "properties": {"id": "place-1574", "name": "La Pesquera MARISQUERIA", "category": "amenity"}}, {"type": "Feature", "geometry": {"type": "Point", "coordinates": [139.7644102, 35.6859472]}, "properties": {"id": "place-1575", "name": "フリホーレス大手町ファーストスクエア店", "category": "amenity"}}, {"type": "Feature", "geometry": {"type": "Point", "coordinates": [139.7643259, 35.6837152]}, "properties": {"id": "place-1576", "name": "Dean&Deluca カフェ丸の内", "category": "amenity"}}, {"type": "Feature", "geometry": {"type": "Point", "coordinates": [139.7652883, 35.6807018]}, "properties": {"id": "place-1577", "name": "東京駅丸の内南口タクシー乗り場", "category": "amenity"}}, {"type": "Feature", "geometry": {"type": "Point", "coordinates": [139.7702772, 35.6815838]}, "properties": {"id": "place-1578", "name": "ミクソロジー トーキョー", "category": "amenity"}}, {"type": "Feature", "geometry": {"type": "Point", "coordinates": [139.766916, 35.690602]}, "properties": {"id": "place-1579", "name": "ホテルヴィラフォンテーヌ東京大手町", "category": "amenity"}}, {"type": "Feature", "geometry": {"type": "Point", "coordinates": [139.759876, 35.690958]}, "properties": {"id": "place-1580", "name": "丸紅ビル", "category": "amenity"}}, {"type": "Feature", "geometry": {"type": "Point", "coordinates": [139.7706638, 35.6927228]}, "properties": {"id": "place-1581", "name": "おすすめ屋", "category": "amenity"}}, {"type": "Feature", "geometry": {"type": "Point", "coordinates": [139.7709073, 35.6926938]}, "properties": {"id": "place-1582", "name": "ねぎし", "category": "amenity"}}, {"type": "Feature", "geometry": {"type": "Point", "coordinates": [139.7709103, 35.6927123]}, "properties": {"id": "place-1583", "name": "宝島", "category": "amenity"}}, {"type": "Feature", "geometry": {"type": "Point", "coordinates": [139.7715503, 35.692377]}, "properties": {"id": "place-1584", "name": "チケットフナキ", "category": "shop"}}, {"type": "Feature", "geometry": {"type": "Point", "coordinates": [139.771534, 35.6925036]}, "properties": {"id": "place-1585", "name": "焼鳥神田伊勢本店", "category": "amenity"}}, {"type": "Feature", "geometry": {"type": "Point", "coordinates": [139.7715065, 35.692559]}, "properties": {"id": "place-1586", "name": "QBハウス", "category": "shop"}}, {"type": "Feature", "geometry": {"type": "Point", "coordinates": [139.771474, 35.6926111]}, "properties": {"id": "place-1587", "name": "武蔵野油学会", "category": "amenity"}}, {"type": "Feature", "geometry": {"type": "Point", "coordinates": [139.7710213, 35.6909361]}, "properties": {"id": "place-1588", "name": "矢まと", "category": "amenity"}}, {"type": "Feature", "geometry": {"type": "Point", "coordinates": [139.7710023, 35.6908333]}, "properties": {"id": "place-1589", "name": "快活Club", "category": "amenity"}}, {"type": "Feature", "geometry": {"type": "Point", "coordinates": [139.77093, 35.6907457]}, "properties": {"id": "place-1590", "name": "DIFFERENCE", "category": "shop"}}, {"type": "Feature", "geometry": {"type": "Point", "coordinates": [139.7711317, 35.6907905]}, "properties": {"id": "place-1591", "name": "日高屋", "category": "amenity"}}, {"type": "Feature", "geometry": {"type": "Point", "coordinates": [139.7710873, 35.6904637]}, "properties": {"id": "place-1592", "name": "カラオケマック", "category": "amenity"}}, {"type": "Feature", "geometry": {"type": "Point", "coordinates": [139.7687029, 35.6817801]}, "properties": {"id": "place-1593", "name": "パパブブレ", "category": "shop"}}, {"type": "Feature", "geometry": {"type": "Point", "coordinates": [139.774798, 35.6855483]}, "properties": {"id": "place-1594", "name": "ミカド珈琲店", "category": "amenity"}}, {"type": "Feature", "geometry": {"type": "Point", "coordinates": [139.7724458, 35.6911934]}, "properties": {"id": "place-1595", "name": "やっぱり！ステーキ", "category": "amenity"}}, {"type": "Feature", "geometry": {"type": "Point", "coordinates": [139.7726638, 35.6900353]}, "properties": {"id": "place-1596", "name": "岩手銀行", "category": "amenity"}}, {"type": "Feature", "geometry": {"type": "Point", "coordinates": [139.7726831, 35.6899915]}, "properties": {"id": "place-1597", "name": "宮崎銀行", "category": "amenity"}}, {"type": "Feature", "geometry": {"type": "Point", "coordinates": [139.77231, 35.691193]}, "properties": {"id": "place-1598", "name": "クオール", "category": "amenity"}}, {"type": "Feature", "geometry": {"type": "Point", "coordinates": [139.7740152, 35.69175]}, "properties": {"id": "place-1599", "name": "Sotetsu Fresa Inn", "category": "tourism"}}, {"type": "Feature", "geometry": {"type": "Point", "coordinates": [139.7741659, 35.6917181]}, "properties": {"id": "place-1600", "name": "セブン-イレブン", "category": "shop"}}, {"type": "Feature", "geometry": {"type": "Point", "coordinates": [139.7683425, 35.6847322]}, "properties": {"id": "place-1601", "name": "大手町高架下自転車駐車場", "category": "amenity"}}, {"type": "Feature", "geometry": {"type": "Point", "coordinates": [139.7698109, 35.6822461]}, "properties": {"id": "place-1602", "name": "オークウッドプレミア東京", "category": "tourism"}}, {"type": "Feature", "geometry": {"type": "Point", "coordinates": [139.7714186, 35.6890194]}, "properties": {"id": "place-1603", "name": "Hair & Spa", "category": "shop"}}, {"type": "Feature", "geometry": {"type": "Point", "coordinates": [139.7745598, 35.6876399]}, "properties": {"id": "place-1604", "name": "Takeda Pharmaceuticals Headquarters", "category": "office"}}, {"type": "Feature", "geometry": {"type": "Point", "coordinates": [139.7751118, 35.6901481]}, "properties": {"id": "place-1605", "name": "Tokyu Stay Nihombashi", "category": "tourism"}}, {"type": "Feature", "geometry": {"type": "Point", "coordinates": [139.7661773, 35.6851351]}, "properties": {"id": "place-1606", "name": "カニエJAPAN株式会社 東京本部", "category": "office"}}, {"type": "Feature", "geometry": {"type": "Point", "coordinates": [139.7706164, 35.6903648]}, "properties": {"id": "place-1607", "name": "神田屋", "category": "amenity"}}, {"type": "Feature", "geometry": {"type": "Point", "coordinates": [139.7681426, 35.6871501]}, "properties": {"id": "place-1608", "name": "住友商事株式会社", "category": "office"}}, {"type": "Feature", "geometry": {"type": "Point", "coordinates": [139.7727157, 35.6827867]}, "properties": {"id": "place-1609", "name": "Cocorotus Foodtruck", "category": "amenity"}}, {"type": "Feature", "geometry": {"type": "Point", "coordinates": [139.7655606, 35.687769]}, "properties": {"id": "place-1610", "name": "FALAFEL BROTHERS", "category": "amenity"}}, {"type": "Feature", "geometry": {"type": "Point", "coordinates": [139.7744123, 35.6885664]}, "properties": {"id": "place-1611", "name": "Cafe Pharmacy", "category": "amenity"}}, {"type": "Feature", "geometry": {"type": "Point", "coordinates": [139.7744392, 35.6885259]}, "properties": {"id": "place-1612", "name": "Justa Burger", "category": "amenity"}}, {"type": "Feature", "geometry": {"type": "Point", "coordinates": [139.7656249, 35.6899203]}, "properties": {"id": "place-1613", "name": "メディカルスポーツ 整骨院・鍼灸院", "category": "shop"}}, {"type": "Feature", "geometry": {"type": "Point", "coordinates": [139.7658281, 35.6898747]}, "properties": {"id": "place-1614", "name": "サントリー", "category": "amenity"}}, {"type": "Feature", "geometry": {"type": "Point", "coordinates": [139.7658952, 35.6898606]}, "properties": {"id": "place-1615", "name": "アサヒ飲料", "category": "amenity"}}, {"type": "Feature", "geometry": {"type": "Point", "coordinates": [139.7664076, 35.6898207]}, "properties": {"id": "place-1616", "name": "中国鍼灸グループ", "category": "shop"}}, {"type": "Feature", "geometry": {"type": "Point", "coordinates": [139.7663937, 35.6898046]}, "properties": {"id": "place-1617", "name": "白銀屋", "category": "amenity"}}, {"type": "Feature", "geometry": {"type": "Point", "coordinates": [139.7666864, 35.6898054]}, "properties": {"id": "place-1618", "name": "城北信用金庫", "category": "amenity"}}, {"type": "Feature", "geometry": {"type": "Point", "coordinates": [139.7662472, 35.6898555]}, "properties": {"id": "place-1619", "name": "ファミリーマート", "category": "shop"}}, {"type": "Feature", "geometry": {"type": "Point", "coordinates": [139.7662412, 35.6901319]}, "properties": {"id": "place-1620", "name": "明治", "category": "amenity"}}, {"type": "Feature", "geometry": {"type": "Point", "coordinates": [139.7660561, 35.6900091]}, "properties": {"id": "place-1621", "name": "ZION", "category": "amenity"}}, {"type": "Feature", "geometry": {"type": "Point", "coordinates": [139.7662088, 35.6900092]}, "properties": {"id": "place-1622", "name": "サントリー", "category": "amenity"}}, {"type": "Feature", "geometry": {"type": "Point", "coordinates": [139.7662071, 35.6899957]}, "properties": {"id": "place-1623", "name": "キリンビバレッジ", "category": "amenity"}}, {"type": "Feature", "geometry": {"type": "Point", "coordinates": [139.766226, 35.6900206]}, "properties": {"id": "place-1624", "name": "ポッカサッポロ", "category": "amenity"}}, {"type": "Feature", "geometry": {"type": "Point", "coordinates": [139.7663119, 35.6900238]}, "properties": {"id": "place-1625", "name": "キリンビバレッジ", "category": "amenity"}}, {"type": "Feature", "geometry": {"type": "Point", "coordinates": [139.7662927, 35.6900266]}, "properties": {"id": "place-1626", "name": "サントリー", "category": "amenity"}}, {"type": "Feature", "geometry": {"type": "Point", "coordinates": [139.7662745, 35.690029]}, "properties": {"id": "place-1627", "name": "ポッカサッポロ", "category": "amenity"}}, {"type": "Feature", "geometry": {"type": "Point", "coordinates": [139.7658727, 35.6904462]}, "properties": {"id": "place-1628", "name": "ど丼がぁドン", "category": "amenity"}}, {"type": "Feature", "geometry": {"type": "Point", "coordinates": [139.765862, 35.6903993]}, "properties": {"id": "place-1629", "name": "鳥酎", "category": "amenity"}}, {"type": "Feature", "geometry": {"type": "Point", "coordinates": [139.7657014, 35.6903321]}, "properties": {"id": "place-1630", "name": "ヤマト運輸", "category": "office"}}, {"type": "Feature", "geometry": {"type": "Point", "coordinates": [139.7657103, 35.6902383]}, "properties": {"id": "place-1631", "name": "サントリー", "category": "amenity"}}, {"type": "Feature", "geometry": {"type": "Point", "coordinates": [139.7657086, 35.6902285]}, "properties": {"id": "place-1632", "name": "アサヒ飲料", "category": "amenity"}}, {"type": "Feature", "geometry": {"type": "Point", "coordinates": [139.7657069, 35.6902199]}, "properties": {"id": "place-1633", "name": "キリンビバレッジ", "category": "amenity"}}, {"type": "Feature", "geometry": {"type": "Point", "coordinates": [139.7656065, 35.6907362]}, "properties": {"id": "place-1634", "name": "笠置そば", "category": "amenity"}}, {"type": "Feature", "geometry": {"type": "Point", "coordinates": [139.7657855, 35.6906526]}, "properties": {"id": "place-1635", "name": "サントリー", "category": "amenity"}}, {"type": "Feature", "geometry": {"type": "Point", "coordinates": [139.7657077, 35.6905206]}, "properties": {"id": "place-1636", "name": "大塚食品", "category": "amenity"}}, {"type": "Feature", "geometry": {"type": "Point", "coordinates": [139.7656999, 35.6905217]}, "properties": {"id": "place-1637", "name": "ダイドードリンコ", "category": "amenity"}}, {"type": "Feature", "geometry": {"type": "Point", "coordinates": [139.7656923, 35.6905226]}, "properties": {"id": "place-1638", "name": "キリンビバレッジ", "category": "amenity"}}, {"type": "Feature", "geometry": {"type": "Point", "coordinates": [139.7656838, 35.6905237]}, "properties": {"id": "place-1639", "name": "アサヒ飲料", "category": "amenity"}}, {"type": "Feature", "geometry": {"type": "Point", "coordinates": [139.7656766, 35.6905247]}, "properties": {"id": "place-1640", "name": "サントリー", "category": "amenity"}}, {"type": "Feature", "geometry": {"type": "Point", "coordinates": [139.7655525, 35.6905984]}, "properties": {"id": "place-1641", "name": "タイムズカー", "category": "amenity"}}, {"type": "Feature", "geometry": {"type": "Point", "coordinates": [139.766215, 35.690655]}, "properties": {"id": "place-1642", "name": "カクヤス", "category": "shop"}}, {"type": "Feature", "geometry": {"type": "Point", "coordinates": [139.7661406, 35.6906665]}, "properties": {"id": "place-1643", "name": "The TANDOORI", "category": "amenity"}}, {"type": "Feature", "geometry": {"type": "Point", "coordinates": [139.7660675, 35.6906746]}, "properties": {"id": "place-1644", "name": "ν.Ceti", "category": "amenity"}}, {"type": "Feature", "geometry": {"type": "Point", "coordinates": [139.766032, 35.6908298]}, "properties": {"id": "place-1645", "name": "串揚げ Bistro 双", "category": "amenity"}}, {"type": "Feature", "geometry": {"type": "Point", "coordinates": [139.7704675, 35.6931116]}, "properties": {"id": "place-1646", "name": "まいばすけっと", "category": "shop"}}, {"type": "Feature", "geometry": {"type": "Point", "coordinates": [139.7666498, 35.6902562]}, "properties": {"id": "place-1647", "name": "ダイドードリンコ", "category": "amenity"}}, {"type": "Feature", "geometry": {"type": "Point", "coordinates": [139.7667042, 35.6909183]}, "properties": {"id": "place-1648", "name": "サントリー", "category": "amenity"}}, {"type": "Feature", "geometry": {"type": "Point", "coordinates": [139.7666945, 35.6908631]}, "properties": {"id": "place-1649", "name": "LUUP", "category": "amenity"}}, {"type": "Feature", "geometry": {"type": "Point", "coordinates": [139.766734, 35.6907672]}, "properties": {"id": "place-1650", "name": "葉菜海家", "category": "amenity"}}, {"type": "Feature", "geometry": {"type": "Point", "coordinates": [139.7667857, 35.6907591]}, "properties": {"id": "place-1651", "name": "えい輝", "category": "amenity"}}, {"type": "Feature", "geometry": {"type": "Point", "coordinates": [139.7666391, 35.690789]}, "properties": {"id": "place-1652", "name": "鮨 後富久", "category": "amenity"}}, {"type": "Feature", "geometry": {"type": "Point", "coordinates": [139.7666391, 35.6906161]}, "properties": {"id": "place-1653", "name": "ぴゅあ", "category": "amenity"}}, {"type": "Feature", "geometry": {"type": "Point", "coordinates": [139.766558, 35.690621]}, "properties": {"id": "place-1654", "name": "海上菜館", "category": "amenity"}}, {"type": "Feature", "geometry": {"type": "Point", "coordinates": [139.7664966, 35.6906229]}, "properties": {"id": "place-1655", "name": "漁場 かず家", "category": "amenity"}}, {"type": "Feature", "geometry": {"type": "Point", "coordinates": [139.7664584, 35.6906357]}, "properties": {"id": "place-1656", "name": "あぶくま亭", "category": "amenity"}}, {"type": "Feature", "geometry": {"type": "Point", "coordinates": [139.76592, 35.6906373]}, "properties": {"id": "place-1657", "name": "RESTAURANT MOROCCO TOKYO", "category": "amenity"}}, {"type": "Feature", "geometry": {"type": "Point", "coordinates": [139.765921, 35.6906961]}, "properties": {"id": "place-1658", "name": "焼きさかな弁当", "category": "amenity"}}, {"type": "Feature", "geometry": {"type": "Point", "coordinates": [139.7705267, 35.6903977]}, "properties": {"id": "place-1659", "name": "テング酒場", "category": "amenity"}}, {"type": "Feature", "geometry": {"type": "Point", "coordinates": [139.77053, 35.6906817]}, "properties": {"id": "place-1660", "name": "大観", "category": "amenity"}}, {"type": "Feature", "geometry": {"type": "Point", "coordinates": [139.7705508, 35.6906115]}, "properties": {"id": "place-1661", "name": "一軒め酒場", "category": "amenity"}}, {"type": "Feature", "geometry": {"type": "Point", "coordinates": [139.7709454, 35.6910868]}, "properties": {"id": "place-1662", "name": "南口", "category": "railway"}}, {"type": "Feature", "geometry": {"type": "Point", "coordinates": [139.7689951, 35.6902308]}, "properties": {"id": "place-1663", "name": "炭焼&WINE 利三郎", "category": "amenity"}}, {"type": "Feature", "geometry": {"type": "Point", "coordinates": [139.769029, 35.690288]}, "properties": {"id": "place-1664", "name": "トーンラップ", "category": "shop"}}, {"type": "Feature", "geometry": {"type": "Point", "coordinates": [139.7690048, 35.6902896]}, "properties": {"id": "place-1665", "name": "三番酒場", "category": "amenity"}}, {"type": "Feature", "geometry": {"type": "Point", "coordinates": [139.769029, 35.6903522]}, "properties": {"id": "place-1666", "name": "酒場五郎", "category": "amenity"}}, {"type": "Feature", "geometry": {"type": "Point", "coordinates": [139.7691034, 35.6904987]}, "properties": {"id": "place-1667", "name": "サントリー", "category": "amenity"}}, {"type": "Feature", "geometry": {"type": "Point", "coordinates": [139.7690731, 35.6905011]}, "properties": {"id": "place-1668", "name": "コカ・コーラ", "category": "amenity"}}, {"type": "Feature", "geometry": {"type": "Point", "coordinates": [139.7692372, 35.6905916]}, "properties": {"id": "place-1669", "name": "ハニーエンジェル", "category": "shop"}}, {"type": "Feature", "geometry": {"type": "Point", "coordinates": [139.7694692, 35.6903424]}, "properties": {"id": "place-1670", "name": "馬喰ろう", "category": "amenity"}}, {"type": "Feature", "geometry": {"type": "Point", "coordinates": [139.7694454, 35.6903844]}, "properties": {"id": "place-1671", "name": "千代田区内路上喫煙禁止", "category": "tourism"}}, {"type": "Feature", "geometry": {"type": "Point", "coordinates": [139.7695342, 35.6903359]}, "properties": {"id": "place-1672", "name": "滋和堂", "category": "shop"}}, {"type": "Feature", "geometry": {"type": "Point", "coordinates": [139.7697173, 35.6903559]}, "properties": {"id": "place-1673", "name": "千代田区内路上喫煙禁止", "category": "tourism"}}, {"type": "Feature", "geometry": {"type": "Point", "coordinates": [139.7696962, 35.6903588]}, "properties": {"id": "place-1674", "name": "出世不動通り", "category": "tourism"}}, {"type": "Feature", "geometry": {"type": "Point", "coordinates": [139.7696704, 35.6903103]}, "properties": {"id": "place-1675", "name": "ダンカン", "category": "shop"}}, {"type": "Feature", "geometry": {"type": "Point", "coordinates": [139.7702195, 35.6903065]}, "properties": {"id": "place-1676", "name": "はなの舞", "category": "amenity"}}, {"type": "Feature", "geometry": {"type": "Point", "coordinates": [139.7699977, 35.6904365]}, "properties": {"id": "place-1677", "name": "キリンビバレッジ", "category": "amenity"}}, {"type": "Feature", "geometry": {"type": "Point", "coordinates": [139.7700601, 35.6904552]}, "properties": {"id": "place-1678", "name": "アサヒ飲料", "category": "amenity"}}, {"type": "Feature", "geometry": {"type": "Point", "coordinates": [139.7681304, 35.6906164]}, "properties": {"id": "place-1679", "name": "日本酒原価酒蔵", "category": "amenity"}}, {"type": "Feature", "geometry": {"type": "Point", "coordinates": [139.7681667, 35.6904505]}, "properties": {"id": "place-1680", "name": "MCコピーサービス", "category": "shop"}}, {"type": "Feature", "geometry": {"type": "Point", "coordinates": [139.7681764, 35.6904371]}, "properties": {"id": "place-1681", "name": "妻地鶏とおでん 居酒屋ちょろっと", "category": "amenity"}}, {"type": "Feature", "geometry": {"type": "Point", "coordinates": [139.7683165, 35.6904675]}, "properties": {"id": "place-1682", "name": "アサヒ飲料", "category": "amenity"}}, {"type": "Feature", "geometry": {"type": "Point", "coordinates": [139.7684811, 35.6905968]}, "properties": {"id": "place-1683", "name": "ANDY", "category": "amenity"}}, {"type": "Feature", "geometry": {"type": "Point", "coordinates": [139.7685217, 35.6904304]}, "properties": {"id": "place-1684", "name": "神田鍼灸整骨院", "category": "shop"}}, {"type": "Feature", "geometry": {"type": "Point", "coordinates": [139.7683762, 35.6906273]}, "properties": {"id": "place-1685", "name": "Pasta Fresca", "category": "amenity"}}, {"type": "Feature", "geometry": {"type": "Point", "coordinates": [139.7684238, 35.6906251]}, "properties": {"id": "place-1686", "name": "Amazon Hub ロッカー", "category": "amenity"}}, {"type": "Feature", "geometry": {"type": "Point", "coordinates": [139.768748, 35.6905526]}, "properties": {"id": "place-1687", "name": "お食事処 あい津", "category": "amenity"}}, {"type": "Feature", "geometry": {"type": "Point", "coordinates": [139.7687504, 35.6905731]}, "properties": {"id": "place-1688", "name": "藤林歯科医院", "category": "amenity"}}, {"type": "Feature", "geometry": {"type": "Point", "coordinates": [139.7687557, 35.6906082]}, "properties": {"id": "place-1689", "name": "酒処 政", "category": "amenity"}}, {"type": "Feature", "geometry": {"type": "Point", "coordinates": [139.7687015, 35.6904612]}, "properties": {"id": "place-1690", "name": "千代田区内路上喫煙禁止", "category": "tourism"}}, {"type": "Feature", "geometry": {"type": "Point", "coordinates": [139.7686679, 35.690566]}, "properties": {"id": "place-1691", "name": "ポニー", "category": "shop"}}, {"type": "Feature", "geometry": {"type": "Point", "coordinates": [139.7687048, 35.6903288]}, "properties": {"id": "place-1692", "name": "麻雀 どい", "category": "amenity"}}, {"type": "Feature", "geometry": {"type": "Point", "coordinates": [139.7687175, 35.6903805]}, "properties": {"id": "place-1693", "name": "Lamp Light", "category": "amenity"}}, {"type": "Feature", "geometry": {"type": "Point", "coordinates": [139.7687229, 35.690411]}, "properties": {"id": "place-1694", "name": "Hair Salon みつはし", "category": "shop"}}, {"type": "Feature", "geometry": {"type": "Point", "coordinates": [139.768798, 35.690411]}, "properties": {"id": "place-1695", "name": "大信不動産", "category": "office"}}, {"type": "Feature", "geometry": {"type": "Point", "coordinates": [139.7688432, 35.6903829]}, "properties": {"id": "place-1696", "name": "第一電建ビル 内科・外科・麻酔科", "category": "amenity"}}, {"type": "Feature", "geometry": {"type": "Point", "coordinates": [139.7688707, 35.6905469]}, "properties": {"id": "place-1697", "name": "佐川急便", "category": "office"}}, {"type": "Feature", "geometry": {"type": "Point", "coordinates": [139.7689743, 35.6900984]}, "properties": {"id": "place-1698", "name": "やきとりの名門 秋吉", "category": "amenity"}}, {"type": "Feature", "geometry": {"type": "Point", "coordinates": [139.7672235, 35.6904486]}, "properties": {"id": "place-1699", "name": "かつ進", "category": "amenity"}}, {"type": "Feature", "geometry": {"type": "Point", "coordinates": [139.7673332, 35.6908576]}, "properties": {"id": "place-1700", "name": "伊藤デンタルクリニック", "category": "amenity"}}, {"type": "Feature", "geometry": {"type": "Point", "coordinates": [139.7673737, 35.6905526]}, "properties": {"id": "place-1701", "name": "十八番", "category": "amenity"}}, {"type": "Feature", "geometry": {"type": "Point", "coordinates": [139.7673858, 35.6907019]}, "properties": {"id": "place-1702", "name": "神田 天府", "category": "amenity"}}, {"type": "Feature", "geometry": {"type": "Point", "coordinates": [139.767418, 35.6905554]}, "properties": {"id": "place-1703", "name": "巴屋ビル", "category": "office"}}, {"type": "Feature", "geometry": {"type": "Point", "coordinates": [139.7674703, 35.6905412]}, "properties": {"id": "place-1704", "name": "丸の内青果", "category": "shop"}}, {"type": "Feature", "geometry": {"type": "Point", "coordinates": [139.7675199, 35.6906926]}, "properties": {"id": "place-1705", "name": "栃木屋", "category": "office"}}, {"type": "Feature", "geometry": {"type": "Point", "coordinates": [139.7676269, 35.6905437]}, "properties": {"id": "place-1706", "name": "キリンビバレッジ", "category": "amenity"}}, {"type": "Feature", "geometry": {"type": "Point", "coordinates": [139.7676406, 35.6906812]}, "properties": {"id": "place-1707", "name": "RISTORANTE CHAILLY", "category": "amenity"}}, {"type": "Feature", "geometry": {"type": "Point", "coordinates": [139.7677871, 35.690838]}, "properties": {"id": "place-1708", "name": "イル・テアトロ音楽院", "category": "amenity"}}, {"type": "Feature", "geometry": {"type": "Point", "coordinates": [139.767734, 35.6906639]}, "properties": {"id": "place-1709", "name": "四川厨房 随苑", "category": "amenity"}}, {"type": "Feature", "geometry": {"type": "Point", "coordinates": [139.7677754, 35.6906605]}, "properties": {"id": "place-1710", "name": "藤田酒店", "category": "shop"}}, {"type": "Feature", "geometry": {"type": "Point", "coordinates": [139.7676607, 35.6905186]}, "properties": {"id": "place-1711", "name": "BARBER KAMITO", "category": "shop"}}, {"type": "Feature", "geometry": {"type": "Point", "coordinates": [139.7677677, 35.6905053]}, "properties": {"id": "place-1712", "name": "麻雀サロン 竹の子", "category": "amenity"}}, {"type": "Feature", "geometry": {"type": "Point", "coordinates": [139.7679055, 35.690499]}, "properties": {"id": "place-1713", "name": "若松屋商店", "category": "office"}}, {"type": "Feature", "geometry": {"type": "Point", "coordinates": [139.7679312, 35.6904736]}, "properties": {"id": "place-1714", "name": "キリンビバレッジ", "category": "amenity"}}, {"type": "Feature", "geometry": {"type": "Point", "coordinates": [139.767933, 35.6904807]}, "properties": {"id": "place-1715", "name": "コカ・コーラ", "category": "amenity"}}, {"type": "Feature", "geometry": {"type": "Point", "coordinates": [139.7679347, 35.6904876]}, "properties": {"id": "place-1716", "name": "コカ・コーラ", "category": "amenity"}}, {"type": "Feature", "geometry": {"type": "Point", "coordinates": [139.7750383, 35.689081]}, "properties": {"id": "place-1717", "name": "肉のハナマサ", "category": "shop"}}, {"type": "Feature", "geometry": {"type": "Point", "coordinates": [139.7748693, 35.6890437]}, "properties": {"id": "place-1718", "name": "Reijinsha gallery", "category": "tourism"}}, {"type": "Feature", "geometry": {"type": "Point", "coordinates": [139.7646788, 35.6824495]}, "properties": {"id": "place-1719", "name": "丸の内ハウス", "category": "tourism"}}, {"type": "Feature", "geometry": {"type": "Point", "coordinates": [139.7660203, 35.6815845]}, "properties": {"id": "place-1720", "name": "東京駅;丸の内中央口", "category": "railway"}}, {"type": "Feature", "geometry": {"type": "Point", "coordinates": [139.7696784, 35.681471]}, "properties": {"id": "place-1721", "name": "元祖油堂 東京ラーメン横丁店", "category": "amenity"}}, {"type": "Feature", "geometry": {"type": "Point", "coordinates": [139.7756859, 35.6809621]}, "properties": {"id": "place-1722", "name": "デイリーヤマザキ", "category": "shop"}}, {"type": "Feature", "geometry": {"type": "Point", "coordinates": [139.7763493, 35.681631]}, "properties": {"id": "place-1723", "name": "サントリー", "category": "amenity"}}, {"type": "Feature", "geometry": {"type": "Point", "coordinates": [139.7742327, 35.6799014]}, "properties": {"id": "place-1724", "name": "ファミリーマート", "category": "shop"}}, {"type": "Feature", "geometry": {"type": "Point", "coordinates": [139.7732163, 35.6801438]}, "properties": {"id": "place-1725", "name": "アサヒビール", "category": "amenity"}}, {"type": "Feature", "geometry": {"type": "Point", "coordinates": [139.7664911, 35.6939118]}, "properties": {"id": "place-1726", "name": "つけめん金龍", "category": "amenity"}}, {"type": "Feature", "geometry": {"type": "Point", "coordinates": [139.7651738, 35.6885909]}, "properties": {"id": "place-1727", "name": "カルネジーオ", "category": "amenity"}}, {"type": "Feature", "geometry": {"type": "Point", "coordinates": [139.7726925, 35.6887101]}, "properties": {"id": "place-1728", "name": "Numbers", "category": "shop"}}, {"type": "Feature", "geometry": {"type": "Point", "coordinates": [139.7724191, 35.6894768]}, "properties": {"id": "place-1729", "name": "Uni Art Gallery", "category": "tourism"}}, {"type": "Feature", "geometry": {"type": "Point", "coordinates": [139.7602947, 35.6919545]}, "properties": {"id": "place-1730", "name": "かずいち", "category": "amenity"}}, {"type": "Feature", "geometry": {"type": "Point", "coordinates": [139.7633469, 35.6932186]}, "properties": {"id": "place-1731", "name": "タリーズコーヒー", "category": "amenity"}}, {"type": "Feature", "geometry": {"type": "Point", "coordinates": [139.7632699, 35.6928606]}, "properties": {"id": "place-1732", "name": "Point et Ligne", "category": "shop"}}, {"type": "Feature", "geometry": {"type": "Point", "coordinates": [139.7647529, 35.6797902]}, "properties": {"id": "place-1733", "name": "中川政七商店 KITTE丸の内", "category": "shop"}}, {"type": "Feature", "geometry": {"type": "Point", "coordinates": [139.7752241, 35.6873971]}, "properties": {"id": "place-1734", "name": "ローソン", "category": "shop"}}, {"type": "Feature", "geometry": {"type": "Point", "coordinates": [139.7772859, 35.6874311]}, "properties": {"id": "place-1735", "name": "伊場仙浮世絵ミュージアム", "category": "tourism"}}, {"type": "Feature", "geometry": {"type": "Point", "coordinates": [139.7741279, 35.6865256]}, "properties": {"id": "place-1736", "name": "リナ ストアズ コレド室町", "category": "amenity"}}, {"type": "Feature", "geometry": {"type": "Point", "coordinates": [139.7720026, 35.6821928]}, "properties": {"id": "place-1737", "name": "はんこ屋さん21", "category": "shop"}}, {"type": "Feature", "geometry": {"type": "Point", "coordinates": [139.7713667, 35.6810755]}, "properties": {"id": "place-1738", "name": "つるや", "category": "shop"}}, {"type": "Feature", "geometry": {"type": "Point", "coordinates": [139.7714956, 35.6807789]}, "properties": {"id": "place-1739", "name": "カラオケ館", "category": "amenity"}}, {"type": "Feature", "geometry": {"type": "Point", "coordinates": [139.7716274, 35.6807565]}, "properties": {"id": "place-1740", "name": "おでん山崎", "category": "amenity"}}, {"type": "Feature", "geometry": {"type": "Point", "coordinates": [139.7716068, 35.6807665]}, "properties": {"id": "place-1741", "name": "鳥酔", "category": "amenity"}}, {"type": "Feature", "geometry": {"type": "Point", "coordinates": [139.7716711, 35.6807314]}, "properties": {"id": "place-1742", "name": "In The Barrel", "category": "amenity"}}, {"type": "Feature", "geometry": {"type": "Point", "coordinates": [139.7714388, 35.6806221]}, "properties": {"id": "place-1743", "name": "炭火焼肉いずみの", "category": "amenity"}}, {"type": "Feature", "geometry": {"type": "Point", "coordinates": [139.7714297, 35.6806285]}, "properties": {"id": "place-1744", "name": "ちゃい九炉", "category": "amenity"}}, {"type": "Feature", "geometry": {"type": "Point", "coordinates": [139.771424, 35.6808044]}, "properties": {"id": "place-1745", "name": "ぐう", "category": "amenity"}}, {"type": "Feature", "geometry": {"type": "Point", "coordinates": [139.7714346, 35.6808297]}, "properties": {"id": "place-1746", "name": "HIRO GINZA", "category": "shop"}}, {"type": "Feature", "geometry": {"type": "Point", "coordinates": [139.7710786, 35.6807051]}, "properties": {"id": "place-1747", "name": "CELTS", "category": "amenity"}}, {"type": "Feature", "geometry": {"type": "Point", "coordinates": [139.7709774, 35.6805584]}, "properties": {"id": "place-1748", "name": "八吉酒場", "category": "amenity"}}, {"type": "Feature", "geometry": {"type": "Point", "coordinates": [139.7708939, 35.6804482]}, "properties": {"id": "place-1749", "name": "じゃぱんらんち", "category": "amenity"}}, {"type": "Feature", "geometry": {"type": "Point", "coordinates": [139.770948, 35.6804158]}, "properties": {"id": "place-1750", "name": "あぶり清水", "category": "amenity"}}, {"type": "Feature", "geometry": {"type": "Point", "coordinates": [139.7710391, 35.6803775]}, "properties": {"id": "place-1751", "name": "日本橋れいわ内科", "category": "amenity"}}, {"type": "Feature", "geometry": {"type": "Point", "coordinates": [139.7708856, 35.6804224]}, "properties": {"id": "place-1752", "name": "牛たん荒", "category": "amenity"}}, {"type": "Feature", "geometry": {"type": "Point", "coordinates": [139.7708857, 35.6803564]}, "properties": {"id": "place-1753", "name": "カラオケ館", "category": "amenity"}}, {"type": "Feature", "geometry": {"type": "Point", "coordinates": [139.766626, 35.6841271]}, "properties": {"id": "place-1754", "name": "Coffee machine", "category": "amenity"}}, {"type": "Feature", "geometry": {"type": "Point", "coordinates": [139.7619161, 35.6913772]}, "properties": {"id": "place-1755", "name": "しまゆし", "category": "amenity"}}, {"type": "Feature", "geometry": {"type": "Point", "coordinates": [139.7706494, 35.6799833]}, "properties": {"id": "place-1756", "name": "椿屋珈琲", "category": "amenity"}}, {"type": "Feature", "geometry": {"type": "Point", "coordinates": [139.7707363, 35.6801006]}, "properties": {"id": "place-1757", "name": "八吉", "category": "amenity"}}, {"type": "Feature", "geometry": {"type": "Point", "coordinates": [139.7707375, 35.6801064]}, "properties": {"id": "place-1758", "name": "さば銀", "category": "amenity"}}, {"type": "Feature", "geometry": {"type": "Point", "coordinates": [139.7711216, 35.6805157]}, "properties": {"id": "place-1759", "name": "楽蔵うたげ", "category": "amenity"}}, {"type": "Feature", "geometry": {"type": "Point", "coordinates": [139.7713471, 35.6802266]}, "properties": {"id": "place-1760", "name": "目利きの銀次", "category": "amenity"}}, {"type": "Feature", "geometry": {"type": "Point", "coordinates": [139.7713906, 35.6802104]}, "properties": {"id": "place-1761", "name": "京の庭", "category": "amenity"}}, {"type": "Feature", "geometry": {"type": "Point", "coordinates": [139.7714916, 35.6801808]}, "properties": {"id": "place-1762", "name": "にのや", "category": "amenity"}}, {"type": "Feature", "geometry": {"type": "Point", "coordinates": [139.7715609, 35.6801579]}, "properties": {"id": "place-1763", "name": "Matsunaga", "category": "shop"}}, {"type": "Feature", "geometry": {"type": "Point", "coordinates": [139.7716584, 35.6803115]}, "properties": {"id": "place-1764", "name": "釣宿酒場マヅメ", "category": "amenity"}}, {"type": "Feature", "geometry": {"type": "Point", "coordinates": [139.7720496, 35.6802457]}, "properties": {"id": "place-1765", "name": "dream Bed", "category": "shop"}}, {"type": "Feature", "geometry": {"type": "Point", "coordinates": [139.7743773, 35.6860573]}, "properties": {"id": "place-1766", "name": "日本橋店", "category": "shop"}}, {"type": "Feature", "geometry": {"type": "Point", "coordinates": [139.764779, 35.6844885]}, "properties": {"id": "place-1767", "name": "TomTom", "category": "office"}}, {"type": "Feature", "geometry": {"type": "Point", "coordinates": [139.770054, 35.6924705]}, "properties": {"id": "place-1768", "name": "神田 たまには、", "category": "amenity"}}, {"type": "Feature", "geometry": {"type": "Point", "coordinates": [139.7709645, 35.6891765]}, "properties": {"id": "place-1769", "name": "神七", "category": "amenity"}}, {"type": "Feature", "geometry": {"type": "Point", "coordinates": [139.7686833, 35.6805416]}, "properties": {"id": "place-1770", "name": "八重洲地下街", "category": "shop"}}, {"type": "Feature", "geometry": {"type": "Point", "coordinates": [139.772012, 35.678475]}, "properties": {"id": "place-1771", "name": "TODA BUILDING", "category": "amenity"}}, {"type": "Feature", "geometry": {"type": "Point", "coordinates": [139.7637025, 35.6803167]}, "properties": {"id": "place-1772", "name": "東京駅", "category": "railway", "ref": "M3"}}, {"type": "Feature", "geometry": {"type": "Point", "coordinates": [139.7634358, 35.6938339]}, "properties": {"id": "place-1773", "name": "Dill Coffee Parlor", "category": "amenity"}}, {"type": "Feature", "geometry": {"type": "Point", "coordinates": [139.7658744, 35.682895]}, "properties": {"id": "place-1774", "name": "ファミリーマート", "category": "shop"}}, {"type": "Feature", "geometry": {"type": "Point", "coordinates": [139.7740348, 35.6799288]}, "properties": {"id": "place-1775", "name": "カフェ・ド・クリエ", "category": "amenity"}}, {"type": "Feature", "geometry": {"type": "Point", "coordinates": [139.7742934, 35.6803261]}, "properties": {"id": "place-1776", "name": "テラスカイ", "category": "office"}}, {"type": "Feature", "geometry": {"type": "Point", "coordinates": [139.7748967, 35.6859778]}, "properties": {"id": "place-1777", "name": "丸山珈琲", "category": "shop"}}, {"type": "Feature", "geometry": {"type": "Point", "coordinates": [139.7627391, 35.6879839]}, "properties": {"id": "place-1778", "name": "VIRTÙ", "category": "amenity"}}, {"type": "Feature", "geometry": {"type": "Point", "coordinates": [139.7684979, 35.6793985]}, "properties": {"id": "place-1779", "name": "カフェカルディーノ／HAGARE ヤエチカ店", "category": "amenity"}}, {"type": "Feature", "geometry": {"type": "Point", "coordinates": [139.7619261, 35.6862606]}, "properties": {"id": "place-1780", "name": "ENEOS", "category": "office"}}, {"type": "Feature", "geometry": {"type": "Point", "coordinates": [139.7683917, 35.6805736]}, "properties": {"id": "place-1781", "name": "ビューゴールドラウンジ", "category": "amenity"}}, {"type": "Feature", "geometry": {"type": "Point", "coordinates": [139.7674402, 35.6818969]}, "properties": {"id": "place-1782", "name": "みどりの窓口", "category": "shop"}}, {"type": "Feature", "geometry": {"type": "Point", "coordinates": [139.7641101, 35.6904559]}, "properties": {"id": "place-1783", "name": "大鵬薬品工業株式会社 本社", "category": "office"}}, {"type": "Feature", "geometry": {"type": "Point", "coordinates": [139.7649018, 35.6807671]}, "properties": {"id": "place-1784", "name": "STATION DESK グランスタ丸の内", "category": "office"}}, {"type": "Feature", "geometry": {"type": "Point", "coordinates": [139.7645103, 35.6807601]}, "properties": {"id": "place-1785", "name": "STATION DESK 東京丸の内", "category": "office"}}, {"type": "Feature", "geometry": {"type": "Point", "coordinates": [139.7649563, 35.6811103]}, "properties": {"id": "place-1786", "name": "動輪の広場(C62形蒸気機関車)", "category": "tourism"}}, {"type": "Feature", "geometry": {"type": "Point", "coordinates": [139.7650998, 35.6800689]}, "properties": {"id": "place-1787", "name": "Tokyo Station & Cat face Viewpoint 6F", "category": "tourism"}}, {"type": "Feature", "geometry": {"type": "Point", "coordinates": [139.7654879, 35.6794006]}, "properties": {"id": "place-1788", "name": "Tokyo Station train tracks Viewpoint 6F", "category": "tourism"}}, {"type": "Feature", "geometry": {"type": "Point", "coordinates": [139.7642318, 35.6811392]}, "properties": {"id": "place-1789", "name": "Hakata Ramen Akanoren", "category": "amenity"}}, {"type": "Feature", "geometry": {"type": "Point", "coordinates": [139.765645, 35.6828884]}, "properties": {"id": "place-1790", "name": "Cat face facade", "category": "tourism"}}, {"type": "Feature", "geometry": {"type": "Point", "coordinates": [139.7673942, 35.6812488]}, "properties": {"id": "place-1791", "name": "銀の鈴", "category": "amenity"}}, {"type": "Feature", "geometry": {"type": "Point", "coordinates": [139.7640068, 35.6938687]}, "properties": {"id": "place-1792", "name": "鶏ラーメンTOKU", "category": "amenity"}}, {"type": "Feature", "geometry": {"type": "Point", "coordinates": [139.7644845, 35.6825781]}, "properties": {"id": "place-1793", "name": "Molé TAQUERIA Y BAR", "category": "amenity"}}, {"type": "Feature", "geometry": {"type": "Point", "coordinates": [139.7669968, 35.6822507]}, "properties": {"id": "place-1794", "name": "北出TACOS", "category": "amenity"}}, {"type": "Feature", "geometry": {"type": "Point", "coordinates": [139.7639843, 35.686699]}, "properties": {"id": "place-1795", "name": "タコリッコ大手町ビル店", "category": "amenity"}}, {"type": "Feature", "geometry": {"type": "Point", "coordinates": [139.7645001, 35.6795684]}, "properties": {"id": "place-1796", "name": "MUCHO MODERN MEXICANO", "category": "amenity"}}, {"type": "Feature", "geometry": {"type": "Point", "coordinates": [139.7668277, 35.6821307]}, "properties": {"id": "place-1797", "name": "NewDays", "category": "shop"}}, {"type": "Feature", "geometry": {"type": "Point", "coordinates": [139.7692875, 35.6814414]}, "properties": {"id": "place-1798", "name": "Saryo Tsujiri", "category": "amenity"}}, {"type": "Feature", "geometry": {"type": "Point", "coordinates": [139.7690155, 35.6816247]}, "properties": {"id": "place-1799", "name": "Kamakura Toshimaya Daimaru", "category": "shop"}}, {"type": "Feature", "geometry": {"type": "Point", "coordinates": [139.7703577, 35.6927982]}, "properties": {"id": "place-1800", "name": "シルバーファーン東京クリニック", "category": "amenity"}}, {"type": "Feature", "geometry": {"type": "Point", "coordinates": [139.7638473, 35.6811638]}, "properties": {"id": "place-1801", "name": "イビデン(株)", "category": "office"}}, {"type": "Feature", "geometry": {"type": "Point", "coordinates": [139.7638607, 35.6810922]}, "properties": {"id": "place-1802", "name": "パーソルキャリア(株)", "category": "office"}}, {"type": "Feature", "geometry": {"type": "Point", "coordinates": [139.7637151, 35.6811358]}, "properties": {"id": "place-1803", "name": "日本ガイシ(株)", "category": "office"}}, {"type": "Feature", "geometry": {"type": "Point", "coordinates": [139.7637745, 35.6812261]}, "properties": {"id": "place-1804", "name": "名古屋商科大学大学院", "category": "amenity"}}, {"type": "Feature", "geometry": {"type": "Point", "coordinates": [139.7657289, 35.6819597]}, "properties": {"id": "place-1805", "name": "NewDays", "category": "shop"}}, {"type": "Feature", "geometry": {"type": "Point", "coordinates": [139.7716493, 35.6781695]}, "properties": {"id": "place-1806", "name": "Creative Museum Tokyo", "category": "tourism"}}, {"type": "Feature", "geometry": {"type": "Point", "coordinates": [139.7713884, 35.6782597]}, "properties": {"id": "place-1807", "name": "Creative Museum Tokyo Cafe", "category": "amenity"}}, {"type": "Feature", "geometry": {"type": "Point", "coordinates": [139.7657852, 35.6806683]}, "properties": {"id": "place-1808", "name": "みどりの窓口", "category": "shop"}}, {"type": "Feature", "geometry": {"type": "Point", "coordinates": [139.7752795, 35.68158]}, "properties": {"id": "place-1809", "name": "ポルシェ", "category": "shop"}}, {"type": "Feature", "geometry": {"type": "Point", "coordinates": [139.7762723, 35.6812736]}, "properties": {"id": "place-1810", "name": "イスクラ薬局", "category": "amenity"}}, {"type": "Feature", "geometry": {"type": "Point", "coordinates": [139.7748488, 35.6813692]}, "properties": {"id": "place-1811", "name": "Costa", "category": "amenity"}}, {"type": "Feature", "geometry": {"type": "Point", "coordinates": [139.7746557, 35.6811301]}, "properties": {"id": "place-1812", "name": "花山うどん", "category": "shop"}}, {"type": "Feature", "geometry": {"type": "Point", "coordinates": [139.7739773, 35.6813732]}, "properties": {"id": "place-1813", "name": "Nespresso", "category": "shop"}}, {"type": "Feature", "geometry": {"type": "Point", "coordinates": [139.7697966, 35.6808185]}, "properties": {"id": "place-1814", "name": "TKP", "category": "amenity"}}, {"type": "Feature", "geometry": {"type": "Point", "coordinates": [139.7676329, 35.6938434]}, "properties": {"id": "place-1815", "name": "松月庵", "category": "amenity"}}, {"type": "Feature", "geometry": {"type": "Point", "coordinates": [139.767662, 35.6942752]}, "properties": {"id": "place-1816", "name": "カクヤス", "category": "shop"}}, {"type": "Feature", "geometry": {"type": "Point", "coordinates": [139.7625404, 35.6809643]}, "properties": {"id": "place-1817", "name": "ローソン", "category": "shop"}}, {"type": "Feature", "geometry": {"type": "Point", "coordinates": [139.7624731, 35.680985]}, "properties": {"id": "place-1818", "name": "ChargeSPOT", "category": "amenity"}}, {"type": "Feature", "geometry": {"type": "Point", "coordinates": [139.7624349, 35.6810619]}, "properties": {"id": "place-1819", "name": "三菱商事(株)", "category": "office"}}, {"type": "Feature", "geometry": {"type": "Point", "coordinates": [139.7748782, 35.6867676]}, "properties": {"id": "place-1820", "name": "Spaghetti Sora", "category": "amenity"}}, {"type": "Feature", "geometry": {"type": "Point", "coordinates": [139.7702612, 35.6780692]}, "properties": {"id": "place-1821", "name": "キリンビバレッジ", "category": "amenity"}}, {"type": "Feature", "geometry": {"type": "Point", "coordinates": [139.7695794, 35.6783855]}, "properties": {"id": "place-1822", "name": "キリンビバレッジ", "category": "amenity"}}, {"type": "Feature", "geometry": {"type": "Point", "coordinates": [139.7696069, 35.6784306]}, "properties": {"id": "place-1823", "name": "IJOOZ", "category": "amenity"}}, {"type": "Feature", "geometry": {"type": "Point", "coordinates": [139.7695887, 35.6783538]}, "properties": {"id": "place-1824", "name": "キリンビバレッジ", "category": "amenity"}}, {"type": "Feature", "geometry": {"type": "Point", "coordinates": [139.7695969, 35.6784123]}, "properties": {"id": "place-1825", "name": "キリンビバレッジ", "category": "amenity"}}, {"type": "Feature", "geometry": {"type": "Point", "coordinates": [139.7628785, 35.6938598]}, "properties": {"id": "place-1826", "name": "アサヒ飲料", "category": "amenity"}}, {"type": "Feature", "geometry": {"type": "Point", "coordinates": [139.7632499, 35.6938989]}, "properties": {"id": "place-1827", "name": "クイックパーキング", "category": "amenity"}}, {"type": "Feature", "geometry": {"type": "Point", "coordinates": [139.7637926, 35.693819]}, "properties": {"id": "place-1828", "name": "LYFE", "category": "amenity"}}, {"type": "Feature", "geometry": {"type": "Point", "coordinates": [139.7615617, 35.69377]}, "properties": {"id": "place-1829", "name": "おさけと", "category": "amenity"}}, {"type": "Feature", "geometry": {"type": "Point", "coordinates": [139.7741013, 35.6851557]}, "properties": {"id": "place-1830", "name": "ビックカメラ", "category": "shop"}}, {"type": "Feature", "geometry": {"type": "Point", "coordinates": [139.7750187, 35.685609]}, "properties": {"id": "place-1831", "name": "でですけ", "category": "amenity"}}, {"type": "Feature", "geometry": {"type": "Point", "coordinates": [139.7747656, 35.685116]}, "properties": {"id": "place-1832", "name": "azabu tailor", "category": "shop"}}, {"type": "Feature", "geometry": {"type": "Point", "coordinates": [139.7752343, 35.6856635]}, "properties": {"id": "place-1833", "name": "三越前はり灸整骨院", "category": "shop"}}, {"type": "Feature", "geometry": {"type": "Point", "coordinates": [139.774437, 35.6856015]}, "properties": {"id": "place-1834", "name": "株式会社大和屋", "category": "office"}}, {"type": "Feature", "geometry": {"type": "Point", "coordinates": [139.7752271, 35.6856823]}, "properties": {"id": "place-1835", "name": "吉野家", "category": "amenity"}}, {"type": "Feature", "geometry": {"type": "Point", "coordinates": [139.7743395, 35.6858651]}, "properties": {"id": "place-1836", "name": "日本橋 魚鉄", "category": "amenity"}}, {"type": "Feature", "geometry": {"type": "Point", "coordinates": [139.7746943, 35.6850056]}, "properties": {"id": "place-1837", "name": "大黒屋", "category": "shop"}}, {"type": "Feature", "geometry": {"type": "Point", "coordinates": [139.7749205, 35.6858518]}, "properties": {"id": "place-1838", "name": "とんとん", "category": "amenity"}}, {"type": "Feature", "geometry": {"type": "Point", "coordinates": [139.7752789, 35.6856995]}, "properties": {"id": "place-1839", "name": "GOTO TAILOR", "category": "shop"}}, {"type": "Feature", "geometry": {"type": "Point", "coordinates": [139.7745803, 35.6856404]}, "properties": {"id": "place-1840", "name": "日本橋 伊勢定", "category": "amenity"}}, {"type": "Feature", "geometry": {"type": "Point", "coordinates": [139.7733641, 35.6845404]}, "properties": {"id": "place-1841", "name": "コカ・コーラ", "category": "amenity"}}, {"type": "Feature", "geometry": {"type": "Point", "coordinates": [139.7718974, 35.6828288]}, "properties": {"id": "place-1842", "name": "信金中央金庫", "category": "office"}}, {"type": "Feature", "geometry": {"type": "Point", "coordinates": [139.7705274, 35.6817626]}, "properties": {"id": "place-1843", "name": "アサヒ飲料", "category": "amenity"}}, {"type": "Feature", "geometry": {"type": "Point", "coordinates": [139.7666962, 35.6836301]}, "properties": {"id": "place-1844", "name": "THE CITY BAKERY 丸の内オアゾ", "category": "shop"}}, {"type": "Feature", "geometry": {"type": "Point", "coordinates": [139.7689189, 35.6793517]}, "properties": {"id": "place-1845", "name": "THE CITY BAKERY 東京ミッドタウン八重洲", "category": "shop"}}, {"type": "Feature", "geometry": {"type": "Point", "coordinates": [139.7716147, 35.6784655]}, "properties": {"id": "place-1846", "name": "THE CITY BAKERY 京橋トダビルディング", "category": "shop"}}, {"type": "Feature", "geometry": {"type": "Point", "coordinates": [139.7591184, 35.6860954]}, "properties": {"id": "place-1847", "name": "コカ・コーラ", "category": "amenity"}}, {"type": "Feature", "geometry": {"type": "Point", "coordinates": [139.7591172, 35.686076]}, "properties": {"id": "place-1848", "name": "サントリー", "category": "amenity"}}, {"type": "Feature", "geometry": {"type": "Point", "coordinates": [139.7683744, 35.682011]}, "properties": {"id": "place-1849", "name": "キヨスク", "category": "shop"}}, {"type": "Feature", "geometry": {"type": "Point", "coordinates": [139.7683946, 35.6820537]}, "properties": {"id": "place-1850", "name": "サントリー", "category": "amenity"}}, {"type": "Feature", "geometry": {"type": "Point", "coordinates": [139.768501, 35.6823313]}, "properties": {"id": "place-1851", "name": "デリカステーション", "category": "shop"}}, {"type": "Feature", "geometry": {"type": "Point", "coordinates": [139.76514, 35.6788438]}, "properties": {"id": "place-1852", "name": "Brasserie Viron Marunouchi", "category": "amenity"}}, {"type": "Feature", "geometry": {"type": "Point", "coordinates": [139.7603258, 35.6932167]}, "properties": {"id": "place-1853", "name": "HASSO CAFFÈ with PRONTO", "category": "amenity"}}, {"type": "Feature", "geometry": {"type": "Point", "coordinates": [139.7654337, 35.6815586]}, "properties": {"id": "place-1854", "name": "NewDays", "category": "shop"}}, {"type": "Feature", "geometry": {"type": "Point", "coordinates": [139.7653736, 35.695024]}, "properties": {"id": "place-1855", "name": "青海国際特許事務所", "category": "office"}}, {"type": "Feature", "geometry": {"type": "Point", "coordinates": [139.765436, 35.6950843]}, "properties": {"id": "place-1856", "name": "クワンタム・テクノロジー", "category": "office"}}, {"type": "Feature", "geometry": {"type": "Point", "coordinates": [139.7654008, 35.695071]}, "properties": {"id": "place-1857", "name": "アイ・コミューン", "category": "office"}}, {"type": "Feature", "geometry": {"type": "Point", "coordinates": [139.765399, 35.6950365]}, "properties": {"id": "place-1858", "name": "津田電器計器", "category": "office"}}, {"type": "Feature", "geometry": {"type": "Point", "coordinates": [139.7653944, 35.6950534]}, "properties": {"id": "place-1859", "name": "リニエR", "category": "office"}}, {"type": "Feature", "geometry": {"type": "Point", "coordinates": [139.7654777, 35.6950938]}, "properties": {"id": "place-1860", "name": "Returnable", "category": "office"}}, {"type": "Feature", "geometry": {"type": "Point", "coordinates": [139.7654523, 35.6950637]}, "properties": {"id": "place-1861", "name": "ベルマン", "category": "office"}}, {"type": "Feature", "geometry": {"type": "Point", "coordinates": [139.7654614, 35.6950835]}, "properties": {"id": "place-1862", "name": "シンヨー", "category": "office"}}, {"type": "Feature", "geometry": {"type": "Point", "coordinates": [139.7654261, 35.6950644]}, "properties": {"id": "place-1863", "name": "Fischer Tuning Base Tokyo", "category": "shop"}}, {"type": "Feature", "geometry": {"type": "Point", "coordinates": [139.7668963, 35.6849072]}, "properties": {"id": "place-1864", "name": "NINJA TOKYO", "category": "amenity"}}, {"type": "Feature", "geometry": {"type": "Point", "coordinates": [139.7652032, 35.6854462]}, "properties": {"id": "place-1865", "name": "GINZA corridor cannele", "category": "shop"}}, {"type": "Feature", "geometry": {"type": "Point", "coordinates": [139.7655284, 35.6853246]}, "properties": {"id": "place-1866", "name": "GOOD MEAT STOCK", "category": "amenity"}}, {"type": "Feature", "geometry": {"type": "Point", "coordinates": [139.7656919, 35.6856579]}, "properties": {"id": "place-1867", "name": "EPICERIE BONHEUR 成城石井 大手町店", "category": "shop"}}, {"type": "Feature", "geometry": {"type": "Point", "coordinates": [139.7655305, 35.6850826]}, "properties": {"id": "place-1868", "name": "OWNDAYS OOTEMORI店", "category": "shop"}}, {"type": "Feature", "geometry": {"type": "Point", "coordinates": [139.7641518, 35.6846586]}, "properties": {"id": "place-1869", "name": "THE UPPER", "category": "amenity"}}, {"type": "Feature", "geometry": {"type": "Point", "coordinates": [139.7697676, 35.6824083]}, "properties": {"id": "place-1870", "name": "TEKKO avenue", "category": "shop"}}, {"type": "Feature", "geometry": {"type": "Point", "coordinates": [139.7703261, 35.6843176]}, "properties": {"id": "place-1871", "name": "TOKYO TORCH Terrace", "category": "tourism"}}, {"type": "Feature", "geometry": {"type": "Point", "coordinates": [139.7639885, 35.6822999]}, "properties": {"id": "place-1872", "name": "POINT ET LIGNE", "category": "shop"}}, {"type": "Feature", "geometry": {"type": "Point", "coordinates": [139.7642504, 35.6823174]}, "properties": {"id": "place-1873", "name": "RIGOLETTO WINE AND BAR Marunouchi", "category": "amenity"}}, {"type": "Feature", "geometry": {"type": "Point", "coordinates": [139.7645864, 35.6824597]}, "properties": {"id": "place-1874", "name": "AWkitchen TOKYO 新丸ビル店", "category": "amenity"}}, {"type": "Feature", "geometry": {"type": "Point", "coordinates": [139.7641847, 35.682705]}, "properties": {"id": "place-1875", "name": "L'ABEILLE 新丸の内ビルディング", "category": "shop"}}, {"type": "Feature", "geometry": {"type": "Point", "coordinates": [139.7631685, 35.6802876]}, "properties": {"id": "place-1876", "name": "Marunouchi Happ. Stand & Gallery", "category": "amenity"}}, {"type": "Feature", "geometry": {"type": "Point", "coordinates": [139.7621674, 35.6791852]}, "properties": {"id": "place-1877", "name": "丸の内MY PLAZA", "category": "shop"}}, {"type": "Feature", "geometry": {"type": "Point", "coordinates": [139.7632079, 35.6822843]}, "properties": {"id": "place-1878", "name": "STATION RESTAURANT THE CENTRAL グランスタ東京", "category": "amenity"}}, {"type": "Feature", "geometry": {"type": "Point", "coordinates": [139.7649193, 35.678573]}, "properties": {"id": "place-1879", "name": "JP Morgan", "category": "office"}}, {"type": "Feature", "geometry": {"type": "Point", "coordinates": [139.7664032, 35.6834532]}, "properties": {"id": "place-1880", "name": "EHONS TOKYO", "category": "shop"}}, {"type": "Feature", "geometry": {"type": "Point", "coordinates": [139.7673284, 35.6849318]}, "properties": {"id": "place-1881", "name": "Uber eats", "category": "office"}}, {"type": "Feature", "geometry": {"type": "Point", "coordinates": [139.7647232, 35.6865914]}, "properties": {"id": "place-1882", "name": "WithGreen 大手町店", "category": "amenity"}}, {"type": "Feature", "geometry": {"type": "Point", "coordinates": [139.7657074, 35.6864077]}, "properties": {"id": "place-1883", "name": "Inspired.Lab", "category": "office"}}, {"type": "Feature", "geometry": {"type": "Point", "coordinates": [139.7746544, 35.686155]}, "properties": {"id": "place-1884", "name": "クラフトビアマーケット 三越前", "category": "amenity"}}, {"type": "Feature", "geometry": {"type": "Point", "coordinates": [139.7750709, 35.6868815]}, "properties": {"id": "place-1885", "name": "牛ゕつ", "category": "amenity"}}, {"type": "Feature", "geometry": {"type": "Point", "coordinates": [139.7742746, 35.686174]}, "properties": {"id": "place-1886", "name": "KAYANOYA", "category": "shop"}}, {"type": "Feature", "geometry": {"type": "Point", "coordinates": [139.7690582, 35.681892]}, "properties": {"id": "place-1887", "name": "mofustand", "category": "shop"}}, {"type": "Feature", "geometry": {"type": "Point", "coordinates": [139.7635133, 35.6796743]}, "properties": {"id": "place-1888", "name": "McGovern合同会社", "category": "office"}}, {"type": "Feature", "geometry": {"type": "Point", "coordinates": [139.7637203, 35.6802582]}, "properties": {"id": "place-1889", "name": "GASTRO-PUB COOPERS", "category": "amenity"}}, {"type": "Feature", "geometry": {"type": "Point", "coordinates": [139.7688978, 35.6814945]}, "properties": {"id": "place-1890", "name": "京橋千疋屋フルーツパーラー", "category": "amenity"}}, {"type": "Feature", "geometry": {"type": "Point", "coordinates": [139.7688801, 35.6813645]}, "properties": {"id": "place-1891", "name": "デリーモ東京カフェ", "category": "amenity"}}, {"type": "Feature", "geometry": {"type": "Point", "coordinates": [139.7661016, 35.6822858]}, "properties": {"id": "place-1892", "name": "Eataly", "category": "shop"}}, {"type": "Feature", "geometry": {"type": "Point", "coordinates": [139.7654992, 35.6806298]}, "properties": {"id": "place-1893", "name": "警視庁丸の内警察署 東京駅前交番", "category": "amenity"}}, {"type": "Feature", "geometry": {"type": "Point", "coordinates": [139.7639027, 35.6823415]}, "properties": {"id": "place-1894", "name": "Ishizuki Handmade Soba – Shin-Marunouchi Building", "category": "amenity"}}, {"type": "Feature", "geometry": {"type": "Point", "coordinates": [139.7679183, 35.6804811]}, "properties": {"id": "place-1895", "name": "津軽煮干 ひらこ屋", "category": "amenity"}}, {"type": "Feature", "geometry": {"type": "Point", "coordinates": [139.7673939, 35.6823636]}, "properties": {"id": "place-1896", "name": "Teuchi Soba Miyagawa – GRANSTA Yaekita", "category": "amenity"}}, {"type": "Feature", "geometry": {"type": "Point", "coordinates": [139.7645113, 35.6876]}, "properties": {"id": "place-1897", "name": "Ishiraku Otemachi – Soba & Tempura", "category": "amenity"}}, {"type": "Feature", "geometry": {"type": "Point", "coordinates": [139.7700168, 35.6816832]}, "properties": {"id": "place-1898", "name": "Jマーケット", "category": "shop"}}, {"type": "Feature", "geometry": {"type": "Point", "coordinates": [139.7746991, 35.6825636]}, "properties": {"id": "place-1899", "name": "Bank of America", "category": "amenity"}}, {"type": "Feature", "geometry": {"type": "Point", "coordinates": [139.7743144, 35.6826028]}, "properties": {"id": "place-1900", "name": "mio mio", "category": "shop"}}, {"type": "Feature", "geometry": {"type": "Point", "coordinates": [139.7670545, 35.6841085]}, "properties": {"id": "place-1901", "name": "BOC", "category": "amenity"}}, {"type": "Feature", "geometry": {"type": "Point", "coordinates": [139.7670661, 35.6841496]}, "properties": {"id": "place-1902", "name": "バイエル株式会社", "category": "office"}}, {"type": "Feature", "geometry": {"type": "Point", "coordinates": [139.7657307, 35.6803479]}, "properties": {"id": "place-1903", "name": "丹波屋", "category": "shop"}}, {"type": "Feature", "geometry": {"type": "Point", "coordinates": [139.7679364, 35.6795341]}, "properties": {"id": "place-1904", "name": "ひなと丸", "category": "amenity"}}, {"type": "Feature", "geometry": {"type": "Point", "coordinates": [139.7678581, 35.6795696]}, "properties": {"id": "place-1905", "name": "マクドナルド", "category": "amenity"}}, {"type": "Feature", "geometry": {"type": "Point", "coordinates": [139.7686704, 35.6812957]}, "properties": {"id": "place-1906", "name": "ハンズ", "category": "shop"}}, {"type": "Feature", "geometry": {"type": "Point", "coordinates": [139.7728322, 35.6875584]}, "properties": {"id": "place-1907", "name": "Ishiya Nihonbashi", "category": "amenity"}}, {"type": "Feature", "geometry": {"type": "Point", "coordinates": [139.76919, 35.69218]}, "properties": {"id": "place-1908", "name": "VORT内神田", "category": "amenity"}}, {"type": "Feature", "geometry": {"type": "Point", "coordinates": [139.7712991, 35.6923357]}, "properties": {"id": "place-1909", "name": "東口", "category": "railway"}}, {"type": "Feature", "geometry": {"type": "Point", "coordinates": [139.7712737, 35.6923852]}, "properties": {"id": "place-1910", "name": "東口", "category": "railway"}}, {"type": "Feature", "geometry": {"type": "Point", "coordinates": [139.7728751, 35.6872034]}, "properties": {"id": "place-1911", "name": "IPPUKU&MATCHA", "category": "amenity"}}, {"type": "Feature", "geometry": {"type": "Point", "coordinates": [139.7709094, 35.6784212]}, "properties": {"id": "place-1912", "name": "Mitsui Garden Hotel Kyobashi", "category": "tourism"}}, {"type": "Feature", "geometry": {"type": "Point", "coordinates": [139.7647558, 35.6881654]}, "properties": {"id": "place-1913", "name": "焼鳥・炙り炭火焼き をどり 大手町店", "category": "amenity"}}, {"type": "Feature", "geometry": {"type": "Point", "coordinates": [139.7637879, 35.6777938]}, "properties": {"id": "place-1914", "name": "東京駅", "category": "railway"}}, {"type": "Feature", "geometry": {"type": "Point", "coordinates": [139.7730604, 35.6836628]}, "properties": {"id": "place-1915", "name": "かに福", "category": "amenity"}}, {"type": "Feature", "geometry": {"type": "Point", "coordinates": [139.7730417, 35.6836626]}, "properties": {"id": "place-1916", "name": "H1T日本橋", "category": "office"}}, {"type": "Feature", "geometry": {"type": "Point", "coordinates": [139.7679594, 35.6845122]}, "properties": {"id": "place-1917", "name": "鍛冶屋文蔵", "category": "amenity"}}, {"type": "Feature", "geometry": {"type": "Point", "coordinates": [139.7672152, 35.6848375]}, "properties": {"id": "place-1918", "name": "クオール薬局", "category": "amenity"}}, {"type": "Feature", "geometry": {"type": "Point", "coordinates": [139.7681422, 35.6851788]}, "properties": {"id": "place-1919", "name": "博多劇場", "category": "amenity"}}, {"type": "Feature", "geometry": {"type": "Point", "coordinates": [139.7682001, 35.6853582]}, "properties": {"id": "place-1920", "name": "目利きの銀次", "category": "amenity"}}, {"type": "Feature", "geometry": {"type": "Point", "coordinates": [139.7682582, 35.6854784]}, "properties": {"id": "place-1921", "name": "とら八", "category": "amenity"}}, {"type": "Feature", "geometry": {"type": "Point", "coordinates": [139.7682988, 35.6855742]}, "properties": {"id": "place-1922", "name": "羊ンギスカン", "category": "amenity"}}, {"type": "Feature", "geometry": {"type": "Point", "coordinates": [139.7683433, 35.6857036]}, "properties": {"id": "place-1923", "name": "とり家えび寿", "category": "amenity"}}, {"type": "Feature", "geometry": {"type": "Point", "coordinates": [139.7684518, 35.6860273]}, "properties": {"id": "place-1924", "name": "チュウノジョウ", "category": "amenity"}}, {"type": "Feature", "geometry": {"type": "Point", "coordinates": [139.7683982, 35.6858488]}, "properties": {"id": "place-1925", "name": "とり鉄", "category": "amenity"}}, {"type": "Feature", "geometry": {"type": "Point", "coordinates": [139.7687217, 35.6892658]}, "properties": {"id": "place-1926", "name": "E-comfort", "category": "office"}}, {"type": "Feature", "geometry": {"type": "Point", "coordinates": [139.7692172, 35.6895994]}, "properties": {"id": "place-1927", "name": "Sam-ge-tang", "category": "amenity"}}, {"type": "Feature", "geometry": {"type": "Point", "coordinates": [139.7695299, 35.6899015]}, "properties": {"id": "place-1928", "name": "コカ・コーラ", "category": "amenity"}}, {"type": "Feature", "geometry": {"type": "Point", "coordinates": [139.7694459, 35.6901775]}, "properties": {"id": "place-1929", "name": "トラットリアISSEI", "category": "amenity"}}, {"type": "Feature", "geometry": {"type": "Point", "coordinates": [139.7695534, 35.6902307]}, "properties": {"id": "place-1930", "name": "サニー貸会議室", "category": "amenity"}}, {"type": "Feature", "geometry": {"type": "Point", "coordinates": [139.7700129, 35.6904414]}, "properties": {"id": "place-1931", "name": "コカ・コーラ", "category": "amenity"}}, {"type": "Feature", "geometry": {"type": "Point", "coordinates": [139.7701711, 35.690795]}, "properties": {"id": "place-1932", "name": "吉丸屋", "category": "amenity"}}, {"type": "Feature", "geometry": {"type": "Point", "coordinates": [139.7704221, 35.6909351]}, "properties": {"id": "place-1933", "name": "おぎのや食堂", "category": "amenity"}}, {"type": "Feature", "geometry": {"type": "Point", "coordinates": [139.773176, 35.6829882]}, "properties": {"id": "place-1934", "name": "東京ICCHO日本橋歯科矯正歯科", "category": "amenity"}}, {"type": "Feature", "geometry": {"type": "Point", "coordinates": [139.7707384, 35.6926649]}, "properties": {"id": "place-1935", "name": "しんぱち食堂", "category": "amenity"}}, {"type": "Feature", "geometry": {"type": "Point", "coordinates": [139.7643359, 35.688102]}, "properties": {"id": "place-1936", "name": "大手町 C2c", "category": "railway"}}, {"type": "Feature", "geometry": {"type": "Point", "coordinates": [139.7678609, 35.6896126]}, "properties": {"id": "place-1937", "name": "絶滅メディア博物館", "category": "tourism"}}, {"type": "Feature", "geometry": {"type": "Point", "coordinates": [139.762547, 35.6921823]}, "properties": {"id": "place-1938", "name": "Walkabout Coffee", "category": "amenity"}}, {"type": "Feature", "geometry": {"type": "Point", "coordinates": [139.7626024, 35.684388]}, "properties": {"id": "place-1939", "name": "大手町 D6", "category": "railway", "ref": "D6"}}, {"type": "Feature", "geometry": {"type": "Point", "coordinates": [139.7656271, 35.6773153]}, "properties": {"id": "place-1940", "name": "東京駅", "category": "railway", "ref": "2"}}, {"type": "Feature", "geometry": {"type": "Point", "coordinates": [139.76379, 35.6796166]}, "properties": {"id": "place-1941", "name": "東京駅", "category": "railway", "ref": "9"}}, {"type": "Feature", "geometry": {"type": "Point", "coordinates": [139.763852, 35.6798455]}, "properties": {"id": "place-1942", "name": "東京駅", "category": "railway", "ref": "10"}}, {"type": "Feature", "geometry": {"type": "Point", "coordinates": [139.7709745, 35.6902991]}, "properties": {"id": "place-1943", "name": "ななはす", "category": "amenity"}}, {"type": "Feature", "geometry": {"type": "Point", "coordinates": [139.7581915, 35.6835195]}, "properties": {"id": "place-1944", "name": "Guided Tour Of The East Gardens Higashi -Gyoen", "category": "shop"}}, {"type": "Feature", "geometry": {"type": "Point", "coordinates": [139.7604285, 35.6858514]}, "properties": {"id": "place-1945", "name": "Entry to the East Gardens", "category": "tourism"}}, {"type": "Feature", "geometry": {"type": "Point", "coordinates": [139.7659502, 35.6915359]}, "properties": {"id": "place-1946", "name": "DevilCraft - The Corner", "category": "amenity"}}, {"type": "Feature", "geometry": {"type": "Point", "coordinates": [139.7733776, 35.6813886]}, "properties": {"id": "place-1947", "name": "TWOROOMS 日本橋", "category": "amenity"}}, {"type": "Feature", "geometry": {"type": "Point", "coordinates": [139.7707759, 35.6794625]}, "properties": {"id": "place-1948", "name": "Erick South Yaesu", "category": "amenity"}}, {"type": "Feature", "geometry": {"type": "Point", "coordinates": [139.7689639, 35.6791334]}, "properties": {"id": "place-1949", "name": "立ち食い寿司根室花まる", "category": "amenity"}}, {"type": "Feature", "geometry": {"type": "Point", "coordinates": [139.7687899, 35.6789926]}, "properties": {"id": "place-1950", "name": "芝蘭 担々麺", "category": "amenity"}}, {"type": "Feature", "geometry": {"type": "Point", "coordinates": [139.768902, 35.6793031]}, "properties": {"id": "place-1951", "name": "スターバックス", "category": "amenity"}}, {"type": "Feature", "geometry": {"type": "Point", "coordinates": [139.7658212, 35.6772854]}, "properties": {"id": "place-1952", "name": "コカ・コーラ", "category": "amenity"}}, {"type": "Feature", "geometry": {"type": "Point", "coordinates": [139.7658619, 35.6772745]}, "properties": {"id": "place-1953", "name": "コカ・コーラ", "category": "amenity"}}, {"type": "Feature", "geometry": {"type": "Point", "coordinates": [139.7684862, 35.6788991]}, "properties": {"id": "place-1954", "name": "TASU+", "category": "amenity"}}, {"type": "Feature", "geometry": {"type": "Point", "coordinates": [139.7748207, 35.6890361]}, "properties": {"id": "place-1955", "name": "Mother and Child", "category": "tourism"}}, {"type": "Feature", "geometry": {"type": "Point", "coordinates": [139.7678981, 35.680105]}, "properties": {"id": "place-1956", "name": "アインズ&トルペ", "category": "shop"}}, {"type": "Feature", "geometry": {"type": "Point", "coordinates": [139.7724444, 35.6824005]}, "properties": {"id": "place-1957", "name": "リスペース東京日本橋", "category": "amenity"}}, {"type": "Feature", "geometry": {"type": "Point", "coordinates": [139.7685085, 35.6799312]}, "properties": {"id": "place-1958", "name": "ヤン・ヨーステン記念像", "category": "tourism"}}, {"type": "Feature", "geometry": {"type": "Point", "coordinates": [139.7655787, 35.6804075]}, "properties": {"id": "place-1959", "name": "車椅子待合所", "category": "amenity"}}, {"type": "Feature", "geometry": {"type": "Point", "coordinates": [139.7734659, 35.6882291]}, "properties": {"id": "place-1960", "name": "三井ガーデンホテル日本橋プレミア", "category": "tourism"}}, {"type": "Feature", "geometry": {"type": "Point", "coordinates": [139.7641311, 35.6810943]}, "properties": {"id": "place-1961", "name": "アンティカ・オステリア・デル・ポンテ", "category": "amenity"}}, {"type": "Feature", "geometry": {"type": "Point", "coordinates": [139.7632046, 35.6877674]}, "properties": {"id": "place-1962", "name": "est", "category": "amenity"}}, {"type": "Feature", "geometry": {"type": "Point", "coordinates": [139.7633022, 35.6877533]}, "properties": {"id": "place-1963", "name": "フォーシーズンズホテル東京大手町", "category": "tourism"}}, {"type": "Feature", "geometry": {"type": "Point", "coordinates": [139.7653865, 35.6855948]}, "properties": {"id": "place-1964", "name": "アマン東京", "category": "tourism"}}, {"type": "Feature", "geometry": {"type": "Point", "coordinates": [139.7697046, 35.6935622]}, "properties": {"id": "place-1965", "name": "Jukusei Buta Horumon Eiji", "category": "amenity"}}, {"type": "Feature", "geometry": {"type": "Point", "coordinates": [139.7731443, 35.686733]}, "properties": {"id": "place-1966", "name": "鮨 心 by 宮川 東京", "category": "amenity"}}, {"type": "Feature", "geometry": {"type": "Point", "coordinates": [139.7708161, 35.6799093]}, "properties": {"id": "place-1967", "name": "アクセア", "category": "shop"}}, {"type": "Feature", "geometry": {"type": "Point", "coordinates": [139.7649308, 35.6832961]}, "properties": {"id": "place-1968", "name": "三菱UFJ信託銀行 信託博物館", "category": "tourism"}}, {"type": "Feature", "geometry": {"type": "Point", "coordinates": [139.7653414, 35.6846167]}, "properties": {"id": "place-1969", "name": "さわり大黒", "category": "tourism"}}, {"type": "Feature", "geometry": {"type": "Point", "coordinates": [139.7649059, 35.6881617]}, "properties": {"id": "place-1970", "name": "銀座篝大手町店", "category": "amenity"}}, {"type": "Feature", "geometry": {"type": "Point", "coordinates": [139.7704676, 35.6799399]}, "properties": {"id": "place-1971", "name": "スターバックス", "category": "amenity"}}, {"type": "Feature", "geometry": {"type": "Point", "coordinates": [139.770893, 35.6815936]}, "properties": {"id": "place-1972", "name": "富士そば", "category": "amenity"}}, {"type": "Feature", "geometry": {"type": "Point", "coordinates": [139.7708379, 35.6816142]}, "properties": {"id": "place-1973", "name": "春木屋", "category": "amenity"}}, {"type": "Feature", "geometry": {"type": "Point", "coordinates": [139.766201, 35.6834294]}, "properties": {"id": "place-1974", "name": "丸の内オアゾ店", "category": "amenity"}}, {"type": "Feature", "geometry": {"type": "Point", "coordinates": [139.7744711, 35.6914966]}, "properties": {"id": "place-1975", "name": "Poru", "category": "amenity"}}, {"type": "Feature", "geometry": {"type": "Point", "coordinates": [139.7738392, 35.6813799]}, "properties": {"id": "place-1976", "name": "WithGreen 日本橋高島屋S.C.店", "category": "amenity"}}, {"type": "Feature", "geometry": {"type": "Point", "coordinates": [139.7738392, 35.6813799]}, "properties": {"id": "place-1977", "name": "WithGreen 日本橋高島屋S.C.店", "category": "amenity"}}, {"type": "Feature", "geometry": {"type": "Point", "coordinates": [139.7738392, 35.6813799]}, "properties": {"id": "place-1978", "name": "WithGreen 日本橋高島屋S.C.店", "category": "amenity"}}, {"type": "Feature", "geometry": {"type": "Point", "coordinates": [139.7774801, 35.6890233]}, "properties": {"id": "place-1979", "name": "Commissary Nihonbashi", "category": "amenity"}}, {"type": "Feature", "geometry": {"type": "Point", "coordinates": [139.7687173, 35.6825032]}, "properties": {"id": "place-1980", "name": "DRAGON BALL STORE TOKYO", "category": "shop"}}, {"type": "Feature", "geometry": {"type": "Point", "coordinates": [139.7731963, 35.6820867]}, "properties": {"id": "place-1981", "name": "Lawson", "category": "shop"}}, {"type": "Feature", "geometry": {"type": "Point", "coordinates": [139.7723636, 35.6877733]}, "properties": {"id": "place-1982", "name": "Woven By Toyota", "category": "office"}}, {"type": "Feature", "geometry": {"type": "Point", "coordinates": [139.7703328, 35.6924802]}, "properties": {"id": "place-1983", "name": "Bar POP-UP", "category": "amenity"}}, {"type": "Feature", "geometry": {"type": "Point", "coordinates": [139.7738374, 35.6885483]}, "properties": {"id": "place-1984", "name": "Axelspace", "category": "office"}}, {"type": "Feature", "geometry": {"type": "Point", "coordinates": [139.7760574, 35.690117]}, "properties": {"id": "place-1985", "name": "アーバイル新日本橋", "category": "amenity"}}, {"type": "Feature", "geometry": {"type": "Point", "coordinates": [139.762228, 35.691456]}, "properties": {"id": "place-1986", "name": "ちよだプラットフォームスクウェア（道路側）", "category": "amenity"}}, {"type": "Feature", "geometry": {"type": "Point", "coordinates": [139.777825, 35.685338]}, "properties": {"id": "place-1987", "name": "Daiwa terrace日本橋", "category": "amenity"}}, {"type": "Feature", "geometry": {"type": "Point", "coordinates": [139.7651006, 35.6776775]}, "properties": {"id": "place-1988", "name": "東京", "category": "railway"}}, {"type": "Feature", "geometry": {"type": "Point", "coordinates": [139.7651884, 35.6787076]}, "properties": {"id": "place-1989", "name": "Cotton Club", "category": "amenity"}}, {"type": "Feature", "geometry": {"type": "Point", "coordinates": [139.7640417, 35.6945448]}, "properties": {"id": "place-1990", "name": "優美堂", "category": "amenity"}}, {"type": "Feature", "geometry": {"type": "Point", "coordinates": [139.7722433, 35.6925301]}, "properties": {"id": "place-1991", "name": "Root Down", "category": "amenity"}}, {"type": "Feature", "geometry": {"type": "Point", "coordinates": [139.770007, 35.6936372]}, "properties": {"id": "place-1992", "name": "Jazz Spot Step!", "category": "amenity"}}, {"type": "Feature", "geometry": {"type": "Point", "coordinates": [139.7633442, 35.6874117]}, "properties": {"id": "place-1993", "name": "PRONTO", "category": "amenity"}}, {"type": "Feature", "geometry": {"type": "Point", "coordinates": [139.7632163, 35.6848796]}, "properties": {"id": "place-1994", "name": "ドトールコーヒーショップ", "category": "amenity"}}, {"type": "Feature", "geometry": {"type": "Point", "coordinates": [139.7733484, 35.6926049]}, "properties": {"id": "place-1995", "name": "麺の音色", "category": "amenity"}}, {"type": "Feature", "geometry": {"type": "Point", "coordinates": [139.7704999, 35.6795216]}, "properties": {"id": "place-1996", "name": "セブン-イレブン", "category": "shop"}}, {"type": "Feature", "geometry": {"type": "Point", "coordinates": [139.7629436, 35.6913863]}, "properties": {"id": "place-1997", "name": "Think Coffee", "category": "amenity"}}, {"type": "Feature", "geometry": {"type": "Point", "coordinates": [139.7651908, 35.69091]}, "properties": {"id": "place-1998", "name": "Rita Sake", "category": "amenity"}}, {"type": "Feature", "geometry": {"type": "Point", "coordinates": [139.7626332, 35.6925663]}, "properties": {"id": "place-1999", "name": "日月", "category": "amenity"}}, {"type": "Feature", "geometry": {"type": "Point", "coordinates": [139.7726316, 35.6904511]}, "properties": {"id": "place-2000", "name": "Sushi Shiina", "category": "amenity"}}, {"type": "Feature", "geometry": {"type": "Point", "coordinates": [139.765601, 35.6818321]}, "properties": {"id": "place-2001", "name": "Mister Minit", "category": "shop"}}, {"type": "Feature", "geometry": {"type": "Point", "coordinates": [139.7666938, 35.6823531]}, "properties": {"id": "place-2002", "name": "QBハウス", "category": "shop"}}, {"type": "Feature", "geometry": {"type": "Point", "coordinates": [139.7672401, 35.6796674]}, "properties": {"id": "place-2003", "name": "新幹線アイスクリーム", "category": "amenity"}}, {"type": "Feature", "geometry": {"type": "Point", "coordinates": [139.7677352, 35.6803378]}, "properties": {"id": "place-2004", "name": "新幹線アイスクリーム", "category": "amenity"}}, {"type": "Feature", "geometry": {"type": "Point", "coordinates": [139.7679394, 35.6813789]}, "properties": {"id": "place-2005", "name": "新幹線アイスクリーム", "category": "amenity"}}, {"type": "Feature", "geometry": {"type": "Point", "coordinates": [139.7682326, 35.6814297]}, "properties": {"id": "place-2006", "name": "ヨックモック", "category": "shop"}}, {"type": "Feature", "geometry": {"type": "Point", "coordinates": [139.7725689, 35.6878639]}, "properties": {"id": "place-2007", "name": "日本橋室町三井タワー ミッドタウンクリニック", "category": "amenity"}}, {"type": "Feature", "geometry": {"type": "Point", "coordinates": [139.7767298, 35.6903196]}, "properties": {"id": "place-2008", "name": "鮨ひぐち", "category": "amenity"}}, {"type": "Feature", "geometry": {"type": "Point", "coordinates": [139.7749058, 35.6809071]}, "properties": {"id": "place-2009", "name": "日本橋店", "category": "amenity"}}, {"type": "Feature", "geometry": {"type": "Point", "coordinates": [139.7645557, 35.694716]}, "properties": {"id": "place-2010", "name": "ブレインビジョン", "category": "office"}}, {"type": "Feature", "geometry": {"type": "Point", "coordinates": [139.7645308, 35.6946794]}, "properties": {"id": "place-2011", "name": "弁護士法人わかさ", "category": "office"}}, {"type": "Feature", "geometry": {"type": "Point", "coordinates": [139.7645414, 35.6946495]}, "properties": {"id": "place-2012", "name": "北新居・青木法律事務所", "category": "office"}}, {"type": "Feature", "geometry": {"type": "Point", "coordinates": [139.7647563, 35.6948491]}, "properties": {"id": "place-2013", "name": "Co-Working Cafe CAN", "category": "amenity"}}, {"type": "Feature", "geometry": {"type": "Point", "coordinates": [139.7648109, 35.6947652]}, "properties": {"id": "place-2014", "name": "ミレ・キャリア", "category": "office"}}, {"type": "Feature", "geometry": {"type": "Point", "coordinates": [139.7648145, 35.6947025]}, "properties": {"id": "place-2015", "name": "新後閑", "category": "office"}}, {"type": "Feature", "geometry": {"type": "Point", "coordinates": [139.7647801, 35.69485]}, "properties": {"id": "place-2016", "name": "エイピィプランニング", "category": "office"}}, {"type": "Feature", "geometry": {"type": "Point", "coordinates": [139.764786, 35.6947835]}, "properties": {"id": "place-2017", "name": "エイアンドピィ", "category": "office"}}, {"type": "Feature", "geometry": {"type": "Point", "coordinates": [139.7647907, 35.6948066]}, "properties": {"id": "place-2018", "name": "コーホク印刷", "category": "office"}}, {"type": "Feature", "geometry": {"type": "Point", "coordinates": [139.7647278, 35.6947353]}, "properties": {"id": "place-2019", "name": "ガールズラウンジ Red Lily", "category": "amenity"}}, {"type": "Feature", "geometry": {"type": "Point", "coordinates": [139.7647302, 35.6947767]}, "properties": {"id": "place-2020", "name": "癒しの泉", "category": "shop"}}, {"type": "Feature", "geometry": {"type": "Point", "coordinates": [139.7647445, 35.6947141]}, "properties": {"id": "place-2021", "name": "お茶の水肩こり腰痛センター", "category": "shop"}}, {"type": "Feature", "geometry": {"type": "Point", "coordinates": [139.7647195, 35.6947999]}, "properties": {"id": "place-2022", "name": "神田小川町歯科クリニック", "category": "amenity"}}, {"type": "Feature", "geometry": {"type": "Point", "coordinates": [139.7647373, 35.6947555]}, "properties": {"id": "place-2023", "name": "よかよか", "category": "amenity"}}, {"type": "Feature", "geometry": {"type": "Point", "coordinates": [139.7648086, 35.6947418]}, "properties": {"id": "place-2024", "name": "アクセア", "category": "shop"}}, {"type": "Feature", "geometry": {"type": "Point", "coordinates": [139.7741457, 35.6798026]}, "properties": {"id": "place-2025", "name": "日本橋郵便局", "category": "amenity"}}, {"type": "Feature", "geometry": {"type": "Point", "coordinates": [139.7657359, 35.67779]}, "properties": {"id": "place-2026", "name": "東海道本線", "category": "railway"}}, {"type": "Feature", "geometry": {"type": "Point", "coordinates": [139.7670712, 35.6859104]}, "properties": {"id": "place-2027", "name": "アーバンネット大手町ビル", "category": "building"}}, {"type": "Feature", "geometry": {"type": "Point", "coordinates": [139.7661943, 35.6852543]}, "properties": {"id": "place-2028", "name": "大手町野村ビル", "category": "building"}}, {"type": "Feature", "geometry": {"type": "Point", "coordinates": [139.7706877, 35.6862221]}, "properties": {"id": "place-2029", "name": "総武本線", "category": "railway"}}, {"type": "Feature", "geometry": {"type": "Point", "coordinates": [139.7661324, 35.6794637]}, "properties": {"id": "place-2030", "name": "京浜東北線", "category": "railway"}}, {"type": "Feature", "geometry": {"type": "Point", "coordinates": [139.7683337, 35.6848602]}, "properties": {"id": "place-2031", "name": "JR東北本線", "category": "railway"}}, {"type": "Feature", "geometry": {"type": "Point", "coordinates": [139.765938, 35.678499]}, "properties": {"id": "place-2032", "name": "東海道本線", "category": "railway"}}, {"type": "Feature", "geometry": {"type": "Point", "coordinates": [139.7678029, 35.6825062]}, "properties": {"id": "place-2033", "name": "東北新幹線", "category": "railway"}}, {"type": "Feature", "geometry": {"type": "Point", "coordinates": [139.7702151, 35.6830064]}, "properties": {"id": "place-2034", "name": "鉄鋼ビルディング", "category": "building"}}, {"type": "Feature", "geometry": {"type": "Point", "coordinates": [139.7697245, 35.6832362]}, "properties": {"id": "place-2035", "name": "丸の内トラストタワーN館", "category": "building"}}, {"type": "Feature", "geometry": {"type": "Point", "coordinates": [139.768587, 35.6837194]}, "properties": {"id": "place-2036", "name": "サピアタワー", "category": "building"}}, {"type": "Feature", "geometry": {"type": "Point", "coordinates": [139.7684319, 35.6830406]}, "properties": {"id": "place-2037", "name": "新幹線総合指令所", "category": "building"}}, {"type": "Feature", "geometry": {"type": "Point", "coordinates": [139.7689051, 35.6830686]}, "properties": {"id": "place-2038", "name": "丸の内中央ビル", "category": "building"}}, {"type": "Feature", "geometry": {"type": "Point", "coordinates": [139.7675613, 35.6891466]}, "properties": {"id": "place-2039", "name": "千代田区立スポーツセンター", "category": "building"}}, {"type": "Feature", "geometry": {"type": "Point", "coordinates": [139.7681453, 35.6890685]}, "properties": {"id": "place-2040", "name": "東京都千代田合同庁舎", "category": "building"}}, {"type": "Feature", "geometry": {"type": "Point", "coordinates": [139.767072, 35.6891553]}, "properties": {"id": "place-2041", "name": "三井ガーデンホテル大手町", "category": "building"}}, {"type": "Feature", "geometry": {"type": "Point", "coordinates": [139.767859, 35.6858571]}, "properties": {"id": "place-2042", "name": "NTTデータ大手町ビル", "category": "building"}}, {"type": "Feature", "geometry": {"type": "Point", "coordinates": [139.7616024, 35.6888624]}, "properties": {"id": "place-2043", "name": "東京消防庁", "category": "building"}}, {"type": "Feature", "geometry": {"type": "Point", "coordinates": [139.7669385, 35.6779791]}, "properties": {"id": "place-2044", "name": "パシフィックセンチュリープレイス丸の内", "category": "building"}}, {"type": "Feature", "geometry": {"type": "Point", "coordinates": [139.76738, 35.6786347]}, "properties": {"id": "place-2045", "name": "グラントウキョウサウスタワー", "category": "building"}}, {"type": "Feature", "geometry": {"type": "Point", "coordinates": [139.7694221, 35.6798203]}, "properties": {"id": "place-2046", "name": "YAMMAR TOKYO", "category": "building"}}, {"type": "Feature", "geometry": {"type": "Point", "coordinates": [139.7699685, 35.6811238]}, "properties": {"id": "place-2047", "name": "八重洲口会館", "category": "building"}}, {"type": "Feature", "geometry": {"type": "Point", "coordinates": [139.7698688, 35.6807384]}, "properties": {"id": "place-2048", "name": "新槇町ビル", "category": "building"}}, {"type": "Feature", "geometry": {"type": "Point", "coordinates": [139.7592342, 35.692338]}, "properties": {"id": "place-2049", "name": "興和一橋ビル", "category": "building"}}, {"type": "Feature", "geometry": {"type": "Point", "coordinates": [139.7707052, 35.6824459]}, "properties": {"id": "place-2050", "name": "東京八重洲ビル", "category": "building"}}, {"type": "Feature", "geometry": {"type": "Point", "coordinates": [139.7706895, 35.6821282]}, "properties": {"id": "place-2051", "name": "八重洲セントラルパークビル", "category": "building"}}, {"type": "Feature", "geometry": {"type": "Point", "coordinates": [139.7710591, 35.6829206]}, "properties": {"id": "place-2052", "name": "VORT東京八重洲", "category": "building"}}, {"type": "Feature", "geometry": {"type": "Point", "coordinates": [139.7704347, 35.6818842]}, "properties": {"id": "place-2053", "name": "東京建物八重洲さくら通りビル", "category": "building"}}, {"type": "Feature", "geometry": {"type": "Point", "coordinates": [139.7658345, 35.677458]}, "properties": {"id": "place-2054", "name": "東海道新幹線", "category": "railway"}}, {"type": "Feature", "geometry": {"type": "Point", "coordinates": [139.7658722, 35.6774307]}, "properties": {"id": "place-2055", "name": "東海道新幹線", "category": "railway"}}, {"type": "Feature", "geometry": {"type": "Point", "coordinates": [139.7669305, 35.6792823]}, "properties": {"id": "place-2056", "name": "東海道新幹線", "category": "railway"}}, {"type": "Feature", "geometry": {"type": "Point", "coordinates": [139.767022, 35.6792467]}, "properties": {"id": "place-2057", "name": "東海道新幹線", "category": "railway"}}, {"type": "Feature", "geometry": {"type": "Point", "coordinates": [139.7620157, 35.6790738]}, "properties": {"id": "place-2058", "name": "明治安田生命ビル", "category": "building"}}, {"type": "Feature", "geometry": {"type": "Point", "coordinates": [139.7625576, 35.6801506]}, "properties": {"id": "place-2059", "name": "丸の内仲通りビル", "category": "building"}}, {"type": "Feature", "geometry": {"type": "Point", "coordinates": [139.763617, 35.6799075]}, "properties": {"id": "place-2060", "name": "三菱ビル", "category": "building"}}, {"type": "Feature", "geometry": {"type": "Point", "coordinates": [139.7625866, 35.6810455]}, "properties": {"id": "place-2061", "name": "三菱商事ビル", "category": "building"}}, {"type": "Feature", "geometry": {"type": "Point", "coordinates": [139.761975, 35.6801156]}, "properties": {"id": "place-2062", "name": "岸本ビルディング", "category": "building"}}, {"type": "Feature", "geometry": {"type": "Point", "coordinates": [139.7621391, 35.6805716]}, "properties": {"id": "place-2063", "name": "丸の内三井ビルディング", "category": "building"}}, {"type": "Feature", "geometry": {"type": "Point", "coordinates": [139.763154, 35.6800084]}, "properties": {"id": "place-2064", "name": "丸の内二丁目ビル", "category": "building"}}, {"type": "Feature", "geometry": {"type": "Point", "coordinates": [139.7648286, 35.6797937]}, "properties": {"id": "place-2065", "name": "JPタワー", "category": "building"}}, {"type": "Feature", "geometry": {"type": "Point", "coordinates": [139.7638078, 35.6810543]}, "properties": {"id": "place-2066", "name": "丸の内ビルディング", "category": "building"}}, {"type": "Feature", "geometry": {"type": "Point", "coordinates": [139.7627201, 35.6815125]}, "properties": {"id": "place-2067", "name": "郵船ビル", "category": "building"}}, {"type": "Feature", "geometry": {"type": "Point", "coordinates": [139.7648762, 35.6785528]}, "properties": {"id": "place-2068", "name": "東京ビルディング", "category": "building"}}, {"type": "Feature", "geometry": {"type": "Point", "coordinates": [139.7647811, 35.6884358]}, "properties": {"id": "place-2069", "name": "グランキューブ", "category": "building"}}, {"type": "Feature", "geometry": {"type": "Point", "coordinates": [139.7605115, 35.690488]}, "properties": {"id": "place-2070", "name": "竹橋合同ビル", "category": "building"}}, {"type": "Feature", "geometry": {"type": "Point", "coordinates": [139.7673563, 35.6874944]}, "properties": {"id": "place-2071", "name": "NTTコミュニケーションズ大手町ビル別館", "category": "building"}}, {"type": "Feature", "geometry": {"type": "Point", "coordinates": [139.7644019, 35.6877687]}, "properties": {"id": "place-2072", "name": "KDDI大手町ビル", "category": "building"}}, {"type": "Feature", "geometry": {"type": "Point", "coordinates": [139.7593083, 35.6914292]}, "properties": {"id": "place-2073", "name": "楠本第3ビル", "category": "building"}}, {"type": "Feature", "geometry": {"type": "Point", "coordinates": [139.762442, 35.6877982]}, "properties": {"id": "place-2074", "name": "Mitsui & Co.", "category": "building"}}, {"type": "Feature", "geometry": {"type": "Point", "coordinates": [139.765438, 35.6855105]}, "properties": {"id": "place-2075", "name": "大手町タワー", "category": "building"}}, {"type": "Feature", "geometry": {"type": "Point", "coordinates": [139.7654658, 35.6870269]}, "properties": {"id": "place-2076", "name": "東京サンケイビル", "category": "building"}}, {"type": "Feature", "geometry": {"type": "Point", "coordinates": [139.7627326, 35.6894842]}, "properties": {"id": "place-2077", "name": "大手町合同庁舎3号館", "category": "building"}}, {"type": "Feature", "geometry": {"type": "Point", "coordinates": [139.7658086, 35.6876754]}, "properties": {"id": "place-2078", "name": "大手町フィナンシャルシティサウスタワー", "category": "building"}}, {"type": "Feature", "geometry": {"type": "Point", "coordinates": [139.7618955, 35.6914341]}, "properties": {"id": "place-2079", "name": "ちよだプラットフォームスクウェア", "category": "building"}}, {"type": "Feature", "geometry": {"type": "Point", "coordinates": [139.7632494, 35.6876642]}, "properties": {"id": "place-2080", "name": "Otemachi One タワー", "category": "building"}}, {"type": "Feature", "geometry": {"type": "Point", "coordinates": [139.7644783, 35.6871483]}, "properties": {"id": "place-2081", "name": "読売新聞ビル", "category": "building"}}, {"type": "Feature", "geometry": {"type": "Point", "coordinates": [139.7626991, 35.6859198]}, "properties": {"id": "place-2082", "name": "大手センタービル", "category": "building"}}, {"type": "Feature", "geometry": {"type": "Point", "coordinates": [139.7604375, 35.6914918]}, "properties": {"id": "place-2083", "name": "ヒロセ2ビル", "category": "building"}}, {"type": "Feature", "geometry": {"type": "Point", "coordinates": [139.7648635, 35.6864217]}, "properties": {"id": "place-2084", "name": "大手町ビルヂング", "category": "building"}}, {"type": "Feature", "geometry": {"type": "Point", "coordinates": [139.7659524, 35.6883325]}, "properties": {"id": "place-2085", "name": "大手町フィナンシャルシティノースタワー", "category": "building"}}, {"type": "Feature", "geometry": {"type": "Point", "coordinates": [139.7680667, 35.6870959]}, "properties": {"id": "place-2086", "name": "大手町プレイスイーストタワー", "category": "building"}}, {"type": "Feature", "geometry": {"type": "Point", "coordinates": [139.7672614, 35.687789]}, "properties": {"id": "place-2087", "name": "NTTコミュニケーションズ大手町ビル", "category": "building"}}, {"type": "Feature", "geometry": {"type": "Point", "coordinates": [139.7597474, 35.6832328]}, "properties": {"id": "place-2088", "name": "桔梗門警備派出所", "category": "building"}}, {"type": "Feature", "geometry": {"type": "Point", "coordinates": [139.769292, 35.6824539]}, "properties": {"id": "place-2089", "name": "丸の内トラストタワー本館", "category": "building"}}, {"type": "Feature", "geometry": {"type": "Point", "coordinates": [139.7681763, 35.6800423]}, "properties": {"id": "place-2090", "name": "グランルーフ", "category": "building"}}, {"type": "Feature", "geometry": {"type": "Point", "coordinates": [139.7705741, 35.6781128]}, "properties": {"id": "place-2091", "name": "三栄ビル", "category": "building"}}, {"type": "Feature", "geometry": {"type": "Point", "coordinates": [139.7589461, 35.6865373]}, "properties": {"id": "place-2092", "name": "宮内庁 三の丸尚蔵館", "category": "building"}}, {"type": "Feature", "geometry": {"type": "Point", "coordinates": [139.7586391, 35.6858777]}, "properties": {"id": "place-2093", "name": "済寧館", "category": "building"}}, {"type": "Feature", "geometry": {"type": "Point", "coordinates": [139.7586438, 35.6865253]}, "properties": {"id": "place-2094", "name": "大手休憩所", "category": "amenity"}}, {"type": "Feature", "geometry": {"type": "Point", "coordinates": [139.7573577, 35.6856159]}, "properties": {"id": "place-2095", "name": "大番所", "category": "building"}}, {"type": "Feature", "geometry": {"type": "Point", "coordinates": [139.7586202, 35.6853516]}, "properties": {"id": "place-2096", "name": "皇宮警察本部", "category": "building"}}, {"type": "Feature", "geometry": {"type": "Point", "coordinates": [139.7570675, 35.6836597]}, "properties": {"id": "place-2097", "name": "宮内庁自動車班", "category": "building"}}, {"type": "Feature", "geometry": {"type": "Point", "coordinates": [139.7673693, 35.6833038]}, "properties": {"id": "place-2098", "name": "京浜東北線", "category": "railway"}}, {"type": "Feature", "geometry": {"type": "Point", "coordinates": [139.7702504, 35.6790345]}, "properties": {"id": "place-2099", "name": "大和八重洲ビル", "category": "building"}}, {"type": "Feature", "geometry": {"type": "Point", "coordinates": [139.770925, 35.6792136]}, "properties": {"id": "place-2100", "name": "セントラルビル", "category": "building"}}, {"type": "Feature", "geometry": {"type": "Point", "coordinates": [139.7710197, 35.6787351]}, "properties": {"id": "place-2101", "name": "八重洲口大栄ビル", "category": "building"}}, {"type": "Feature", "geometry": {"type": "Point", "coordinates": [139.7700828, 35.6778027]}, "properties": {"id": "place-2102", "name": "京橋トラストタワー", "category": "building"}}, {"type": "Feature", "geometry": {"type": "Point", "coordinates": [139.770899, 35.678557]}, "properties": {"id": "place-2103", "name": "モリイチビル", "category": "building"}}, {"type": "Feature", "geometry": {"type": "Point", "coordinates": [139.771207, 35.6791797]}, "properties": {"id": "place-2104", "name": "越前屋ビル", "category": "building"}}, {"type": "Feature", "geometry": {"type": "Point", "coordinates": [139.7697534, 35.6784147]}, "properties": {"id": "place-2105", "name": "タイムズ", "category": "amenity"}}, {"type": "Feature", "geometry": {"type": "Point", "coordinates": [139.766795, 35.6775282]}, "properties": {"id": "place-2106", "name": "鍛冶橋換気所", "category": "building"}}, {"type": "Feature", "geometry": {"type": "Point", "coordinates": [139.7644199, 35.6940798]}, "properties": {"id": "place-2107", "name": "M&Cビル", "category": "building"}}, {"type": "Feature", "geometry": {"type": "Point", "coordinates": [139.762585, 35.6942556]}, "properties": {"id": "place-2108", "name": "Miyajima BLD", "category": "building"}}, {"type": "Feature", "geometry": {"type": "Point", "coordinates": [139.7634311, 35.6941181]}, "properties": {"id": "place-2109", "name": "加藤ビル", "category": "building"}}, {"type": "Feature", "geometry": {"type": "Point", "coordinates": [139.7646345, 35.6941925]}, "properties": {"id": "place-2110", "name": "松岡小川町ビル", "category": "building"}}, {"type": "Feature", "geometry": {"type": "Point", "coordinates": [139.7645079, 35.6941556]}, "properties": {"id": "place-2111", "name": "温恭堂ビル", "category": "building"}}, {"type": "Feature", "geometry": {"type": "Point", "coordinates": [139.7630055, 35.694159]}, "properties": {"id": "place-2112", "name": "紀陽東京ビル", "category": "building"}}, {"type": "Feature", "geometry": {"type": "Point", "coordinates": [139.7660646, 35.6945005]}, "properties": {"id": "place-2113", "name": "NBF小川町ビル", "category": "building"}}, {"type": "Feature", "geometry": {"type": "Point", "coordinates": [139.7668485, 35.6948746]}, "properties": {"id": "place-2114", "name": "D&F御茶ノ水ビル", "category": "building"}}, {"type": "Feature", "geometry": {"type": "Point", "coordinates": [139.7664798, 35.6946894]}, "properties": {"id": "place-2115", "name": "山城ビル", "category": "building"}}, {"type": "Feature", "geometry": {"type": "Point", "coordinates": [139.7670162, 35.6948524]}, "properties": {"id": "place-2116", "name": "山甚ビル", "category": "building"}}, {"type": "Feature", "geometry": {"type": "Point", "coordinates": [139.7676927, 35.6951788]}, "properties": {"id": "place-2117", "name": "カルフール神田", "category": "building"}}, {"type": "Feature", "geometry": {"type": "Point", "coordinates": [139.7700913, 35.6926048]}, "properties": {"id": "place-2118", "name": "大衆割烹 三州屋 神田駅前店", "category": "building"}}, {"type": "Feature", "geometry": {"type": "Point", "coordinates": [139.7713878, 35.6931797]}, "properties": {"id": "place-2119", "name": "中央本線", "category": "railway"}}, {"type": "Feature", "geometry": {"type": "Point", "coordinates": [139.7705723, 35.6911641]}, "properties": {"id": "place-2120", "name": "中央本線", "category": "railway"}}, {"type": "Feature", "geometry": {"type": "Point", "coordinates": [139.7711126, 35.6924452]}, "properties": {"id": "place-2121", "name": "中央本線", "category": "railway"}}, {"type": "Feature", "geometry": {"type": "Point", "coordinates": [139.7714554, 35.6931933]}, "properties": {"id": "place-2122", "name": "中央本線", "category": "railway"}}, {"type": "Feature", "geometry": {"type": "Point", "coordinates": [139.7704888, 35.6911708]}, "properties": {"id": "place-2123", "name": "中央本線", "category": "railway"}}, {"type": "Feature", "geometry": {"type": "Point", "coordinates": [139.7701167, 35.689967]}, "properties": {"id": "place-2124", "name": "中央本線", "category": "railway"}}, {"type": "Feature", "geometry": {"type": "Point", "coordinates": [139.7683257, 35.6857627]}, "properties": {"id": "place-2125", "name": "中央本線", "category": "railway"}}, {"type": "Feature", "geometry": {"type": "Point", "coordinates": [139.7710204, 35.692455]}, "properties": {"id": "place-2126", "name": "中央本線", "category": "railway"}}, {"type": "Feature", "geometry": {"type": "Point", "coordinates": [139.7715313, 35.6938875]}, "properties": {"id": "place-2127", "name": "中央本線", "category": "railway"}}, {"type": "Feature", "geometry": {"type": "Point", "coordinates": [139.7715813, 35.6938969]}, "properties": {"id": "place-2128", "name": "中央本線", "category": "railway"}}, {"type": "Feature", "geometry": {"type": "Point", "coordinates": [139.7710847, 35.6942891]}, "properties": {"id": "place-2129", "name": "ウンピン神田ビル別館", "category": "building"}}, {"type": "Feature", "geometry": {"type": "Point", "coordinates": [139.7709681, 35.6942406]}, "properties": {"id": "place-2130", "name": "ウンピン神田ビル", "category": "building"}}, {"type": "Feature", "geometry": {"type": "Point", "coordinates": [139.7712921, 35.6935097]}, "properties": {"id": "place-2131", "name": "エッサム神田", "category": "building"}}, {"type": "Feature", "geometry": {"type": "Point", "coordinates": [139.7740937, 35.685074]}, "properties": {"id": "place-2132", "name": "新館", "category": "building"}}, {"type": "Feature", "geometry": {"type": "Point", "coordinates": [139.7734359, 35.6856339]}, "properties": {"id": "place-2133", "name": "本館", "category": "building"}}, {"type": "Feature", "geometry": {"type": "Point", "coordinates": [139.7708578, 35.6932273]}, "properties": {"id": "place-2134", "name": "栄立ビル", "category": "building"}}, {"type": "Feature", "geometry": {"type": "Point", "coordinates": [139.770976, 35.6944595]}, "properties": {"id": "place-2135", "name": "尾張屋本店", "category": "building"}}, {"type": "Feature", "geometry": {"type": "Point", "coordinates": [139.7705672, 35.6937433]}, "properties": {"id": "place-2136", "name": "大木ビル", "category": "building"}}, {"type": "Feature", "geometry": {"type": "Point", "coordinates": [139.7705426, 35.6935829]}, "properties": {"id": "place-2137", "name": "神和ゴム", "category": "building"}}, {"type": "Feature", "geometry": {"type": "Point", "coordinates": [139.7701373, 35.6940352]}, "properties": {"id": "place-2138", "name": "工藤ビル", "category": "building"}}, {"type": "Feature", "geometry": {"type": "Point", "coordinates": [139.7695006, 35.6938334]}, "properties": {"id": "place-2139", "name": "チダビル", "category": "building"}}, {"type": "Feature", "geometry": {"type": "Point", "coordinates": [139.7706837, 35.6931787]}, "properties": {"id": "place-2140", "name": "カリガネビル", "category": "building"}}, {"type": "Feature", "geometry": {"type": "Point", "coordinates": [139.7704077, 35.6943014]}, "properties": {"id": "place-2141", "name": "Racine Kanda Bldg.", "category": "building"}}, {"type": "Feature", "geometry": {"type": "Point", "coordinates": [139.7706822, 35.6932924]}, "properties": {"id": "place-2142", "name": "ニュー神田ビル", "category": "building"}}, {"type": "Feature", "geometry": {"type": "Point", "coordinates": [139.7700133, 35.6938478]}, "properties": {"id": "place-2143", "name": "KDX神田北口ビル", "category": "building"}}, {"type": "Feature", "geometry": {"type": "Point", "coordinates": [139.7701171, 35.687948]}, "properties": {"id": "place-2144", "name": "京王プレッソイン", "category": "building"}}, {"type": "Feature", "geometry": {"type": "Point", "coordinates": [139.7714409, 35.6901401]}, "properties": {"id": "place-2145", "name": "神田渡辺ビル", "category": "building"}}, {"type": "Feature", "geometry": {"type": "Point", "coordinates": [139.7711345, 35.6899876]}, "properties": {"id": "place-2146", "name": "日東合同ビルディング", "category": "building"}}, {"type": "Feature", "geometry": {"type": "Point", "coordinates": [139.7713382, 35.6900486]}, "properties": {"id": "place-2147", "name": "フォルテ神田ビル", "category": "building"}}, {"type": "Feature", "geometry": {"type": "Point", "coordinates": [139.7582494, 35.6862931]}, "properties": {"id": "place-2148", "name": "同心番所", "category": "building"}}, {"type": "Feature", "geometry": {"type": "Point", "coordinates": [139.7566017, 35.6841911]}, "properties": {"id": "place-2149", "name": "富士見櫓", "category": "building"}}, {"type": "Feature", "geometry": {"type": "Point", "coordinates": [139.7593739, 35.6837864]}, "properties": {"id": "place-2150", "name": "巽櫓", "category": "building"}}, {"type": "Feature", "geometry": {"type": "Point", "coordinates": [139.7580815, 35.6856652]}, "properties": {"id": "place-2151", "name": "百人番所", "category": "building"}}, {"type": "Feature", "geometry": {"type": "Point", "coordinates": [139.7581928, 35.6881889]}, "properties": {"id": "place-2152", "name": "諏訪の茶屋", "category": "building"}}, {"type": "Feature", "geometry": {"type": "Point", "coordinates": [139.7577933, 35.6865648]}, "properties": {"id": "place-2153", "name": "二の丸休憩所", "category": "building"}}, {"type": "Feature", "geometry": {"type": "Point", "coordinates": [139.7599409, 35.6868292]}, "properties": {"id": "place-2154", "name": "宮内庁病院", "category": "building"}}, {"type": "Feature", "geometry": {"type": "Point", "coordinates": [139.7604313, 35.6858408]}, "properties": {"id": "place-2155", "name": "皇宮警察本部坂下護衛署 大手門警備派出所", "category": "building"}}, {"type": "Feature", "geometry": {"type": "Point", "coordinates": [139.7742078, 35.686693]}, "properties": {"id": "place-2156", "name": "COREDO室町1 (室町東三井ビルディング)", "category": "building"}}, {"type": "Feature", "geometry": {"type": "Point", "coordinates": [139.7578348, 35.6896414]}, "properties": {"id": "place-2157", "name": "平川門", "category": "building"}}, {"type": "Feature", "geometry": {"type": "Point", "coordinates": [139.7722263, 35.6819264]}, "properties": {"id": "place-2158", "name": "共立日本橋ビル", "category": "building"}}, {"type": "Feature", "geometry": {"type": "Point", "coordinates": [139.7719499, 35.6807739]}, "properties": {"id": "place-2159", "name": "あいおいニッセイ同和損保八重洲ビル", "category": "building"}}, {"type": "Feature", "geometry": {"type": "Point", "coordinates": [139.7718162, 35.6817001]}, "properties": {"id": "place-2160", "name": "群馬ビル", "category": "building"}}, {"type": "Feature", "geometry": {"type": "Point", "coordinates": [139.7717225, 35.6807676]}, "properties": {"id": "place-2161", "name": "おやじの目利き 西村", "category": "building"}}, {"type": "Feature", "geometry": {"type": "Point", "coordinates": [139.771675, 35.6813402]}, "properties": {"id": "place-2162", "name": "江間忠さくらビル", "category": "building"}}, {"type": "Feature", "geometry": {"type": "Point", "coordinates": [139.7715905, 35.6814609]}, "properties": {"id": "place-2163", "name": "栄松堂ビル", "category": "building"}}, {"type": "Feature", "geometry": {"type": "Point", "coordinates": [139.7713296, 35.6831137]}, "properties": {"id": "place-2164", "name": "三井住友銀行呉服橋ビル", "category": "building"}}, {"type": "Feature", "geometry": {"type": "Point", "coordinates": [139.7721962, 35.6806687]}, "properties": {"id": "place-2165", "name": "スターツ日本橋ビル", "category": "building"}}, {"type": "Feature", "geometry": {"type": "Point", "coordinates": [139.7717162, 35.6807065]}, "properties": {"id": "place-2166", "name": "まえ田", "category": "building"}}, {"type": "Feature", "geometry": {"type": "Point", "coordinates": [139.7721149, 35.6813883]}, "properties": {"id": "place-2167", "name": "日本橋プラザビル", "category": "building"}}, {"type": "Feature", "geometry": {"type": "Point", "coordinates": [139.7737329, 35.6838098]}, "properties": {"id": "place-2168", "name": "国分ビルディング", "category": "building"}}, {"type": "Feature", "geometry": {"type": "Point", "coordinates": [139.7730942, 35.6824074]}, "properties": {"id": "place-2169", "name": "柳屋ビルディング", "category": "building"}}, {"type": "Feature", "geometry": {"type": "Point", "coordinates": [139.7717081, 35.6815239]}, "properties": {"id": "place-2170", "name": "八重洲セントラルビル", "category": "building"}}, {"type": "Feature", "geometry": {"type": "Point", "coordinates": [139.7746312, 35.6825592]}, "properties": {"id": "place-2171", "name": "日本橋一丁目三井ビルディング", "category": "building"}}, {"type": "Feature", "geometry": {"type": "Point", "coordinates": [139.7755701, 35.682201]}, "properties": {"id": "place-2172", "name": "日鉄日本橋ビル", "category": "building"}}, {"type": "Feature", "geometry": {"type": "Point", "coordinates": [139.7713506, 35.682324]}, "properties": {"id": "place-2173", "name": "東京建物八重洲ビル", "category": "building"}}, {"type": "Feature", "geometry": {"type": "Point", "coordinates": [139.7715486, 35.681421]}, "properties": {"id": "place-2174", "name": "八木下ビル", "category": "building"}}, {"type": "Feature", "geometry": {"type": "Point", "coordinates": [139.7716518, 35.6808261]}, "properties": {"id": "place-2175", "name": "日本橋山田屋", "category": "building"}}, {"type": "Feature", "geometry": {"type": "Point", "coordinates": [139.7725032, 35.6811642]}, "properties": {"id": "place-2176", "name": "日本橋丸善東急ビル", "category": "building"}}, {"type": "Feature", "geometry": {"type": "Point", "coordinates": [139.7716069, 35.6807483]}, "properties": {"id": "place-2177", "name": "IK第14日本橋ビル", "category": "building"}}, {"type": "Feature", "geometry": {"type": "Point", "coordinates": [139.7715437, 35.6813547]}, "properties": {"id": "place-2178", "name": "石黒由賢ビル", "category": "building"}}, {"type": "Feature", "geometry": {"type": "Point", "coordinates": [139.7726394, 35.6826098]}, "properties": {"id": "place-2179", "name": "アーバンネット日本橋二丁目ビル", "category": "building"}}, {"type": "Feature", "geometry": {"type": "Point", "coordinates": [139.7722317, 35.6841442]}, "properties": {"id": "place-2180", "name": "東陽テクニカ", "category": "building"}}, {"type": "Feature", "geometry": {"type": "Point", "coordinates": [139.7718363, 35.6828409]}, "properties": {"id": "place-2181", "name": "八重洲ファーストフィナンシャルビル", "category": "building"}}, {"type": "Feature", "geometry": {"type": "Point", "coordinates": [139.7737373, 35.6831508]}, "properties": {"id": "place-2182", "name": "東洋ビルディング", "category": "building"}}, {"type": "Feature", "geometry": {"type": "Point", "coordinates": [139.7730495, 35.6836613]}, "properties": {"id": "place-2183", "name": "親和ビル", "category": "building"}}, {"type": "Feature", "geometry": {"type": "Point", "coordinates": [139.7751574, 35.6837281]}, "properties": {"id": "place-2184", "name": "日本橋野村ビル旧館", "category": "building"}}, {"type": "Feature", "geometry": {"type": "Point", "coordinates": [139.7716669, 35.6807249]}, "properties": {"id": "place-2185", "name": "ステージ日本橋", "category": "building"}}, {"type": "Feature", "geometry": {"type": "Point", "coordinates": [139.772802, 35.6832134]}, "properties": {"id": "place-2186", "name": "日本橋三洋グループビルディング", "category": "building"}}, {"type": "Feature", "geometry": {"type": "Point", "coordinates": [139.7723714, 35.6827592]}, "properties": {"id": "place-2187", "name": "第二東洋ビル", "category": "building"}}, {"type": "Feature", "geometry": {"type": "Point", "coordinates": [139.7718024, 35.6809076]}, "properties": {"id": "place-2188", "name": "画廊ビル", "category": "building"}}, {"type": "Feature", "geometry": {"type": "Point", "coordinates": [139.7717498, 35.6809728]}, "properties": {"id": "place-2189", "name": "日本橋さくらビル", "category": "building"}}, {"type": "Feature", "geometry": {"type": "Point", "coordinates": [139.7734193, 35.6834087]}, "properties": {"id": "place-2190", "name": "榮太樓ビルディング", "category": "building"}}, {"type": "Feature", "geometry": {"type": "Point", "coordinates": [139.7738543, 35.6833772]}, "properties": {"id": "place-2191", "name": "黒江屋国分ビル", "category": "building"}}, {"type": "Feature", "geometry": {"type": "Point", "coordinates": [139.7732726, 35.6830399]}, "properties": {"id": "place-2192", "name": "東京建物日本橋ビル", "category": "building"}}, {"type": "Feature", "geometry": {"type": "Point", "coordinates": [139.7740126, 35.683427]}, "properties": {"id": "place-2193", "name": "ニホンバシビル", "category": "building"}}, {"type": "Feature", "geometry": {"type": "Point", "coordinates": [139.7729111, 35.6835741]}, "properties": {"id": "place-2194", "name": "日本橋ファーストビル", "category": "building"}}, {"type": "Feature", "geometry": {"type": "Point", "coordinates": [139.7758573, 35.6812775]}, "properties": {"id": "place-2195", "name": "宝明治安田ビル", "category": "building"}}, {"type": "Feature", "geometry": {"type": "Point", "coordinates": [139.7760354, 35.6813724]}, "properties": {"id": "place-2196", "name": "日本橋HYビル", "category": "building"}}, {"type": "Feature", "geometry": {"type": "Point", "coordinates": [139.7758128, 35.6809019]}, "properties": {"id": "place-2197", "name": "フロントプレイス日本橋", "category": "building"}}, {"type": "Feature", "geometry": {"type": "Point", "coordinates": [139.7755543, 35.6804816]}, "properties": {"id": "place-2198", "name": "日本橋サンライズビル", "category": "building"}}, {"type": "Feature", "geometry": {"type": "Point", "coordinates": [139.7756609, 35.6806526]}, "properties": {"id": "place-2199", "name": "日本生命日本橋ビル", "category": "building"}}, {"type": "Feature", "geometry": {"type": "Point", "coordinates": [139.776165, 35.6812676]}, "properties": {"id": "place-2200", "name": "ヒューリック江戸橋ビル", "category": "building"}}, {"type": "Feature", "geometry": {"type": "Point", "coordinates": [139.7751314, 35.6812414]}, "properties": {"id": "place-2201", "name": "日本橋オフィスビル", "category": "building"}}, {"type": "Feature", "geometry": {"type": "Point", "coordinates": [139.7747642, 35.6812568]}, "properties": {"id": "place-2202", "name": "YMT日本橋ビル", "category": "building"}}, {"type": "Feature", "geometry": {"type": "Point", "coordinates": [139.773639, 35.6791411]}, "properties": {"id": "place-2203", "name": "HSBCビルディング", "category": "building"}}, {"type": "Feature", "geometry": {"type": "Point", "coordinates": [139.7768052, 35.6822817]}, "properties": {"id": "place-2204", "name": "日本橋木村ビル", "category": "building"}}, {"type": "Feature", "geometry": {"type": "Point", "coordinates": [139.7751394, 35.6814197]}, "properties": {"id": "place-2205", "name": "太陽生命ひまわり日本橋ビル", "category": "building"}}, {"type": "Feature", "geometry": {"type": "Point", "coordinates": [139.7768998, 35.6827807]}, "properties": {"id": "place-2206", "name": "新光ビルディング日本橋2号館", "category": "building"}}, {"type": "Feature", "geometry": {"type": "Point", "coordinates": [139.772957, 35.6803744]}, "properties": {"id": "place-2207", "name": "日本橋通りビル", "category": "building"}}, {"type": "Feature", "geometry": {"type": "Point", "coordinates": [139.7725392, 35.6796372]}, "properties": {"id": "place-2208", "name": "日本橋フロントビル", "category": "building"}}, {"type": "Feature", "geometry": {"type": "Point", "coordinates": [139.7750375, 35.6811248]}, "properties": {"id": "place-2209", "name": "魚鉄ビル", "category": "building"}}, {"type": "Feature", "geometry": {"type": "Point", "coordinates": [139.7734788, 35.6802203]}, "properties": {"id": "place-2210", "name": "第2中央ビル", "category": "building"}}, {"type": "Feature", "geometry": {"type": "Point", "coordinates": [139.7746049, 35.6809783]}, "properties": {"id": "place-2211", "name": "Ordin日本橋ビル", "category": "building"}}, {"type": "Feature", "geometry": {"type": "Point", "coordinates": [139.7726834, 35.6792106]}, "properties": {"id": "place-2212", "name": "からくさホテルカラーズ東京八重洲", "category": "building"}}, {"type": "Feature", "geometry": {"type": "Point", "coordinates": [139.7725276, 35.6792769]}, "properties": {"id": "place-2213", "name": "アイ・アンド・イー日本橋ビル", "category": "building"}}, {"type": "Feature", "geometry": {"type": "Point", "coordinates": [139.7732904, 35.6801089]}, "properties": {"id": "place-2214", "name": "日本橋ビル", "category": "building"}}, {"type": "Feature", "geometry": {"type": "Point", "coordinates": [139.7766906, 35.6819628]}, "properties": {"id": "place-2215", "name": "組橋ビル", "category": "building"}}, {"type": "Feature", "geometry": {"type": "Point", "coordinates": [139.7749719, 35.6810062]}, "properties": {"id": "place-2216", "name": "エグゼトゥール日本橋", "category": "building"}}, {"type": "Feature", "geometry": {"type": "Point", "coordinates": [139.7763662, 35.6817319]}, "properties": {"id": "place-2217", "name": "イスクラ産業", "category": "building"}}, {"type": "Feature", "geometry": {"type": "Point", "coordinates": [139.7747389, 35.6812132]}, "properties": {"id": "place-2218", "name": "玉ゐ", "category": "building"}}, {"type": "Feature", "geometry": {"type": "Point", "coordinates": [139.7767647, 35.6821147]}, "properties": {"id": "place-2219", "name": "久富ビル", "category": "building"}}, {"type": "Feature", "geometry": {"type": "Point", "coordinates": [139.7748118, 35.6807947]}, "properties": {"id": "place-2220", "name": "第二SKビル", "category": "building"}}, {"type": "Feature", "geometry": {"type": "Point", "coordinates": [139.7730892, 35.6803785]}, "properties": {"id": "place-2221", "name": "サクラビルディング", "category": "building"}}, {"type": "Feature", "geometry": {"type": "Point", "coordinates": [139.7751073, 35.68117]}, "properties": {"id": "place-2222", "name": "アサヒビル", "category": "building"}}, {"type": "Feature", "geometry": {"type": "Point", "coordinates": [139.7744212, 35.6803961]}, "properties": {"id": "place-2223", "name": "太陽生命日本橋ビル", "category": "building"}}, {"type": "Feature", "geometry": {"type": "Point", "coordinates": [139.7746084, 35.6810451]}, "properties": {"id": "place-2224", "name": "日本橋羅苧豆ビル", "category": "building"}}, {"type": "Feature", "geometry": {"type": "Point", "coordinates": [139.7727223, 35.680413]}, "properties": {"id": "place-2225", "name": "新日本橋ビルディング", "category": "building"}}, {"type": "Feature", "geometry": {"type": "Point", "coordinates": [139.7766103, 35.681882]}, "properties": {"id": "place-2226", "name": "ときわ木ビル", "category": "building"}}, {"type": "Feature", "geometry": {"type": "Point", "coordinates": [139.7749739, 35.6811589]}, "properties": {"id": "place-2227", "name": "日本橋穂戸田ビル", "category": "building"}}, {"type": "Feature", "geometry": {"type": "Point", "coordinates": [139.7727488, 35.6799625]}, "properties": {"id": "place-2228", "name": "ディーアイシービル", "category": "building"}}, {"type": "Feature", "geometry": {"type": "Point", "coordinates": [139.7768033, 35.6826207]}, "properties": {"id": "place-2229", "name": "新光ビルディング日本橋", "category": "building"}}, {"type": "Feature", "geometry": {"type": "Point", "coordinates": [139.7727714, 35.6791744]}, "properties": {"id": "place-2230", "name": "DECO東京", "category": "building"}}, {"type": "Feature", "geometry": {"type": "Point", "coordinates": [139.7766176, 35.6819724]}, "properties": {"id": "place-2231", "name": "Coffee 和", "category": "building"}}, {"type": "Feature", "geometry": {"type": "Point", "coordinates": [139.773372, 35.680265]}, "properties": {"id": "place-2232", "name": "壺中居", "category": "building"}}, {"type": "Feature", "geometry": {"type": "Point", "coordinates": [139.7729055, 35.6802217]}, "properties": {"id": "place-2233", "name": "ぶよおビル", "category": "building"}}, {"type": "Feature", "geometry": {"type": "Point", "coordinates": [139.7765732, 35.6818213]}, "properties": {"id": "place-2234", "name": "サンユ日本橋一丁目ビル", "category": "building"}}, {"type": "Feature", "geometry": {"type": "Point", "coordinates": [139.7738961, 35.6798029]}, "properties": {"id": "place-2235", "name": "村木ビルディング", "category": "building"}}, {"type": "Feature", "geometry": {"type": "Point", "coordinates": [139.7762173, 35.6817914]}, "properties": {"id": "place-2236", "name": "明治安田生命江戸橋ビル", "category": "building"}}, {"type": "Feature", "geometry": {"type": "Point", "coordinates": [139.7722231, 35.6794083]}, "properties": {"id": "place-2237", "name": "あいおいニッセイ同和損保日本橋本社ビル", "category": "building"}}, {"type": "Feature", "geometry": {"type": "Point", "coordinates": [139.7735313, 35.6807548]}, "properties": {"id": "place-2238", "name": "日本橋高島屋", "category": "building"}}, {"type": "Feature", "geometry": {"type": "Point", "coordinates": [139.7764261, 35.6816614]}, "properties": {"id": "place-2239", "name": "白井ビル", "category": "building"}}, {"type": "Feature", "geometry": {"type": "Point", "coordinates": [139.7734166, 35.6800556]}, "properties": {"id": "place-2240", "name": "カレン日本橋ビル", "category": "building"}}, {"type": "Feature", "geometry": {"type": "Point", "coordinates": [139.7765755, 35.6823538]}, "properties": {"id": "place-2241", "name": "日本橋Dスクエア", "category": "building"}}, {"type": "Feature", "geometry": {"type": "Point", "coordinates": [139.7728534, 35.6791514]}, "properties": {"id": "place-2242", "name": "ニュー八重洲ビル", "category": "building"}}, {"type": "Feature", "geometry": {"type": "Point", "coordinates": [139.7729136, 35.6791044]}, "properties": {"id": "place-2243", "name": "日本橋MMビル", "category": "building"}}, {"type": "Feature", "geometry": {"type": "Point", "coordinates": [139.7751126, 35.6812848]}, "properties": {"id": "place-2244", "name": "VORT日本橋I", "category": "building"}}, {"type": "Feature", "geometry": {"type": "Point", "coordinates": [139.7763742, 35.6819836]}, "properties": {"id": "place-2245", "name": "パーカービル", "category": "building"}}, {"type": "Feature", "geometry": {"type": "Point", "coordinates": [139.7730286, 35.6790185]}, "properties": {"id": "place-2246", "name": "八重洲中央ビル", "category": "building"}}, {"type": "Feature", "geometry": {"type": "Point", "coordinates": [139.7731274, 35.680253]}, "properties": {"id": "place-2247", "name": "日本橋さくら通りビル", "category": "building"}}, {"type": "Feature", "geometry": {"type": "Point", "coordinates": [139.773105, 35.6790756]}, "properties": {"id": "place-2248", "name": "日本橋八重洲デュプレックスポーション", "category": "building"}}, {"type": "Feature", "geometry": {"type": "Point", "coordinates": [139.7747264, 35.6808954]}, "properties": {"id": "place-2249", "name": "日本橋日光ビル", "category": "building"}}, {"type": "Feature", "geometry": {"type": "Point", "coordinates": [139.7765695, 35.6821418]}, "properties": {"id": "place-2250", "name": "日本工装", "category": "building"}}, {"type": "Feature", "geometry": {"type": "Point", "coordinates": [139.7731309, 35.6869323]}, "properties": {"id": "place-2251", "name": "日本橋三井タワー", "category": "building"}}, {"type": "Feature", "geometry": {"type": "Point", "coordinates": [139.7735428, 35.6878857]}, "properties": {"id": "place-2252", "name": "CMビル", "category": "building"}}, {"type": "Feature", "geometry": {"type": "Point", "coordinates": [139.7738085, 35.6886391]}, "properties": {"id": "place-2253", "name": "Clipニホンバシビル", "category": "building"}}, {"type": "Feature", "geometry": {"type": "Point", "coordinates": [139.7736219, 35.6877515]}, "properties": {"id": "place-2254", "name": "ETS室町ビル", "category": "building"}}, {"type": "Feature", "geometry": {"type": "Point", "coordinates": [139.7756169, 35.6885069]}, "properties": {"id": "place-2255", "name": "Takeda", "category": "building"}}, {"type": "Feature", "geometry": {"type": "Point", "coordinates": [139.7745467, 35.6876316]}, "properties": {"id": "place-2256", "name": "武田グローバル本社", "category": "building"}}, {"type": "Feature", "geometry": {"type": "Point", "coordinates": [139.7759744, 35.6877254]}, "properties": {"id": "place-2257", "name": "日本橋ライフサイエンスビルディング", "category": "building"}}, {"type": "Feature", "geometry": {"type": "Point", "coordinates": [139.7751612, 35.687858]}, "properties": {"id": "place-2258", "name": "日本橋本町YSビル", "category": "building"}}, {"type": "Feature", "geometry": {"type": "Point", "coordinates": [139.7735321, 35.6883178]}, "properties": {"id": "place-2259", "name": "OVOL", "category": "building"}}, {"type": "Feature", "geometry": {"type": "Point", "coordinates": [139.7758028, 35.6865937]}, "properties": {"id": "place-2260", "name": "住友不動産日本橋ビル", "category": "building"}}, {"type": "Feature", "geometry": {"type": "Point", "coordinates": [139.7763434, 35.6868172]}, "properties": {"id": "place-2261", "name": "日本橋ライフサイエンスビルディング10", "category": "building"}}, {"type": "Feature", "geometry": {"type": "Point", "coordinates": [139.7680247, 35.6925097]}, "properties": {"id": "place-2262", "name": "Niikura Bldg", "category": "building"}}, {"type": "Feature", "geometry": {"type": "Point", "coordinates": [139.767645, 35.6929006]}, "properties": {"id": "place-2263", "name": "DK・Tビル", "category": "building"}}, {"type": "Feature", "geometry": {"type": "Point", "coordinates": [139.767231, 35.6930271]}, "properties": {"id": "place-2264", "name": "福禄ビル", "category": "building"}}, {"type": "Feature", "geometry": {"type": "Point", "coordinates": [139.7676424, 35.6927356]}, "properties": {"id": "place-2265", "name": "大塚製薬神田第２ビル", "category": "building"}}, {"type": "Feature", "geometry": {"type": "Point", "coordinates": [139.7681384, 35.6927468]}, "properties": {"id": "place-2266", "name": "千代田区神田公園 出張所・区民館", "category": "building"}}, {"type": "Feature", "geometry": {"type": "Point", "coordinates": [139.7682219, 35.6925663]}, "properties": {"id": "place-2267", "name": "グランドセントラルホテル", "category": "building"}}, {"type": "Feature", "geometry": {"type": "Point", "coordinates": [139.7655654, 35.6931862]}, "properties": {"id": "place-2268", "name": "住友不動産神田ビル", "category": "building"}}, {"type": "Feature", "geometry": {"type": "Point", "coordinates": [139.7678282, 35.6923799]}, "properties": {"id": "place-2269", "name": "セキネビル", "category": "building"}}, {"type": "Feature", "geometry": {"type": "Point", "coordinates": [139.7653618, 35.6927491]}, "properties": {"id": "place-2270", "name": "住友商事美土代ビル", "category": "building"}}, {"type": "Feature", "geometry": {"type": "Point", "coordinates": [139.7664395, 35.6924697]}, "properties": {"id": "place-2271", "name": "富士神田ビル", "category": "building"}}, {"type": "Feature", "geometry": {"type": "Point", "coordinates": [139.7660811, 35.6925535]}, "properties": {"id": "place-2272", "name": "ニュー楓ビル", "category": "building"}}, {"type": "Feature", "geometry": {"type": "Point", "coordinates": [139.7677184, 35.6925768]}, "properties": {"id": "place-2273", "name": "大森ビル", "category": "building"}}, {"type": "Feature", "geometry": {"type": "Point", "coordinates": [139.7677371, 35.6924871]}, "properties": {"id": "place-2274", "name": "神田司町ビル", "category": "building"}}, {"type": "Feature", "geometry": {"type": "Point", "coordinates": [139.7686121, 35.6927357]}, "properties": {"id": "place-2275", "name": "NTT神田", "category": "building"}}, {"type": "Feature", "geometry": {"type": "Point", "coordinates": [139.7676945, 35.6931446]}, "properties": {"id": "place-2276", "name": "PARK SIDE 1", "category": "building"}}, {"type": "Feature", "geometry": {"type": "Point", "coordinates": [139.7719632, 35.6820306]}, "properties": {"id": "place-2277", "name": "日本橋仲通りビル", "category": "building"}}, {"type": "Feature", "geometry": {"type": "Point", "coordinates": [139.7731431, 35.6794767]}, "properties": {"id": "place-2278", "name": "ファミール東京グランリッツ", "category": "building"}}, {"type": "Feature", "geometry": {"type": "Point", "coordinates": [139.772181, 35.6824229]}, "properties": {"id": "place-2279", "name": "三幸ビル", "category": "building"}}, {"type": "Feature", "geometry": {"type": "Point", "coordinates": [139.7722055, 35.6824571]}, "properties": {"id": "place-2280", "name": "やぶ久", "category": "building"}}, {"type": "Feature", "geometry": {"type": "Point", "coordinates": [139.7707882, 35.6802252]}, "properties": {"id": "place-2281", "name": "財成八重洲ビル", "category": "building"}}, {"type": "Feature", "geometry": {"type": "Point", "coordinates": [139.7722179, 35.6822147]}, "properties": {"id": "place-2282", "name": "マルヒロ日本橋ビル", "category": "building"}}, {"type": "Feature", "geometry": {"type": "Point", "coordinates": [139.773457, 35.6796376]}, "properties": {"id": "place-2283", "name": "内藤ビル", "category": "building"}}, {"type": "Feature", "geometry": {"type": "Point", "coordinates": [139.7718666, 35.6804171]}, "properties": {"id": "place-2284", "name": "岩上ビル", "category": "building"}}, {"type": "Feature", "geometry": {"type": "Point", "coordinates": [139.7719927, 35.6802838]}, "properties": {"id": "place-2285", "name": "三晶ビル", "category": "building"}}, {"type": "Feature", "geometry": {"type": "Point", "coordinates": [139.7715467, 35.6801462]}, "properties": {"id": "place-2286", "name": "NS日本橋ビル", "category": "building"}}, {"type": "Feature", "geometry": {"type": "Point", "coordinates": [139.7717001, 35.6803959]}, "properties": {"id": "place-2287", "name": "毎日日本橋ビル", "category": "building"}}, {"type": "Feature", "geometry": {"type": "Point", "coordinates": [139.7724435, 35.6821655]}, "properties": {"id": "place-2288", "name": "お多幸本店", "category": "building"}}, {"type": "Feature", "geometry": {"type": "Point", "coordinates": [139.7722204, 35.6824862]}, "properties": {"id": "place-2289", "name": "米倉ビル", "category": "building"}}, {"type": "Feature", "geometry": {"type": "Point", "coordinates": [139.7733947, 35.6797653]}, "properties": {"id": "place-2290", "name": "小村ビル", "category": "building"}}, {"type": "Feature", "geometry": {"type": "Point", "coordinates": [139.7707265, 35.680099]}, "properties": {"id": "place-2291", "name": "第2弥生ビルディング", "category": "building"}}, {"type": "Feature", "geometry": {"type": "Point", "coordinates": [139.7717045, 35.679874]}, "properties": {"id": "place-2292", "name": "第一中央ビル", "category": "building"}}, {"type": "Feature", "geometry": {"type": "Point", "coordinates": [139.7720842, 35.6822737]}, "properties": {"id": "place-2293", "name": "日本橋二丁目ビル", "category": "building"}}, {"type": "Feature", "geometry": {"type": "Point", "coordinates": [139.7713486, 35.6801203]}, "properties": {"id": "place-2294", "name": "永沢ビル", "category": "building"}}, {"type": "Feature", "geometry": {"type": "Point", "coordinates": [139.7713105, 35.6819372]}, "properties": {"id": "place-2295", "name": "MORITANI BUILDING 80", "category": "building"}}, {"type": "Feature", "geometry": {"type": "Point", "coordinates": [139.77152, 35.6803559]}, "properties": {"id": "place-2296", "name": "中條ビル", "category": "building"}}, {"type": "Feature", "geometry": {"type": "Point", "coordinates": [139.773479, 35.6797871]}, "properties": {"id": "place-2297", "name": "柳川ビル", "category": "building"}}, {"type": "Feature", "geometry": {"type": "Point", "coordinates": [139.7735589, 35.6797533]}, "properties": {"id": "place-2298", "name": "古山ビル", "category": "building"}}, {"type": "Feature", "geometry": {"type": "Point", "coordinates": [139.7711632, 35.6797925]}, "properties": {"id": "place-2299", "name": "八重洲フィナンシャルビル", "category": "building"}}, {"type": "Feature", "geometry": {"type": "Point", "coordinates": [139.7708493, 35.6799763]}, "properties": {"id": "place-2300", "name": "八重洲通ビルヂング", "category": "building"}}, {"type": "Feature", "geometry": {"type": "Point", "coordinates": [139.771486, 35.6817972]}, "properties": {"id": "place-2301", "name": "MBR 15", "category": "building"}}, {"type": "Feature", "geometry": {"type": "Point", "coordinates": [139.7736311, 35.6798963]}, "properties": {"id": "place-2302", "name": "政吉ビル", "category": "building"}}, {"type": "Feature", "geometry": {"type": "Point", "coordinates": [139.7735831, 35.6801975]}, "properties": {"id": "place-2303", "name": "坂本ビル", "category": "building"}}, {"type": "Feature", "geometry": {"type": "Point", "coordinates": [139.773719, 35.6799843]}, "properties": {"id": "place-2304", "name": "福沢ビル", "category": "building"}}, {"type": "Feature", "geometry": {"type": "Point", "coordinates": [139.7725782, 35.6821]}, "properties": {"id": "place-2305", "name": "日本橋ビル", "category": "building"}}, {"type": "Feature", "geometry": {"type": "Point", "coordinates": [139.7712419, 35.6802967]}, "properties": {"id": "place-2306", "name": "加藤ビル", "category": "building"}}, {"type": "Feature", "geometry": {"type": "Point", "coordinates": [139.7725688, 35.6823276]}, "properties": {"id": "place-2307", "name": "サポーレ日本橋", "category": "building"}}, {"type": "Feature", "geometry": {"type": "Point", "coordinates": [139.7713037, 35.6797356]}, "properties": {"id": "place-2308", "name": "インテリックス八重洲ビル", "category": "building"}}, {"type": "Feature", "geometry": {"type": "Point", "coordinates": [139.7737537, 35.6801023]}, "properties": {"id": "place-2309", "name": "三井のリパーク", "category": "amenity"}}, {"type": "Feature", "geometry": {"type": "Point", "coordinates": [139.7711056, 35.6818556]}, "properties": {"id": "place-2310", "name": "ソーケンビル八重洲", "category": "building"}}, {"type": "Feature", "geometry": {"type": "Point", "coordinates": [139.7713549, 35.6804432]}, "properties": {"id": "place-2311", "name": "新槇町ビル別館第一", "category": "building"}}, {"type": "Feature", "geometry": {"type": "Point", "coordinates": [139.7713022, 35.6806269]}, "properties": {"id": "place-2312", "name": "八重洲ヤマガタビル", "category": "building"}}, {"type": "Feature", "geometry": {"type": "Point", "coordinates": [139.7716228, 35.6810704]}, "properties": {"id": "place-2313", "name": "日本橋長門ビル", "category": "building"}}, {"type": "Feature", "geometry": {"type": "Point", "coordinates": [139.7720288, 35.6787457]}, "properties": {"id": "place-2314", "name": "ミュージアムタワー京橋", "category": "building"}}, {"type": "Feature", "geometry": {"type": "Point", "coordinates": [139.7708177, 35.6817097]}, "properties": {"id": "place-2315", "name": "荘栄建物ビル", "category": "building"}}, {"type": "Feature", "geometry": {"type": "Point", "coordinates": [139.7712559, 35.6804854]}, "properties": {"id": "place-2316", "name": "ザ・レジデンス東京駅前", "category": "building"}}, {"type": "Feature", "geometry": {"type": "Point", "coordinates": [139.7715174, 35.6805794]}, "properties": {"id": "place-2317", "name": "第一山本ビル", "category": "building"}}, {"type": "Feature", "geometry": {"type": "Point", "coordinates": [139.7734919, 35.679685]}, "properties": {"id": "place-2318", "name": "瀬津雅陶堂", "category": "building"}}, {"type": "Feature", "geometry": {"type": "Point", "coordinates": [139.7732125, 35.6796852]}, "properties": {"id": "place-2319", "name": "三州屋", "category": "building"}}, {"type": "Feature", "geometry": {"type": "Point", "coordinates": [139.7722903, 35.6825624]}, "properties": {"id": "place-2320", "name": "Dear日本橋タワー", "category": "building"}}, {"type": "Feature", "geometry": {"type": "Point", "coordinates": [139.7714658, 35.6804407]}, "properties": {"id": "place-2321", "name": "日本橋KNビル", "category": "building"}}, {"type": "Feature", "geometry": {"type": "Point", "coordinates": [139.7733195, 35.6797946]}, "properties": {"id": "place-2322", "name": "日本橋アーバンビルヂング", "category": "building"}}, {"type": "Feature", "geometry": {"type": "Point", "coordinates": [139.7709727, 35.6799257]}, "properties": {"id": "place-2323", "name": "八重洲N3ビル", "category": "building"}}, {"type": "Feature", "geometry": {"type": "Point", "coordinates": [139.7733769, 35.6796]}, "properties": {"id": "place-2324", "name": "タンペイ日本橋ビル", "category": "building"}}, {"type": "Feature", "geometry": {"type": "Point", "coordinates": [139.7732462, 35.6796245]}, "properties": {"id": "place-2325", "name": "三石ビル", "category": "building"}}, {"type": "Feature", "geometry": {"type": "Point", "coordinates": [139.7735346, 35.6799524]}, "properties": {"id": "place-2326", "name": "第1田中ビル", "category": "building"}}, {"type": "Feature", "geometry": {"type": "Point", "coordinates": [139.7736625, 35.679947]}, "properties": {"id": "place-2327", "name": "島崎ビル", "category": "building"}}, {"type": "Feature", "geometry": {"type": "Point", "coordinates": [139.7726509, 35.6820695]}, "properties": {"id": "place-2328", "name": "日本橋アルガビル", "category": "building"}}, {"type": "Feature", "geometry": {"type": "Point", "coordinates": [139.7707822, 35.6818383]}, "properties": {"id": "place-2329", "name": "野田ビル", "category": "building"}}, {"type": "Feature", "geometry": {"type": "Point", "coordinates": [139.771471, 35.6801734]}, "properties": {"id": "place-2330", "name": "丸十ビル", "category": "building"}}, {"type": "Feature", "geometry": {"type": "Point", "coordinates": [139.7706743, 35.6800003]}, "properties": {"id": "place-2331", "name": "春陽堂ビル", "category": "building"}}, {"type": "Feature", "geometry": {"type": "Point", "coordinates": [139.7711268, 35.6819937]}, "properties": {"id": "place-2332", "name": "東横INN", "category": "building"}}, {"type": "Feature", "geometry": {"type": "Point", "coordinates": [139.7724825, 35.6820969]}, "properties": {"id": "place-2333", "name": "せっつビル", "category": "building"}}, {"type": "Feature", "geometry": {"type": "Point", "coordinates": [139.7732, 35.6791936]}, "properties": {"id": "place-2334", "name": "サンプラザ日本橋", "category": "building"}}, {"type": "Feature", "geometry": {"type": "Point", "coordinates": [139.77306, 35.6819378]}, "properties": {"id": "place-2335", "name": "東京風月堂日本橋ビル", "category": "building"}}, {"type": "Feature", "geometry": {"type": "Point", "coordinates": [139.773724, 35.68005]}, "properties": {"id": "place-2336", "name": "日本橋ホリビル", "category": "building"}}, {"type": "Feature", "geometry": {"type": "Point", "coordinates": [139.7727421, 35.6820334]}, "properties": {"id": "place-2337", "name": "冨田ビル", "category": "building"}}, {"type": "Feature", "geometry": {"type": "Point", "coordinates": [139.7711906, 35.6800913]}, "properties": {"id": "place-2338", "name": "多奈か", "category": "building"}}, {"type": "Feature", "geometry": {"type": "Point", "coordinates": [139.7713586, 35.6817578]}, "properties": {"id": "place-2339", "name": "八重洲加藤ビルディング", "category": "building"}}, {"type": "Feature", "geometry": {"type": "Point", "coordinates": [139.7711446, 35.6801089]}, "properties": {"id": "place-2340", "name": "大木ビル", "category": "building"}}, {"type": "Feature", "geometry": {"type": "Point", "coordinates": [139.7733483, 35.6794445]}, "properties": {"id": "place-2341", "name": "HBL箔屋町ビルディング", "category": "building"}}, {"type": "Feature", "geometry": {"type": "Point", "coordinates": [139.7729968, 35.6793416]}, "properties": {"id": "place-2342", "name": "ABEビル", "category": "building"}}, {"type": "Feature", "geometry": {"type": "Point", "coordinates": [139.7719028, 35.6819233]}, "properties": {"id": "place-2343", "name": "古室ビル", "category": "building"}}, {"type": "Feature", "geometry": {"type": "Point", "coordinates": [139.7737896, 35.6801321]}, "properties": {"id": "place-2344", "name": "水戸忠", "category": "building"}}, {"type": "Feature", "geometry": {"type": "Point", "coordinates": [139.7708946, 35.680442]}, "properties": {"id": "place-2345", "name": "富士八重洲ビル", "category": "building"}}, {"type": "Feature", "geometry": {"type": "Point", "coordinates": [139.7726568, 35.6822929]}, "properties": {"id": "place-2346", "name": "瑞穂会館", "category": "building"}}, {"type": "Feature", "geometry": {"type": "Point", "coordinates": [139.7714201, 35.6805948]}, "properties": {"id": "place-2347", "name": "ユニバース第一ビル", "category": "building"}}, {"type": "Feature", "geometry": {"type": "Point", "coordinates": [139.7714921, 35.6819026]}, "properties": {"id": "place-2348", "name": "MBR 97", "category": "building"}}, {"type": "Feature", "geometry": {"type": "Point", "coordinates": [139.7730929, 35.679349]}, "properties": {"id": "place-2349", "name": "あいおいニッセイ同和損保日本橋別館ビル", "category": "building"}}, {"type": "Feature", "geometry": {"type": "Point", "coordinates": [139.7731798, 35.6797374]}, "properties": {"id": "place-2350", "name": "日本橋お起奈ビル", "category": "building"}}, {"type": "Feature", "geometry": {"type": "Point", "coordinates": [139.7722386, 35.6825201]}, "properties": {"id": "place-2351", "name": "八重洲仲通りビル", "category": "building"}}, {"type": "Feature", "geometry": {"type": "Point", "coordinates": [139.7724697, 35.6823752]}, "properties": {"id": "place-2352", "name": "丹生ビル", "category": "building"}}, {"type": "Feature", "geometry": {"type": "Point", "coordinates": [139.7710269, 35.6803501]}, "properties": {"id": "place-2353", "name": "Bizflex", "category": "building"}}, {"type": "Feature", "geometry": {"type": "Point", "coordinates": [139.7714424, 35.6796803]}, "properties": {"id": "place-2354", "name": "林華ビル", "category": "building"}}, {"type": "Feature", "geometry": {"type": "Point", "coordinates": [139.771586, 35.6818905]}, "properties": {"id": "place-2355", "name": "橋爪ビル", "category": "building"}}, {"type": "Feature", "geometry": {"type": "Point", "coordinates": [139.7708854, 35.6803626]}, "properties": {"id": "place-2356", "name": "カラオケ館", "category": "building"}}, {"type": "Feature", "geometry": {"type": "Point", "coordinates": [139.7715703, 35.6805581]}, "properties": {"id": "place-2357", "name": "nefi nihombashi", "category": "building"}}, {"type": "Feature", "geometry": {"type": "Point", "coordinates": [139.7711417, 35.6805814]}, "properties": {"id": "place-2358", "name": "マスヤビル", "category": "building"}}, {"type": "Feature", "geometry": {"type": "Point", "coordinates": [139.7709255, 35.6816954]}, "properties": {"id": "place-2359", "name": "田中八重洲ビル", "category": "building"}}, {"type": "Feature", "geometry": {"type": "Point", "coordinates": [139.7713263, 35.6810049]}, "properties": {"id": "place-2360", "name": "日本橋ヒロセビル", "category": "building"}}, {"type": "Feature", "geometry": {"type": "Point", "coordinates": [139.7714386, 35.6800223]}, "properties": {"id": "place-2361", "name": "E1ビル", "category": "building"}}, {"type": "Feature", "geometry": {"type": "Point", "coordinates": [139.7706806, 35.6817195]}, "properties": {"id": "place-2362", "name": "香川ビル", "category": "building"}}, {"type": "Feature", "geometry": {"type": "Point", "coordinates": [139.7717119, 35.6800316]}, "properties": {"id": "place-2363", "name": "メルクロスビル", "category": "building"}}, {"type": "Feature", "geometry": {"type": "Point", "coordinates": [139.7738718, 35.6794568]}, "properties": {"id": "place-2364", "name": "オンワードパークビルディング", "category": "building"}}, {"type": "Feature", "geometry": {"type": "Point", "coordinates": [139.7720169, 35.6821344]}, "properties": {"id": "place-2365", "name": "日本橋大善ビル", "category": "building"}}, {"type": "Feature", "geometry": {"type": "Point", "coordinates": [139.7715214, 35.6810229]}, "properties": {"id": "place-2366", "name": "NTA日本橋ビル", "category": "building"}}, {"type": "Feature", "geometry": {"type": "Point", "coordinates": [139.7712982, 35.6798061]}, "properties": {"id": "place-2367", "name": "八重洲ファーストビル", "category": "building"}}, {"type": "Feature", "geometry": {"type": "Point", "coordinates": [139.7712836, 35.6802196]}, "properties": {"id": "place-2368", "name": "八重洲山川ビル", "category": "building"}}, {"type": "Feature", "geometry": {"type": "Point", "coordinates": [139.7713926, 35.6797565]}, "properties": {"id": "place-2369", "name": "八重洲マツオカビル", "category": "building"}}, {"type": "Feature", "geometry": {"type": "Point", "coordinates": [139.7711359, 35.6807006]}, "properties": {"id": "place-2370", "name": "日伸ビル", "category": "building"}}, {"type": "Feature", "geometry": {"type": "Point", "coordinates": [139.7729776, 35.682159]}, "properties": {"id": "place-2371", "name": "加藤ビルディング", "category": "building"}}, {"type": "Feature", "geometry": {"type": "Point", "coordinates": [139.7711484, 35.680304]}, "properties": {"id": "place-2372", "name": "いづみやビル", "category": "building"}}, {"type": "Feature", "geometry": {"type": "Point", "coordinates": [139.7715965, 35.679691]}, "properties": {"id": "place-2373", "name": "スターツ八重洲中央ビル", "category": "building"}}, {"type": "Feature", "geometry": {"type": "Point", "coordinates": [139.7729554, 35.6819289]}, "properties": {"id": "place-2374", "name": "日本橋通り二丁目ビル", "category": "building"}}, {"type": "Feature", "geometry": {"type": "Point", "coordinates": [139.7689477, 35.6918661]}, "properties": {"id": "place-2375", "name": "星屋第六ビル", "category": "building"}}, {"type": "Feature", "geometry": {"type": "Point", "coordinates": [139.7681132, 35.6920711]}, "properties": {"id": "place-2376", "name": "翔和神田ビル", "category": "building"}}, {"type": "Feature", "geometry": {"type": "Point", "coordinates": [139.7684357, 35.6921581]}, "properties": {"id": "place-2377", "name": "古河電工神田ビル", "category": "building"}}, {"type": "Feature", "geometry": {"type": "Point", "coordinates": [139.7685717, 35.6916991]}, "properties": {"id": "place-2378", "name": "タイムズ", "category": "amenity"}}, {"type": "Feature", "geometry": {"type": "Point", "coordinates": [139.7687332, 35.6922407]}, "properties": {"id": "place-2379", "name": "センボービル", "category": "building"}}, {"type": "Feature", "geometry": {"type": "Point", "coordinates": [139.7687137, 35.6916516]}, "properties": {"id": "place-2380", "name": "三樹電工", "category": "building"}}, {"type": "Feature", "geometry": {"type": "Point", "coordinates": [139.768985, 35.691938]}, "properties": {"id": "place-2381", "name": "Saka II Build.", "category": "building"}}, {"type": "Feature", "geometry": {"type": "Point", "coordinates": [139.7689135, 35.6923271]}, "properties": {"id": "place-2382", "name": "内神田渋谷ビル", "category": "building"}}, {"type": "Feature", "geometry": {"type": "Point", "coordinates": [139.7639241, 35.6923247]}, "properties": {"id": "place-2383", "name": "島津製作所", "category": "building"}}, {"type": "Feature", "geometry": {"type": "Point", "coordinates": [139.7623421, 35.6924658]}, "properties": {"id": "place-2384", "name": "安田シーケンスタワー", "category": "building"}}, {"type": "Feature", "geometry": {"type": "Point", "coordinates": [139.7651479, 35.6922054]}, "properties": {"id": "place-2385", "name": "東京電機大学", "category": "building"}}, {"type": "Feature", "geometry": {"type": "Point", "coordinates": [139.7683922, 35.6917083]}, "properties": {"id": "place-2386", "name": "内神田ビルディング", "category": "building"}}, {"type": "Feature", "geometry": {"type": "Point", "coordinates": [139.7613342, 35.6925918]}, "properties": {"id": "place-2387", "name": "オームビル", "category": "building"}}, {"type": "Feature", "geometry": {"type": "Point", "coordinates": [139.7688819, 35.6916958]}, "properties": {"id": "place-2388", "name": "神田外語学院", "category": "building"}}, {"type": "Feature", "geometry": {"type": "Point", "coordinates": [139.7671232, 35.6919835]}, "properties": {"id": "place-2389", "name": "東京ロイヤルプラザ", "category": "building"}}, {"type": "Feature", "geometry": {"type": "Point", "coordinates": [139.7628405, 35.6924277]}, "properties": {"id": "place-2390", "name": "竹橋スクエアビル", "category": "building"}}, {"type": "Feature", "geometry": {"type": "Point", "coordinates": [139.7662435, 35.6793779]}, "properties": {"id": "place-2391", "name": "東海道本線", "category": "railway"}}, {"type": "Feature", "geometry": {"type": "Point", "coordinates": [139.7600336, 35.6926432]}, "properties": {"id": "place-2392", "name": "東京国税局神田税務署", "category": "building"}}, {"type": "Feature", "geometry": {"type": "Point", "coordinates": [139.7608412, 35.6926853]}, "properties": {"id": "place-2393", "name": "竹橋 3-3 ビル", "category": "building"}}, {"type": "Feature", "geometry": {"type": "Point", "coordinates": [139.7579263, 35.6910288]}, "properties": {"id": "place-2394", "name": "パレスサイドビルディング", "category": "building"}}, {"type": "Feature", "geometry": {"type": "Point", "coordinates": [139.765303, 35.6775843]}, "properties": {"id": "place-2395", "name": "京浜東北線", "category": "railway"}}, {"type": "Feature", "geometry": {"type": "Point", "coordinates": [139.7658924, 35.6795165]}, "properties": {"id": "place-2396", "name": "京浜東北線", "category": "railway"}}, {"type": "Feature", "geometry": {"type": "Point", "coordinates": [139.7655197, 35.6775367]}, "properties": {"id": "place-2397", "name": "東海道本線", "category": "railway"}}, {"type": "Feature", "geometry": {"type": "Point", "coordinates": [139.7653922, 35.6775648]}, "properties": {"id": "place-2398", "name": "山手線", "category": "railway"}}, {"type": "Feature", "geometry": {"type": "Point", "coordinates": [139.7654306, 35.6775566]}, "properties": {"id": "place-2399", "name": "京浜東北線", "category": "railway"}}, {"type": "Feature", "geometry": {"type": "Point", "coordinates": [139.7655946, 35.6775201]}, "properties": {"id": "place-2400", "name": "東海道本線", "category": "railway"}}, {"type": "Feature", "geometry": {"type": "Point", "coordinates": [139.7653476, 35.6775746]}, "properties": {"id": "place-2401", "name": "山手線", "category": "railway"}}, {"type": "Feature", "geometry": {"type": "Point", "coordinates": [139.7659869, 35.6794964]}, "properties": {"id": "place-2402", "name": "山手線", "category": "railway"}}, {"type": "Feature", "geometry": {"type": "Point", "coordinates": [139.7694927, 35.6881143]}, "properties": {"id": "place-2403", "name": "山手線", "category": "railway"}}, {"type": "Feature", "geometry": {"type": "Point", "coordinates": [139.7698686, 35.6889016]}, "properties": {"id": "place-2404", "name": "京浜東北線", "category": "railway"}}, {"type": "Feature", "geometry": {"type": "Point", "coordinates": [139.7699674, 35.6894893]}, "properties": {"id": "place-2405", "name": "京浜東北線", "category": "railway"}}, {"type": "Feature", "geometry": {"type": "Point", "coordinates": [139.7683681, 35.6857531]}, "properties": {"id": "place-2406", "name": "中央本線", "category": "railway"}}, {"type": "Feature", "geometry": {"type": "Point", "coordinates": [139.7695289, 35.6885567]}, "properties": {"id": "place-2407", "name": "中央本線", "category": "railway"}}, {"type": "Feature", "geometry": {"type": "Point", "coordinates": [139.7679152, 35.6842515]}, "properties": {"id": "place-2408", "name": "山手線", "category": "railway"}}, {"type": "Feature", "geometry": {"type": "Point", "coordinates": [139.7694246, 35.6881813]}, "properties": {"id": "place-2409", "name": "京浜東北線", "category": "railway"}}, {"type": "Feature", "geometry": {"type": "Point", "coordinates": [139.7700213, 35.6895018]}, "properties": {"id": "place-2410", "name": "山手線", "category": "railway"}}, {"type": "Feature", "geometry": {"type": "Point", "coordinates": [139.7693539, 35.6882513]}, "properties": {"id": "place-2411", "name": "中央本線", "category": "railway"}}, {"type": "Feature", "geometry": {"type": "Point", "coordinates": [139.7694576, 35.6881432]}, "properties": {"id": "place-2412", "name": "山手線", "category": "railway"}}, {"type": "Feature", "geometry": {"type": "Point", "coordinates": [139.7697111, 35.6885255]}, "properties": {"id": "place-2413", "name": "京浜東北線", "category": "railway"}}, {"type": "Feature", "geometry": {"type": "Point", "coordinates": [139.7700658, 35.689958]}, "properties": {"id": "place-2414", "name": "中央本線", "category": "railway"}}, {"type": "Feature", "geometry": {"type": "Point", "coordinates": [139.7698152, 35.6888845]}, "properties": {"id": "place-2415", "name": "山手線", "category": "railway"}}, {"type": "Feature", "geometry": {"type": "Point", "coordinates": [139.7699391, 35.6890721]}, "properties": {"id": "place-2416", "name": "京浜東北線", "category": "railway"}}, {"type": "Feature", "geometry": {"type": "Point", "coordinates": [139.7695764, 35.688546]}, "properties": {"id": "place-2417", "name": "京浜東北線", "category": "railway"}}, {"type": "Feature", "geometry": {"type": "Point", "coordinates": [139.7696396, 35.6888247]}, "properties": {"id": "place-2418", "name": "中央本線", "category": "railway"}}, {"type": "Feature", "geometry": {"type": "Point", "coordinates": [139.770985, 35.6918169]}, "properties": {"id": "place-2419", "name": "山手線", "category": "railway"}}, {"type": "Feature", "geometry": {"type": "Point", "coordinates": [139.7687121, 35.6862109]}, "properties": {"id": "place-2420", "name": "山手線", "category": "railway"}}, {"type": "Feature", "geometry": {"type": "Point", "coordinates": [139.7687436, 35.6861809]}, "properties": {"id": "place-2421", "name": "京浜東北線", "category": "railway"}}, {"type": "Feature", "geometry": {"type": "Point", "coordinates": [139.7660327, 35.679485]}, "properties": {"id": "place-2422", "name": "山手線", "category": "railway"}}, {"type": "Feature", "geometry": {"type": "Point", "coordinates": [139.7697765, 35.6890234]}, "properties": {"id": "place-2423", "name": "京浜東北線", "category": "railway"}}, {"type": "Feature", "geometry": {"type": "Point", "coordinates": [139.767835, 35.6842702]}, "properties": {"id": "place-2424", "name": "京浜東北線", "category": "railway"}}, {"type": "Feature", "geometry": {"type": "Point", "coordinates": [139.770068, 35.6893875]}, "properties": {"id": "place-2425", "name": "京浜東北線", "category": "railway"}}, {"type": "Feature", "geometry": {"type": "Point", "coordinates": [139.7699106, 35.6893445]}, "properties": {"id": "place-2426", "name": "京浜東北線", "category": "railway"}}, {"type": "Feature", "geometry": {"type": "Point", "coordinates": [139.7700745, 35.689517]}, "properties": {"id": "place-2427", "name": "山手線", "category": "railway"}}, {"type": "Feature", "geometry": {"type": "Point", "coordinates": [139.7694856, 35.6885629]}, "properties": {"id": "place-2428", "name": "中央本線", "category": "railway"}}, {"type": "Feature", "geometry": {"type": "Point", "coordinates": [139.7697977, 35.6891916]}, "properties": {"id": "place-2429", "name": "中央本線", "category": "railway"}}, {"type": "Feature", "geometry": {"type": "Point", "coordinates": [139.7693875, 35.688218]}, "properties": {"id": "place-2430", "name": "中央本線", "category": "railway"}}, {"type": "Feature", "geometry": {"type": "Point", "coordinates": [139.7700125, 35.6893782]}, "properties": {"id": "place-2431", "name": "山手線", "category": "railway"}}, {"type": "Feature", "geometry": {"type": "Point", "coordinates": [139.7701213, 35.6895229]}, "properties": {"id": "place-2432", "name": "京浜東北線", "category": "railway"}}, {"type": "Feature", "geometry": {"type": "Point", "coordinates": [139.7697476, 35.6891814]}, "properties": {"id": "place-2433", "name": "中央本線", "category": "railway"}}, {"type": "Feature", "geometry": {"type": "Point", "coordinates": [139.7690597, 35.687575]}, "properties": {"id": "place-2434", "name": "中央本線", "category": "railway"}}, {"type": "Feature", "geometry": {"type": "Point", "coordinates": [139.7698512, 35.6891981]}, "properties": {"id": "place-2435", "name": "京浜東北線", "category": "railway"}}, {"type": "Feature", "geometry": {"type": "Point", "coordinates": [139.7686714, 35.6862267]}, "properties": {"id": "place-2436", "name": "山手線", "category": "railway"}}, {"type": "Feature", "geometry": {"type": "Point", "coordinates": [139.769965, 35.6893664]}, "properties": {"id": "place-2437", "name": "山手線", "category": "railway"}}, {"type": "Feature", "geometry": {"type": "Point", "coordinates": [139.7697582, 35.6888638]}, "properties": {"id": "place-2438", "name": "山手線", "category": "railway"}}, {"type": "Feature", "geometry": {"type": "Point", "coordinates": [139.7686385, 35.6862506]}, "properties": {"id": "place-2439", "name": "京浜東北線", "category": "railway"}}, {"type": "Feature", "geometry": {"type": "Point", "coordinates": [139.7698298, 35.6890379]}, "properties": {"id": "place-2440", "name": "山手線", "category": "railway"}}, {"type": "Feature", "geometry": {"type": "Point", "coordinates": [139.7676472, 35.6834747]}, "properties": {"id": "place-2441", "name": "京浜東北線", "category": "railway"}}, {"type": "Feature", "geometry": {"type": "Point", "coordinates": [139.7697202, 35.6890099]}, "properties": {"id": "place-2442", "name": "中央本線", "category": "railway"}}, {"type": "Feature", "geometry": {"type": "Point", "coordinates": [139.7698866, 35.6890539]}, "properties": {"id": "place-2443", "name": "山手線", "category": "railway"}}, {"type": "Feature", "geometry": {"type": "Point", "coordinates": [139.7695919, 35.6888131]}, "properties": {"id": "place-2444", "name": "中央本線", "category": "railway"}}, {"type": "Feature", "geometry": {"type": "Point", "coordinates": [139.7709289, 35.691803]}, "properties": {"id": "place-2445", "name": "京浜東北線", "category": "railway"}}, {"type": "Feature", "geometry": {"type": "Point", "coordinates": [139.7699052, 35.6892217]}, "properties": {"id": "place-2446", "name": "山手線", "category": "railway"}}, {"type": "Feature", "geometry": {"type": "Point", "coordinates": [139.7696723, 35.6890038]}, "properties": {"id": "place-2447", "name": "中央本線", "category": "railway"}}, {"type": "Feature", "geometry": {"type": "Point", "coordinates": [139.7679526, 35.6842427]}, "properties": {"id": "place-2448", "name": "京浜東北線", "category": "railway"}}, {"type": "Feature", "geometry": {"type": "Point", "coordinates": [139.7696229, 35.6885396]}, "properties": {"id": "place-2449", "name": "山手線", "category": "railway"}}, {"type": "Feature", "geometry": {"type": "Point", "coordinates": [139.7699567, 35.6892323]}, "properties": {"id": "place-2450", "name": "山手線", "category": "railway"}}, {"type": "Feature", "geometry": {"type": "Point", "coordinates": [139.7711046, 35.6918446]}, "properties": {"id": "place-2451", "name": "京浜東北線", "category": "railway"}}, {"type": "Feature", "geometry": {"type": "Point", "coordinates": [139.7710478, 35.6918375]}, "properties": {"id": "place-2452", "name": "山手線", "category": "railway"}}, {"type": "Feature", "geometry": {"type": "Point", "coordinates": [139.7696672, 35.6885319]}, "properties": {"id": "place-2453", "name": "山手線", "category": "railway"}}, {"type": "Feature", "geometry": {"type": "Point", "coordinates": [139.769098, 35.6875525]}, "properties": {"id": "place-2454", "name": "中央本線", "category": "railway"}}, {"type": "Feature", "geometry": {"type": "Point", "coordinates": [139.7695225, 35.6880713]}, "properties": {"id": "place-2455", "name": "京浜東北線", "category": "railway"}}, {"type": "Feature", "geometry": {"type": "Point", "coordinates": [139.7678724, 35.6842619]}, "properties": {"id": "place-2456", "name": "山手線", "category": "railway"}}, {"type": "Feature", "geometry": {"type": "Point", "coordinates": [139.7700128, 35.6892505]}, "properties": {"id": "place-2457", "name": "京浜東北線", "category": "railway"}}, {"type": "Feature", "geometry": {"type": "Point", "coordinates": [139.7697008, 35.6888446]}, "properties": {"id": "place-2458", "name": "京浜東北線", "category": "railway"}}, {"type": "Feature", "geometry": {"type": "Point", "coordinates": [139.7696329, 35.6879363]}, "properties": {"id": "place-2459", "name": "東北新幹線", "category": "railway"}}, {"type": "Feature", "geometry": {"type": "Point", "coordinates": [139.7692185, 35.6868873]}, "properties": {"id": "place-2460", "name": "東北新幹線", "category": "railway"}}, {"type": "Feature", "geometry": {"type": "Point", "coordinates": [139.7689954, 35.6861346]}, "properties": {"id": "place-2461", "name": "東北新幹線", "category": "railway"}}, {"type": "Feature", "geometry": {"type": "Point", "coordinates": [139.768553, 35.6849077]}, "properties": {"id": "place-2462", "name": "東北新幹線", "category": "railway"}}, {"type": "Feature", "geometry": {"type": "Point", "coordinates": [139.7689441, 35.6861458]}, "properties": {"id": "place-2463", "name": "東北新幹線", "category": "railway"}}, {"type": "Feature", "geometry": {"type": "Point", "coordinates": [139.7716185, 35.6926851]}, "properties": {"id": "place-2464", "name": "東北新幹線", "category": "railway"}}, {"type": "Feature", "geometry": {"type": "Point", "coordinates": [139.7714921, 35.6927037]}, "properties": {"id": "place-2465", "name": "JR東北本線", "category": "railway"}}, {"type": "Feature", "geometry": {"type": "Point", "coordinates": [139.7715731, 35.6926997]}, "properties": {"id": "place-2466", "name": "東北新幹線", "category": "railway"}}, {"type": "Feature", "geometry": {"type": "Point", "coordinates": [139.7694254, 35.6874221]}, "properties": {"id": "place-2467", "name": "東北新幹線", "category": "railway"}}, {"type": "Feature", "geometry": {"type": "Point", "coordinates": [139.7692738, 35.6868709]}, "properties": {"id": "place-2468", "name": "東北新幹線", "category": "railway"}}, {"type": "Feature", "geometry": {"type": "Point", "coordinates": [139.7694795, 35.6873887]}, "properties": {"id": "place-2469", "name": "東北新幹線", "category": "railway"}}, {"type": "Feature", "geometry": {"type": "Point", "coordinates": [139.7696815, 35.6879049]}, "properties": {"id": "place-2470", "name": "東北新幹線", "category": "railway"}}, {"type": "Feature", "geometry": {"type": "Point", "coordinates": [139.7691168, 35.686469]}, "properties": {"id": "place-2471", "name": "東北新幹線", "category": "railway"}}, {"type": "Feature", "geometry": {"type": "Point", "coordinates": [139.7690683, 35.6864801]}, "properties": {"id": "place-2472", "name": "東北新幹線", "category": "railway"}}, {"type": "Feature", "geometry": {"type": "Point", "coordinates": [139.7729316, 35.6913599]}, "properties": {"id": "place-2473", "name": "株式会社KSK 日本橋技術センター", "category": "building"}}, {"type": "Feature", "geometry": {"type": "Point", "coordinates": [139.7725028, 35.6930511]}, "properties": {"id": "place-2474", "name": "神田徳力ビル", "category": "building"}}, {"type": "Feature", "geometry": {"type": "Point", "coordinates": [139.7657509, 35.6950585]}, "properties": {"id": "place-2475", "name": "小川町北ビル", "category": "building"}}, {"type": "Feature", "geometry": {"type": "Point", "coordinates": [139.7671397, 35.6939506]}, "properties": {"id": "place-2476", "name": "明治安田損害保険ビル", "category": "building"}}, {"type": "Feature", "geometry": {"type": "Point", "coordinates": [139.7759997, 35.6850373]}, "properties": {"id": "place-2477", "name": "Loro Slow Spot", "category": "building"}}, {"type": "Feature", "geometry": {"type": "Point", "coordinates": [139.7770082, 35.6873524]}, "properties": {"id": "place-2478", "name": "山三ビル", "category": "building"}}, {"type": "Feature", "geometry": {"type": "Point", "coordinates": [139.7769727, 35.6874373]}, "properties": {"id": "place-2479", "name": "小西ビル", "category": "building"}}, {"type": "Feature", "geometry": {"type": "Point", "coordinates": [139.7764214, 35.6887645]}, "properties": {"id": "place-2480", "name": "小津本館ビル", "category": "building"}}, {"type": "Feature", "geometry": {"type": "Point", "coordinates": [139.7770652, 35.6895556]}, "properties": {"id": "place-2481", "name": "歌仙", "category": "building"}}, {"type": "Feature", "geometry": {"type": "Point", "coordinates": [139.7769663, 35.6895272]}, "properties": {"id": "place-2482", "name": "タバコ屋", "category": "building"}}, {"type": "Feature", "geometry": {"type": "Point", "coordinates": [139.7773448, 35.6890752]}, "properties": {"id": "place-2483", "name": "日本橋ライフサイエンスビル２", "category": "building"}}, {"type": "Feature", "geometry": {"type": "Point", "coordinates": [139.7753819, 35.6920934]}, "properties": {"id": "place-2484", "name": "ファーストビル", "category": "building"}}, {"type": "Feature", "geometry": {"type": "Point", "coordinates": [139.775278, 35.6920621]}, "properties": {"id": "place-2485", "name": "エステックビル", "category": "building"}}, {"type": "Feature", "geometry": {"type": "Point", "coordinates": [139.776109, 35.6867168]}, "properties": {"id": "place-2486", "name": "第10中央ビル", "category": "building"}}, {"type": "Feature", "geometry": {"type": "Point", "coordinates": [139.7755986, 35.6876867]}, "properties": {"id": "place-2487", "name": "共同ビル", "category": "building"}}, {"type": "Feature", "geometry": {"type": "Point", "coordinates": [139.7747933, 35.6855167]}, "properties": {"id": "place-2488", "name": "山本ビル本館", "category": "building"}}, {"type": "Feature", "geometry": {"type": "Point", "coordinates": [139.7771436, 35.6864997]}, "properties": {"id": "place-2489", "name": "丸柏ビルディング", "category": "building"}}, {"type": "Feature", "geometry": {"type": "Point", "coordinates": [139.7772301, 35.6858558]}, "properties": {"id": "place-2490", "name": "ユニゾ江戸橋ビル", "category": "building"}}, {"type": "Feature", "geometry": {"type": "Point", "coordinates": [139.7747958, 35.686257]}, "properties": {"id": "place-2491", "name": "DKノア", "category": "building"}}, {"type": "Feature", "geometry": {"type": "Point", "coordinates": [139.7754638, 35.6859725]}, "properties": {"id": "place-2492", "name": "日本橋鮒佐ビル", "category": "building"}}, {"type": "Feature", "geometry": {"type": "Point", "coordinates": [139.7755439, 35.6859452]}, "properties": {"id": "place-2493", "name": "Muro Ichi Ramen", "category": "building"}}, {"type": "Feature", "geometry": {"type": "Point", "coordinates": [139.7746876, 35.6857286]}, "properties": {"id": "place-2494", "name": "昇賢ビル", "category": "building"}}, {"type": "Feature", "geometry": {"type": "Point", "coordinates": [139.7750695, 35.6856131]}, "properties": {"id": "place-2495", "name": "大森ビル", "category": "building"}}, {"type": "Feature", "geometry": {"type": "Point", "coordinates": [139.7746492, 35.6854958]}, "properties": {"id": "place-2496", "name": "有便堂", "category": "building"}}, {"type": "Feature", "geometry": {"type": "Point", "coordinates": [139.7771692, 35.686948]}, "properties": {"id": "place-2497", "name": "ツカモトビル", "category": "building"}}, {"type": "Feature", "geometry": {"type": "Point", "coordinates": [139.7747395, 35.6851145]}, "properties": {"id": "place-2498", "name": "真洋ビル", "category": "building"}}, {"type": "Feature", "geometry": {"type": "Point", "coordinates": [139.774597, 35.6854246]}, "properties": {"id": "place-2499", "name": "だいし東京ビル", "category": "building"}}, {"type": "Feature", "geometry": {"type": "Point", "coordinates": [139.7747177, 35.6852369]}, "properties": {"id": "place-2500", "name": "日本橋室町162ビル", "category": "building"}}, {"type": "Feature", "geometry": {"type": "Point", "coordinates": [139.7749839, 35.6859245]}, "properties": {"id": "place-2501", "name": "テラサキ第2ビル", "category": "building"}}, {"type": "Feature", "geometry": {"type": "Point", "coordinates": [139.777925, 35.6872517]}, "properties": {"id": "place-2502", "name": "小倉ビル", "category": "building"}}, {"type": "Feature", "geometry": {"type": "Point", "coordinates": [139.7739361, 35.6845643]}, "properties": {"id": "place-2503", "name": "日本橋大栄ビル", "category": "building"}}, {"type": "Feature", "geometry": {"type": "Point", "coordinates": [139.7724758, 35.6848611]}, "properties": {"id": "place-2504", "name": "三菱ケミカル日本橋ビル", "category": "building"}}, {"type": "Feature", "geometry": {"type": "Point", "coordinates": [139.7712561, 35.6883364]}, "properties": {"id": "place-2505", "name": "Tokiwa", "category": "building"}}, {"type": "Feature", "geometry": {"type": "Point", "coordinates": [139.7741464, 35.689306]}, "properties": {"id": "place-2506", "name": "十六銀行", "category": "building"}}, {"type": "Feature", "geometry": {"type": "Point", "coordinates": [139.7736019, 35.6892606]}, "properties": {"id": "place-2507", "name": "てん茂", "category": "building"}}, {"type": "Feature", "geometry": {"type": "Point", "coordinates": [139.7744551, 35.6897015]}, "properties": {"id": "place-2508", "name": "Hotel Kazusaya", "category": "building"}}, {"type": "Feature", "geometry": {"type": "Point", "coordinates": [139.7704986, 35.6875509]}, "properties": {"id": "place-2509", "name": "共同ビル", "category": "building"}}, {"type": "Feature", "geometry": {"type": "Point", "coordinates": [139.7732718, 35.684719]}, "properties": {"id": "place-2510", "name": "上田ビル", "category": "building"}}, {"type": "Feature", "geometry": {"type": "Point", "coordinates": [139.7695225, 35.6862515]}, "properties": {"id": "place-2511", "name": "JFE商事ビル", "category": "building"}}, {"type": "Feature", "geometry": {"type": "Point", "coordinates": [139.7696732, 35.6913314]}, "properties": {"id": "place-2512", "name": "日立神田ビル", "category": "building"}}, {"type": "Feature", "geometry": {"type": "Point", "coordinates": [139.7698461, 35.6911313]}, "properties": {"id": "place-2513", "name": "三恵ビル", "category": "building"}}, {"type": "Feature", "geometry": {"type": "Point", "coordinates": [139.7689338, 35.6939297]}, "properties": {"id": "place-2514", "name": "日計ビル", "category": "building"}}, {"type": "Feature", "geometry": {"type": "Point", "coordinates": [139.7698083, 35.6912146]}, "properties": {"id": "place-2515", "name": "梶原商事ビル", "category": "building"}}, {"type": "Feature", "geometry": {"type": "Point", "coordinates": [139.7675256, 35.6904565]}, "properties": {"id": "place-2516", "name": "Uchikanda Crest bldg", "category": "building"}}, {"type": "Feature", "geometry": {"type": "Point", "coordinates": [139.7724339, 35.6933351]}, "properties": {"id": "place-2517", "name": "セレニティー神田", "category": "building"}}, {"type": "Feature", "geometry": {"type": "Point", "coordinates": [139.7723335, 35.6925207]}, "properties": {"id": "place-2518", "name": "タイムズ神田鍛冶町第2", "category": "amenity"}}, {"type": "Feature", "geometry": {"type": "Point", "coordinates": [139.7687918, 35.6903044]}, "properties": {"id": "place-2519", "name": "山手ビル3号館", "category": "building"}}, {"type": "Feature", "geometry": {"type": "Point", "coordinates": [139.773839, 35.6931915]}, "properties": {"id": "place-2520", "name": "ジャストパーク神田紺屋町", "category": "amenity"}}, {"type": "Feature", "geometry": {"type": "Point", "coordinates": [139.7697553, 35.6911391]}, "properties": {"id": "place-2521", "name": "菊原ビル", "category": "building"}}, {"type": "Feature", "geometry": {"type": "Point", "coordinates": [139.7696416, 35.6934752]}, "properties": {"id": "place-2522", "name": "神田駅前郵便局", "category": "building"}}, {"type": "Feature", "geometry": {"type": "Point", "coordinates": [139.7732488, 35.6932556]}, "properties": {"id": "place-2523", "name": "BPRレジデンス神田富山町", "category": "building"}}, {"type": "Feature", "geometry": {"type": "Point", "coordinates": [139.7677604, 35.6904306]}, "properties": {"id": "place-2524", "name": "翔和鎌倉橋ビル", "category": "building"}}, {"type": "Feature", "geometry": {"type": "Point", "coordinates": [139.7672468, 35.690273]}, "properties": {"id": "place-2525", "name": "亀田ビル", "category": "building"}}, {"type": "Feature", "geometry": {"type": "Point", "coordinates": [139.7728776, 35.6934552]}, "properties": {"id": "place-2526", "name": "神田富山町ビル", "category": "building"}}, {"type": "Feature", "geometry": {"type": "Point", "coordinates": [139.7687701, 35.6902092]}, "properties": {"id": "place-2527", "name": "TOHAN NO.2 BLDG.", "category": "building"}}, {"type": "Feature", "geometry": {"type": "Point", "coordinates": [139.7683047, 35.6915282]}, "properties": {"id": "place-2528", "name": "BMビル", "category": "building"}}, {"type": "Feature", "geometry": {"type": "Point", "coordinates": [139.7687477, 35.6938896]}, "properties": {"id": "place-2529", "name": "田中ビル別館", "category": "building"}}, {"type": "Feature", "geometry": {"type": "Point", "coordinates": [139.7730504, 35.6932322]}, "properties": {"id": "place-2530", "name": "株式会社コクゴ第二別館", "category": "building"}}, {"type": "Feature", "geometry": {"type": "Point", "coordinates": [139.7683092, 35.691451]}, "properties": {"id": "place-2531", "name": "石原ビル", "category": "building"}}, {"type": "Feature", "geometry": {"type": "Point", "coordinates": [139.7676055, 35.6905043]}, "properties": {"id": "place-2532", "name": "矢板ビル", "category": "building"}}, {"type": "Feature", "geometry": {"type": "Point", "coordinates": [139.768525, 35.6895587]}, "properties": {"id": "place-2533", "name": "Yoneyama Building", "category": "building"}}, {"type": "Feature", "geometry": {"type": "Point", "coordinates": [139.7709216, 35.6927067]}, "properties": {"id": "place-2534", "name": "神田ビル", "category": "building"}}, {"type": "Feature", "geometry": {"type": "Point", "coordinates": [139.7687103, 35.6903567]}, "properties": {"id": "place-2535", "name": "土井ビル", "category": "building"}}, {"type": "Feature", "geometry": {"type": "Point", "coordinates": [139.7687356, 35.693611]}, "properties": {"id": "place-2536", "name": "NBパーキング", "category": "amenity"}}, {"type": "Feature", "geometry": {"type": "Point", "coordinates": [139.7729574, 35.6929197]}, "properties": {"id": "place-2537", "name": "新広栄ビル", "category": "building"}}, {"type": "Feature", "geometry": {"type": "Point", "coordinates": [139.7712871, 35.6905208]}, "properties": {"id": "place-2538", "name": "村山ビル", "category": "building"}}, {"type": "Feature", "geometry": {"type": "Point", "coordinates": [139.7688123, 35.6903885]}, "properties": {"id": "place-2539", "name": "第一電建ビル", "category": "building"}}, {"type": "Feature", "geometry": {"type": "Point", "coordinates": [139.7731254, 35.693249]}, "properties": {"id": "place-2540", "name": "ニューヒラノビル", "category": "building"}}, {"type": "Feature", "geometry": {"type": "Point", "coordinates": [139.767245, 35.6901226]}, "properties": {"id": "place-2541", "name": "ヒューリック大手町北ビル", "category": "building"}}, {"type": "Feature", "geometry": {"type": "Point", "coordinates": [139.7729441, 35.6938113]}, "properties": {"id": "place-2542", "name": "神田東日本ビル", "category": "building"}}, {"type": "Feature", "geometry": {"type": "Point", "coordinates": [139.7728045, 35.6933131]}, "properties": {"id": "place-2543", "name": "神田STビル", "category": "building"}}, {"type": "Feature", "geometry": {"type": "Point", "coordinates": [139.7723912, 35.6927903]}, "properties": {"id": "place-2544", "name": "柴崎ビル", "category": "building"}}, {"type": "Feature", "geometry": {"type": "Point", "coordinates": [139.7699976, 35.6937058]}, "properties": {"id": "place-2545", "name": "大橋ビル", "category": "building"}}, {"type": "Feature", "geometry": {"type": "Point", "coordinates": [139.7686556, 35.6938933]}, "properties": {"id": "place-2546", "name": "田中ビルディング", "category": "building"}}, {"type": "Feature", "geometry": {"type": "Point", "coordinates": [139.7729716, 35.6932081]}, "properties": {"id": "place-2547", "name": "株式会社コクゴ別館", "category": "building"}}, {"type": "Feature", "geometry": {"type": "Point", "coordinates": [139.7728994, 35.6930875]}, "properties": {"id": "place-2548", "name": "サンクス神田ビル", "category": "building"}}, {"type": "Feature", "geometry": {"type": "Point", "coordinates": [139.7701553, 35.6936761]}, "properties": {"id": "place-2549", "name": "第5古川ビル", "category": "building"}}, {"type": "Feature", "geometry": {"type": "Point", "coordinates": [139.7728606, 35.6931796]}, "properties": {"id": "place-2550", "name": "株式会社コクゴ", "category": "building"}}, {"type": "Feature", "geometry": {"type": "Point", "coordinates": [139.7700421, 35.6936472]}, "properties": {"id": "place-2551", "name": "合板会館", "category": "building"}}, {"type": "Feature", "geometry": {"type": "Point", "coordinates": [139.771802, 35.6906609]}, "properties": {"id": "place-2552", "name": "大朋ビル", "category": "building"}}, {"type": "Feature", "geometry": {"type": "Point", "coordinates": [139.772775, 35.6927154]}, "properties": {"id": "place-2553", "name": "光起ビル", "category": "building"}}, {"type": "Feature", "geometry": {"type": "Point", "coordinates": [139.7702651, 35.6937088]}, "properties": {"id": "place-2554", "name": "保坂神田ビル", "category": "building"}}, {"type": "Feature", "geometry": {"type": "Point", "coordinates": [139.7689954, 35.6939497]}, "properties": {"id": "place-2555", "name": "至徳堂", "category": "building"}}, {"type": "Feature", "geometry": {"type": "Point", "coordinates": [139.7692195, 35.6936769]}, "properties": {"id": "place-2556", "name": "三好ビル", "category": "building"}}, {"type": "Feature", "geometry": {"type": "Point", "coordinates": [139.7709249, 35.6901989]}, "properties": {"id": "place-2557", "name": "手島ビル", "category": "building"}}, {"type": "Feature", "geometry": {"type": "Point", "coordinates": [139.7671572, 35.689853]}, "properties": {"id": "place-2558", "name": "田中ビル", "category": "building"}}, {"type": "Feature", "geometry": {"type": "Point", "coordinates": [139.7680592, 35.6904242]}, "properties": {"id": "place-2559", "name": "新内神田ビル", "category": "building"}}, {"type": "Feature", "geometry": {"type": "Point", "coordinates": [139.7710233, 35.6902277]}, "properties": {"id": "place-2560", "name": "浅野屋ビル", "category": "building"}}, {"type": "Feature", "geometry": {"type": "Point", "coordinates": [139.7718302, 35.6904779]}, "properties": {"id": "place-2561", "name": "森ビル", "category": "building"}}, {"type": "Feature", "geometry": {"type": "Point", "coordinates": [139.7722766, 35.6932977]}, "properties": {"id": "place-2562", "name": "サトービル", "category": "building"}}, {"type": "Feature", "geometry": {"type": "Point", "coordinates": [139.7691756, 35.6913367]}, "properties": {"id": "place-2563", "name": "B-Chinese", "category": "building"}}, {"type": "Feature", "geometry": {"type": "Point", "coordinates": [139.7722447, 35.6931894]}, "properties": {"id": "place-2564", "name": "徳力本店ビル", "category": "building"}}, {"type": "Feature", "geometry": {"type": "Point", "coordinates": [139.7696847, 35.6911464]}, "properties": {"id": "place-2565", "name": "笹原ビル", "category": "building"}}, {"type": "Feature", "geometry": {"type": "Point", "coordinates": [139.7698757, 35.6939598]}, "properties": {"id": "place-2566", "name": "一八ビル", "category": "building"}}, {"type": "Feature", "geometry": {"type": "Point", "coordinates": [139.7673578, 35.6905282]}, "properties": {"id": "place-2567", "name": "第2柴田ビル", "category": "building"}}, {"type": "Feature", "geometry": {"type": "Point", "coordinates": [139.7733085, 35.6932758]}, "properties": {"id": "place-2568", "name": "SYFORME KANDA", "category": "building"}}, {"type": "Feature", "geometry": {"type": "Point", "coordinates": [139.771438, 35.6942025]}, "properties": {"id": "place-2569", "name": "KIBビル", "category": "building"}}, {"type": "Feature", "geometry": {"type": "Point", "coordinates": [139.7710692, 35.6904668]}, "properties": {"id": "place-2570", "name": "博栄ビル", "category": "building"}}, {"type": "Feature", "geometry": {"type": "Point", "coordinates": [139.7721947, 35.6911312]}, "properties": {"id": "place-2571", "name": "神田高野ビル", "category": "building"}}, {"type": "Feature", "geometry": {"type": "Point", "coordinates": [139.7697981, 35.6933459]}, "properties": {"id": "place-2572", "name": "日立パワーソリューションズ", "category": "building"}}, {"type": "Feature", "geometry": {"type": "Point", "coordinates": [139.7709708, 35.6929279]}, "properties": {"id": "place-2573", "name": "Kanda ex.", "category": "building"}}, {"type": "Feature", "geometry": {"type": "Point", "coordinates": [139.768348, 35.6903582]}, "properties": {"id": "place-2574", "name": "松楠ビル", "category": "building"}}, {"type": "Feature", "geometry": {"type": "Point", "coordinates": [139.7690195, 35.6936885]}, "properties": {"id": "place-2575", "name": "大橋ビル", "category": "building"}}, {"type": "Feature", "geometry": {"type": "Point", "coordinates": [139.7722514, 35.6911915]}, "properties": {"id": "place-2576", "name": "神田センタービルディング", "category": "building"}}, {"type": "Feature", "geometry": {"type": "Point", "coordinates": [139.7682158, 35.6904051]}, "properties": {"id": "place-2577", "name": "浅野屋ビル", "category": "building"}}, {"type": "Feature", "geometry": {"type": "Point", "coordinates": [139.7709736, 35.6904246]}, "properties": {"id": "place-2578", "name": "五番館ビル", "category": "building"}}, {"type": "Feature", "geometry": {"type": "Point", "coordinates": [139.7674182, 35.6904763]}, "properties": {"id": "place-2579", "name": "巴屋ビル", "category": "building"}}, {"type": "Feature", "geometry": {"type": "Point", "coordinates": [139.7714593, 35.6891951]}, "properties": {"id": "place-2580", "name": "Kyodo Bld.", "category": "building"}}, {"type": "Feature", "geometry": {"type": "Point", "coordinates": [139.7698071, 35.6932364]}, "properties": {"id": "place-2581", "name": "No.3 ハヤカワBldg.", "category": "building"}}, {"type": "Feature", "geometry": {"type": "Point", "coordinates": [139.7718546, 35.69056]}, "properties": {"id": "place-2582", "name": "KCAビル", "category": "building"}}, {"type": "Feature", "geometry": {"type": "Point", "coordinates": [139.7714979, 35.6905839]}, "properties": {"id": "place-2583", "name": "ヒルトップ神田ビル", "category": "building"}}, {"type": "Feature", "geometry": {"type": "Point", "coordinates": [139.7686179, 35.6903714]}, "properties": {"id": "place-2584", "name": "互興ビル", "category": "building"}}, {"type": "Feature", "geometry": {"type": "Point", "coordinates": [139.7698042, 35.6931061]}, "properties": {"id": "place-2585", "name": "千代田ビル", "category": "building"}}, {"type": "Feature", "geometry": {"type": "Point", "coordinates": [139.7691799, 35.6937547]}, "properties": {"id": "place-2586", "name": "翔和多町ビル", "category": "building"}}, {"type": "Feature", "geometry": {"type": "Point", "coordinates": [139.7708369, 35.6929089]}, "properties": {"id": "place-2587", "name": "小鍛冶ビル", "category": "building"}}, {"type": "Feature", "geometry": {"type": "Point", "coordinates": [139.7709327, 35.69283]}, "properties": {"id": "place-2588", "name": "石福ビル", "category": "building"}}, {"type": "Feature", "geometry": {"type": "Point", "coordinates": [139.7711963, 35.6904998]}, "properties": {"id": "place-2589", "name": "神田美須ビル", "category": "building"}}, {"type": "Feature", "geometry": {"type": "Point", "coordinates": [139.7726473, 35.692605]}, "properties": {"id": "place-2590", "name": "メディカルプライム神田", "category": "building"}}, {"type": "Feature", "geometry": {"type": "Point", "coordinates": [139.7681232, 35.6918467]}, "properties": {"id": "place-2591", "name": "竹橋ビル", "category": "building"}}, {"type": "Feature", "geometry": {"type": "Point", "coordinates": [139.7640083, 35.6936171]}, "properties": {"id": "place-2592", "name": "アーク錦町ビル", "category": "building"}}, {"type": "Feature", "geometry": {"type": "Point", "coordinates": [139.7655747, 35.6901896]}, "properties": {"id": "place-2593", "name": "大手町新誠ビル", "category": "building"}}, {"type": "Feature", "geometry": {"type": "Point", "coordinates": [139.7659124, 35.6903118]}, "properties": {"id": "place-2594", "name": "エステムプラザ丸の内 NORTH RISE", "category": "building"}}, {"type": "Feature", "geometry": {"type": "Point", "coordinates": [139.7664479, 35.6899565]}, "properties": {"id": "place-2595", "name": "太陽ビル", "category": "building"}}, {"type": "Feature", "geometry": {"type": "Point", "coordinates": [139.7659309, 35.6903764]}, "properties": {"id": "place-2596", "name": "小山第二ビル", "category": "building"}}, {"type": "Feature", "geometry": {"type": "Point", "coordinates": [139.7659443, 35.6899234]}, "properties": {"id": "place-2597", "name": "トライエム大手町ビル", "category": "building"}}, {"type": "Feature", "geometry": {"type": "Point", "coordinates": [139.7680959, 35.6914927]}, "properties": {"id": "place-2598", "name": "北川ビル", "category": "building"}}, {"type": "Feature", "geometry": {"type": "Point", "coordinates": [139.7658854, 35.6901757]}, "properties": {"id": "place-2599", "name": "ミヤコビル", "category": "building"}}, {"type": "Feature", "geometry": {"type": "Point", "coordinates": [139.7615071, 35.6930239]}, "properties": {"id": "place-2600", "name": "浜田ビル", "category": "building"}}, {"type": "Feature", "geometry": {"type": "Point", "coordinates": [139.761394, 35.6932896]}, "properties": {"id": "place-2601", "name": "錦三ビル", "category": "building"}}, {"type": "Feature", "geometry": {"type": "Point", "coordinates": [139.7619606, 35.6940679]}, "properties": {"id": "place-2602", "name": "BIZCORE神保町", "category": "building"}}, {"type": "Feature", "geometry": {"type": "Point", "coordinates": [139.7655855, 35.6902947]}, "properties": {"id": "place-2603", "name": "レイアード大手町ビル", "category": "building"}}, {"type": "Feature", "geometry": {"type": "Point", "coordinates": [139.7660404, 35.6905022]}, "properties": {"id": "place-2604", "name": "北大手町スクエア", "category": "building"}}, {"type": "Feature", "geometry": {"type": "Point", "coordinates": [139.7661332, 35.6906209]}, "properties": {"id": "place-2605", "name": "村田ビル", "category": "building"}}, {"type": "Feature", "geometry": {"type": "Point", "coordinates": [139.7675649, 35.6913391]}, "properties": {"id": "place-2606", "name": "翔和No.8神田ビル", "category": "building"}}, {"type": "Feature", "geometry": {"type": "Point", "coordinates": [139.7663726, 35.6901452]}, "properties": {"id": "place-2607", "name": "長谷川ビル", "category": "building"}}, {"type": "Feature", "geometry": {"type": "Point", "coordinates": [139.7655992, 35.6907159]}, "properties": {"id": "place-2608", "name": "松苗ビル", "category": "building"}}, {"type": "Feature", "geometry": {"type": "Point", "coordinates": [139.7658462, 35.6900173]}, "properties": {"id": "place-2609", "name": "KATOBLD", "category": "building"}}, {"type": "Feature", "geometry": {"type": "Point", "coordinates": [139.7664105, 35.6898333]}, "properties": {"id": "place-2610", "name": "南特許ビルヂング", "category": "building"}}, {"type": "Feature", "geometry": {"type": "Point", "coordinates": [139.7614042, 35.6934526]}, "properties": {"id": "place-2611", "name": "ほぼ日神田ビル", "category": "building"}}, {"type": "Feature", "geometry": {"type": "Point", "coordinates": [139.7658238, 35.6899201]}, "properties": {"id": "place-2612", "name": "平野ビル", "category": "building"}}, {"type": "Feature", "geometry": {"type": "Point", "coordinates": [139.7657187, 35.690502]}, "properties": {"id": "place-2613", "name": "藤田ビル", "category": "building"}}, {"type": "Feature", "geometry": {"type": "Point", "coordinates": [139.7614423, 35.693031]}, "properties": {"id": "place-2614", "name": "神田近藤ビル", "category": "building"}}, {"type": "Feature", "geometry": {"type": "Point", "coordinates": [139.7656336, 35.6899479]}, "properties": {"id": "place-2615", "name": "ステイト 大手町", "category": "building"}}, {"type": "Feature", "geometry": {"type": "Point", "coordinates": [139.7680027, 35.6913568]}, "properties": {"id": "place-2616", "name": "タイムズ", "category": "amenity"}}, {"type": "Feature", "geometry": {"type": "Point", "coordinates": [139.7616421, 35.6930034]}, "properties": {"id": "place-2617", "name": "KT 第 2 ビル", "category": "building"}}, {"type": "Feature", "geometry": {"type": "Point", "coordinates": [139.7665919, 35.6905742]}, "properties": {"id": "place-2618", "name": "大手町佐野ビルディング", "category": "building"}}, {"type": "Feature", "geometry": {"type": "Point", "coordinates": [139.7665312, 35.6901259]}, "properties": {"id": "place-2619", "name": "鎌倉橋 BLDG.", "category": "building"}}, {"type": "Feature", "geometry": {"type": "Point", "coordinates": [139.7662964, 35.6899149]}, "properties": {"id": "place-2620", "name": "MIFビル", "category": "building"}}, {"type": "Feature", "geometry": {"type": "Point", "coordinates": [139.7656735, 35.6904295]}, "properties": {"id": "place-2621", "name": "CRC北大手町BLDG.", "category": "building"}}, {"type": "Feature", "geometry": {"type": "Point", "coordinates": [139.7666354, 35.6908688]}, "properties": {"id": "place-2622", "name": "平富ビル", "category": "building"}}, {"type": "Feature", "geometry": {"type": "Point", "coordinates": [139.7624962, 35.6919175]}, "properties": {"id": "place-2623", "name": "アシスト竹橋ビル", "category": "building"}}, {"type": "Feature", "geometry": {"type": "Point", "coordinates": [139.766709, 35.6901597]}, "properties": {"id": "place-2624", "name": "三井ビル", "category": "building"}}, {"type": "Feature", "geometry": {"type": "Point", "coordinates": [139.7668223, 35.6905065]}, "properties": {"id": "place-2625", "name": "ホテルヴィラフォンテーヌ大手町", "category": "building"}}, {"type": "Feature", "geometry": {"type": "Point", "coordinates": [139.766045, 35.6898974]}, "properties": {"id": "place-2626", "name": "第2福利久ビル", "category": "building"}}, {"type": "Feature", "geometry": {"type": "Point", "coordinates": [139.7624151, 35.6909266]}, "properties": {"id": "place-2627", "name": "TG安田ビル", "category": "building"}}, {"type": "Feature", "geometry": {"type": "Point", "coordinates": [139.7613779, 35.6930897]}, "properties": {"id": "place-2628", "name": "寿ビル", "category": "building"}}, {"type": "Feature", "geometry": {"type": "Point", "coordinates": [139.7646001, 35.6926939]}, "properties": {"id": "place-2629", "name": "ヒューリック錦町ビル", "category": "building"}}, {"type": "Feature", "geometry": {"type": "Point", "coordinates": [139.7666335, 35.6898638]}, "properties": {"id": "place-2630", "name": "KASAHARA BUILDING", "category": "building"}}, {"type": "Feature", "geometry": {"type": "Point", "coordinates": [139.7617533, 35.6930243]}, "properties": {"id": "place-2631", "name": "神田竹尾ビル", "category": "building"}}, {"type": "Feature", "geometry": {"type": "Point", "coordinates": [139.7692725, 35.6946211]}, "properties": {"id": "place-2632", "name": "Tokyo Marks", "category": "building"}}, {"type": "Feature", "geometry": {"type": "Point", "coordinates": [139.768278, 35.6940504]}, "properties": {"id": "place-2633", "name": "Act Terrace", "category": "building"}}, {"type": "Feature", "geometry": {"type": "Point", "coordinates": [139.7667477, 35.6941422]}, "properties": {"id": "place-2634", "name": "田中ビル", "category": "building"}}, {"type": "Feature", "geometry": {"type": "Point", "coordinates": [139.7662948, 35.693567]}, "properties": {"id": "place-2635", "name": "岡田ビル", "category": "building"}}, {"type": "Feature", "geometry": {"type": "Point", "coordinates": [139.7662148, 35.693577]}, "properties": {"id": "place-2636", "name": "タイムズ", "category": "amenity"}}, {"type": "Feature", "geometry": {"type": "Point", "coordinates": [139.7666484, 35.6940942]}, "properties": {"id": "place-2637", "name": "第二進森ビル", "category": "building"}}, {"type": "Feature", "geometry": {"type": "Point", "coordinates": [139.7683339, 35.6937542]}, "properties": {"id": "place-2638", "name": "稲垣司町ビル", "category": "building"}}, {"type": "Feature", "geometry": {"type": "Point", "coordinates": [139.7643548, 35.6938048]}, "properties": {"id": "place-2639", "name": "CODEN Bldg.", "category": "building"}}, {"type": "Feature", "geometry": {"type": "Point", "coordinates": [139.7681305, 35.6934902]}, "properties": {"id": "place-2640", "name": "八ツ手屋", "category": "building"}}, {"type": "Feature", "geometry": {"type": "Point", "coordinates": [139.766499, 35.69363]}, "properties": {"id": "place-2641", "name": "新商神田ビル", "category": "building"}}, {"type": "Feature", "geometry": {"type": "Point", "coordinates": [139.7659931, 35.693628]}, "properties": {"id": "place-2642", "name": "神田KMビル", "category": "building"}}, {"type": "Feature", "geometry": {"type": "Point", "coordinates": [139.7700627, 35.6942148]}, "properties": {"id": "place-2643", "name": "三井のリパーク", "category": "amenity"}}, {"type": "Feature", "geometry": {"type": "Point", "coordinates": [139.768018, 35.694359]}, "properties": {"id": "place-2644", "name": "Park Side 7", "category": "building"}}, {"type": "Feature", "geometry": {"type": "Point", "coordinates": [139.7657714, 35.6936484]}, "properties": {"id": "place-2645", "name": "日宝神田淡路町ビル", "category": "building"}}, {"type": "Feature", "geometry": {"type": "Point", "coordinates": [139.7660618, 35.6936002]}, "properties": {"id": "place-2646", "name": "ニチヨビル", "category": "building"}}, {"type": "Feature", "geometry": {"type": "Point", "coordinates": [139.7642212, 35.693821]}, "properties": {"id": "place-2647", "name": "神田錦町ビル", "category": "building"}}, {"type": "Feature", "geometry": {"type": "Point", "coordinates": [139.7668127, 35.6941828]}, "properties": {"id": "place-2648", "name": "川乱神田司町ビル", "category": "building"}}, {"type": "Feature", "geometry": {"type": "Point", "coordinates": [139.7687878, 35.6946898]}, "properties": {"id": "place-2649", "name": "セキビル", "category": "building"}}, {"type": "Feature", "geometry": {"type": "Point", "coordinates": [139.7644608, 35.6937954]}, "properties": {"id": "place-2650", "name": "立花日英ビル", "category": "building"}}, {"type": "Feature", "geometry": {"type": "Point", "coordinates": [139.7687727, 35.6947383]}, "properties": {"id": "place-2651", "name": "青木ビル", "category": "building"}}, {"type": "Feature", "geometry": {"type": "Point", "coordinates": [139.7682708, 35.6935274]}, "properties": {"id": "place-2652", "name": "第二小林ビル", "category": "building"}}, {"type": "Feature", "geometry": {"type": "Point", "coordinates": [139.7700318, 35.6942851]}, "properties": {"id": "place-2653", "name": "鈴木ビル", "category": "building"}}, {"type": "Feature", "geometry": {"type": "Point", "coordinates": [139.767654, 35.6932806]}, "properties": {"id": "place-2654", "name": "小山ビル", "category": "building"}}, {"type": "Feature", "geometry": {"type": "Point", "coordinates": [139.7658776, 35.69391]}, "properties": {"id": "place-2655", "name": "日経タイプビル", "category": "building"}}, {"type": "Feature", "geometry": {"type": "Point", "coordinates": [139.7680703, 35.6934718]}, "properties": {"id": "place-2656", "name": "至誠堂ビル", "category": "building"}}, {"type": "Feature", "geometry": {"type": "Point", "coordinates": [139.7661427, 35.6936181]}, "properties": {"id": "place-2657", "name": "SK美土代町ビル", "category": "building"}}, {"type": "Feature", "geometry": {"type": "Point", "coordinates": [139.76799, 35.6944198]}, "properties": {"id": "place-2658", "name": "第一ビル", "category": "building"}}, {"type": "Feature", "geometry": {"type": "Point", "coordinates": [139.7670405, 35.6934848]}, "properties": {"id": "place-2659", "name": "IMAI BLDG.", "category": "building"}}, {"type": "Feature", "geometry": {"type": "Point", "coordinates": [139.7640024, 35.6937796]}, "properties": {"id": "place-2660", "name": "市村ビル", "category": "building"}}, {"type": "Feature", "geometry": {"type": "Point", "coordinates": [139.7668837, 35.6941871]}, "properties": {"id": "place-2661", "name": "山正ビル", "category": "building"}}, {"type": "Feature", "geometry": {"type": "Point", "coordinates": [139.768278, 35.694516]}, "properties": {"id": "place-2662", "name": "神田司町国土ビル", "category": "building"}}, {"type": "Feature", "geometry": {"type": "Point", "coordinates": [139.7669813, 35.6935172]}, "properties": {"id": "place-2663", "name": "セントラル千代田", "category": "building"}}, {"type": "Feature", "geometry": {"type": "Point", "coordinates": [139.7680169, 35.6945549]}, "properties": {"id": "place-2664", "name": "安和司町ビル", "category": "building"}}, {"type": "Feature", "geometry": {"type": "Point", "coordinates": [139.7671334, 35.6934793]}, "properties": {"id": "place-2665", "name": "ディーキューブビル", "category": "building"}}, {"type": "Feature", "geometry": {"type": "Point", "coordinates": [139.7683416, 35.6939651]}, "properties": {"id": "place-2666", "name": "Gala City Kanda Awajicho", "category": "building"}}, {"type": "Feature", "geometry": {"type": "Point", "coordinates": [139.7692376, 35.6947819]}, "properties": {"id": "place-2667", "name": "Presso Inn", "category": "building"}}, {"type": "Feature", "geometry": {"type": "Point", "coordinates": [139.7645476, 35.694678]}, "properties": {"id": "place-2668", "name": "UIビル", "category": "building"}}, {"type": "Feature", "geometry": {"type": "Point", "coordinates": [139.7686565, 35.6906276]}, "properties": {"id": "place-2669", "name": "KDXレジデンス神田", "category": "building"}}, {"type": "Feature", "geometry": {"type": "Point", "coordinates": [139.7693284, 35.6910461]}, "properties": {"id": "place-2670", "name": "大熊ビル", "category": "building"}}, {"type": "Feature", "geometry": {"type": "Point", "coordinates": [139.7690168, 35.6900938]}, "properties": {"id": "place-2671", "name": "新千代田ビル", "category": "building"}}, {"type": "Feature", "geometry": {"type": "Point", "coordinates": [139.7693519, 35.6909339]}, "properties": {"id": "place-2672", "name": "神栄ビル", "category": "building"}}, {"type": "Feature", "geometry": {"type": "Point", "coordinates": [139.7724154, 35.6890154]}, "properties": {"id": "place-2673", "name": "柳屋太洋ビル", "category": "building"}}, {"type": "Feature", "geometry": {"type": "Point", "coordinates": [139.7647928, 35.6947743]}, "properties": {"id": "place-2674", "name": "Ogawamachi B5 Bld.", "category": "building"}}, {"type": "Feature", "geometry": {"type": "Point", "coordinates": [139.7694672, 35.6903291]}, "properties": {"id": "place-2675", "name": "竹島ビル", "category": "building"}}, {"type": "Feature", "geometry": {"type": "Point", "coordinates": [139.7673802, 35.690721]}, "properties": {"id": "place-2676", "name": "島田ビル", "category": "building"}}, {"type": "Feature", "geometry": {"type": "Point", "coordinates": [139.7681393, 35.6907817]}, "properties": {"id": "place-2677", "name": "宝栄内神田ビル", "category": "building"}}, {"type": "Feature", "geometry": {"type": "Point", "coordinates": [139.7669252, 35.6908053]}, "properties": {"id": "place-2678", "name": "柿沼ビル", "category": "building"}}, {"type": "Feature", "geometry": {"type": "Point", "coordinates": [139.7685046, 35.6906152]}, "properties": {"id": "place-2679", "name": "新東ビル", "category": "building"}}, {"type": "Feature", "geometry": {"type": "Point", "coordinates": [139.7691167, 35.6910539]}, "properties": {"id": "place-2680", "name": "鉄鋼新聞ビル", "category": "building"}}, {"type": "Feature", "geometry": {"type": "Point", "coordinates": [139.7667923, 35.690798]}, "properties": {"id": "place-2681", "name": "栗山ビル", "category": "building"}}, {"type": "Feature", "geometry": {"type": "Point", "coordinates": [139.7695323, 35.6903176]}, "properties": {"id": "place-2682", "name": "上田ビル", "category": "building"}}, {"type": "Feature", "geometry": {"type": "Point", "coordinates": [139.7667364, 35.690802]}, "properties": {"id": "place-2683", "name": "TYDビル", "category": "building"}}, {"type": "Feature", "geometry": {"type": "Point", "coordinates": [139.7690303, 35.6902857]}, "properties": {"id": "place-2684", "name": "林東京第一ビル", "category": "building"}}, {"type": "Feature", "geometry": {"type": "Point", "coordinates": [139.769265, 35.6903063]}, "properties": {"id": "place-2685", "name": "戸羽ビル", "category": "building"}}, {"type": "Feature", "geometry": {"type": "Point", "coordinates": [139.7693173, 35.6905742]}, "properties": {"id": "place-2686", "name": "大畜ビル", "category": "building"}}, {"type": "Feature", "geometry": {"type": "Point", "coordinates": [139.7676461, 35.6907181]}, "properties": {"id": "place-2687", "name": "Uビル", "category": "building"}}, {"type": "Feature", "geometry": {"type": "Point", "coordinates": [139.7691675, 35.6909372]}, "properties": {"id": "place-2688", "name": "喜助神田西口ビル", "category": "building"}}, {"type": "Feature", "geometry": {"type": "Point", "coordinates": [139.7647343, 35.6947499]}, "properties": {"id": "place-2689", "name": "Rainbow Bldg", "category": "building"}}, {"type": "Feature", "geometry": {"type": "Point", "coordinates": [139.7682016, 35.6910607]}, "properties": {"id": "place-2690", "name": "祥司ビル", "category": "building"}}, {"type": "Feature", "geometry": {"type": "Point", "coordinates": [139.7673651, 35.6908537]}, "properties": {"id": "place-2691", "name": "内神田金子ビル", "category": "building"}}, {"type": "Feature", "geometry": {"type": "Point", "coordinates": [139.7682692, 35.6907304]}, "properties": {"id": "place-2692", "name": "山田ビル", "category": "building"}}, {"type": "Feature", "geometry": {"type": "Point", "coordinates": [139.7685717, 35.6906528]}, "properties": {"id": "place-2693", "name": "片山ビル", "category": "building"}}, {"type": "Feature", "geometry": {"type": "Point", "coordinates": [139.768753, 35.6905892]}, "properties": {"id": "place-2694", "name": "浅井ビル", "category": "building"}}, {"type": "Feature", "geometry": {"type": "Point", "coordinates": [139.7712753, 35.6886132]}, "properties": {"id": "place-2695", "name": "Matsuya BLD.", "category": "building"}}, {"type": "Feature", "geometry": {"type": "Point", "coordinates": [139.7687848, 35.6892972]}, "properties": {"id": "place-2696", "name": "いちご内神田ビル", "category": "building"}}, {"type": "Feature", "geometry": {"type": "Point", "coordinates": [139.7693144, 35.6885642]}, "properties": {"id": "place-2697", "name": "エネオス", "category": "building"}}, {"type": "Feature", "geometry": {"type": "Point", "coordinates": [139.7672855, 35.690736]}, "properties": {"id": "place-2698", "name": "みまさかビル", "category": "building"}}, {"type": "Feature", "geometry": {"type": "Point", "coordinates": [139.7691133, 35.6903204]}, "properties": {"id": "place-2699", "name": "FUJI ELEVATOR BUILDING", "category": "building"}}, {"type": "Feature", "geometry": {"type": "Point", "coordinates": [139.7654346, 35.6950498]}, "properties": {"id": "place-2700", "name": "VORT神田小川町", "category": "building"}}, {"type": "Feature", "geometry": {"type": "Point", "coordinates": [139.7677635, 35.6907594]}, "properties": {"id": "place-2701", "name": "不動前ビル", "category": "building"}}, {"type": "Feature", "geometry": {"type": "Point", "coordinates": [139.7700664, 35.6905031]}, "properties": {"id": "place-2702", "name": "さんしんヒロセビル", "category": "building"}}, {"type": "Feature", "geometry": {"type": "Point", "coordinates": [139.7681217, 35.6906589]}, "properties": {"id": "place-2703", "name": "山口ビル", "category": "building"}}, {"type": "Feature", "geometry": {"type": "Point", "coordinates": [139.7684574, 35.690722]}, "properties": {"id": "place-2704", "name": "相鉄フレッサイン", "category": "building"}}, {"type": "Feature", "geometry": {"type": "Point", "coordinates": [139.7690999, 35.6905876]}, "properties": {"id": "place-2705", "name": "矢萩第2ビル", "category": "building"}}, {"type": "Feature", "geometry": {"type": "Point", "coordinates": [139.769157, 35.6907422]}, "properties": {"id": "place-2706", "name": "大同ビル", "category": "building"}}, {"type": "Feature", "geometry": {"type": "Point", "coordinates": [139.7707921, 35.6946655]}, "properties": {"id": "place-2707", "name": "AKビル", "category": "building"}}, {"type": "Feature", "geometry": {"type": "Point", "coordinates": [139.7682259, 35.6796229]}, "properties": {"id": "place-2708", "name": "東京駅八重洲南口", "category": "amenity"}}, {"type": "Feature", "geometry": {"type": "Point", "coordinates": [139.7679281, 35.6839744]}, "properties": {"id": "place-2709", "name": "東北本線", "category": "railway"}}, {"type": "Feature", "geometry": {"type": "Point", "coordinates": [139.7715316, 35.6926942]}, "properties": {"id": "place-2710", "name": "JR東北本線", "category": "railway"}}, {"type": "Feature", "geometry": {"type": "Point", "coordinates": [139.7731811, 35.6875895]}, "properties": {"id": "place-2711", "name": "海老屋ビル", "category": "building"}}, {"type": "Feature", "geometry": {"type": "Point", "coordinates": [139.7649091, 35.6843457]}, "properties": {"id": "place-2712", "name": "丸の内永楽ビルディング", "category": "building"}}, {"type": "Feature", "geometry": {"type": "Point", "coordinates": [139.7631636, 35.6784664]}, "properties": {"id": "place-2713", "name": "三菱一号館", "category": "building"}}, {"type": "Feature", "geometry": {"type": "Point", "coordinates": [139.7622484, 35.6887374]}, "properties": {"id": "place-2714", "name": "日本経済新聞社", "category": "building"}}, {"type": "Feature", "geometry": {"type": "Point", "coordinates": [139.7608297, 35.6933394]}, "properties": {"id": "place-2715", "name": "錦町トラッドスクエア", "category": "building"}}, {"type": "Feature", "geometry": {"type": "Point", "coordinates": [139.7622566, 35.6844833]}, "properties": {"id": "place-2716", "name": "日本生命大手町ビル", "category": "building"}}, {"type": "Feature", "geometry": {"type": "Point", "coordinates": [139.7637721, 35.6856245]}, "properties": {"id": "place-2717", "name": "大手町ファーストスクエアウェストタワー", "category": "building"}}, {"type": "Feature", "geometry": {"type": "Point", "coordinates": [139.7642736, 35.6858318]}, "properties": {"id": "place-2718", "name": "大手町ファーストスクエアイーストタワー", "category": "building"}}, {"type": "Feature", "geometry": {"type": "Point", "coordinates": [139.7674546, 35.6822152]}, "properties": {"id": "place-2719", "name": "東北本線", "category": "railway"}}, {"type": "Feature", "geometry": {"type": "Point", "coordinates": [139.7665687, 35.6804458]}, "properties": {"id": "place-2720", "name": "東海道本線", "category": "railway"}}, {"type": "Feature", "geometry": {"type": "Point", "coordinates": [139.7677239, 35.6834613]}, "properties": {"id": "place-2721", "name": "東北本線", "category": "railway"}}, {"type": "Feature", "geometry": {"type": "Point", "coordinates": [139.7678441, 35.6837624]}, "properties": {"id": "place-2722", "name": "東北本線", "category": "railway"}}, {"type": "Feature", "geometry": {"type": "Point", "coordinates": [139.7677799, 35.6834542]}, "properties": {"id": "place-2723", "name": "東北本線", "category": "railway"}}, {"type": "Feature", "geometry": {"type": "Point", "coordinates": [139.7688215, 35.6857332]}, "properties": {"id": "place-2724", "name": "東北新幹線", "category": "railway"}}, {"type": "Feature", "geometry": {"type": "Point", "coordinates": [139.7688243, 35.6857291]}, "properties": {"id": "place-2725", "name": "東北新幹線", "category": "railway"}}, {"type": "Feature", "geometry": {"type": "Point", "coordinates": [139.7682342, 35.6843133]}, "properties": {"id": "place-2726", "name": "東北新幹線", "category": "railway"}}, {"type": "Feature", "geometry": {"type": "Point", "coordinates": [139.7680239, 35.6842252]}, "properties": {"id": "place-2727", "name": "JR東北本線", "category": "railway"}}, {"type": "Feature", "geometry": {"type": "Point", "coordinates": [139.7679084, 35.6838117]}, "properties": {"id": "place-2728", "name": "東北本線", "category": "railway"}}, {"type": "Feature", "geometry": {"type": "Point", "coordinates": [139.7680633, 35.6842166]}, "properties": {"id": "place-2729", "name": "JR東北本線", "category": "railway"}}, {"type": "Feature", "geometry": {"type": "Point", "coordinates": [139.7682908, 35.6848707]}, "properties": {"id": "place-2730", "name": "JR東北本線", "category": "railway"}}, {"type": "Feature", "geometry": {"type": "Point", "coordinates": [139.7656539, 35.6778147]}, "properties": {"id": "place-2731", "name": "東海道本線", "category": "railway"}}, {"type": "Feature", "geometry": {"type": "Point", "coordinates": [139.7677519, 35.6842919]}, "properties": {"id": "place-2732", "name": "中央本線", "category": "railway"}}, {"type": "Feature", "geometry": {"type": "Point", "coordinates": [139.7677938, 35.6842828]}, "properties": {"id": "place-2733", "name": "中央本線", "category": "railway"}}, {"type": "Feature", "geometry": {"type": "Point", "coordinates": [139.7665469, 35.6814732]}, "properties": {"id": "place-2734", "name": "中央本線", "category": "railway"}}, {"type": "Feature", "geometry": {"type": "Point", "coordinates": [139.7664847, 35.6814942]}, "properties": {"id": "place-2735", "name": "中央本線", "category": "railway"}}, {"type": "Feature", "geometry": {"type": "Point", "coordinates": [139.767925, 35.6824796]}, "properties": {"id": "place-2736", "name": "東北新幹線", "category": "railway"}}, {"type": "Feature", "geometry": {"type": "Point", "coordinates": [139.7682894, 35.6841646]}, "properties": {"id": "place-2737", "name": "東北新幹線", "category": "railway"}}, {"type": "Feature", "geometry": {"type": "Point", "coordinates": [139.7682375, 35.6841762]}, "properties": {"id": "place-2738", "name": "東北新幹線", "category": "railway"}}, {"type": "Feature", "geometry": {"type": "Point", "coordinates": [139.7684118, 35.6846674]}, "properties": {"id": "place-2739", "name": "東北新幹線", "category": "railway"}}, {"type": "Feature", "geometry": {"type": "Point", "coordinates": [139.763583, 35.6846659]}, "properties": {"id": "place-2740", "name": "三井住友銀行東館", "category": "building"}}, {"type": "Feature", "geometry": {"type": "Point", "coordinates": [139.7630932, 35.6790198]}, "properties": {"id": "place-2741", "name": "丸の内パークビルディング", "category": "building"}}, {"type": "Feature", "geometry": {"type": "Point", "coordinates": [139.7670813, 35.6819088]}, "properties": {"id": "place-2742", "name": "東北本線", "category": "railway"}}, {"type": "Feature", "geometry": {"type": "Point", "coordinates": [139.7667227, 35.6800674]}, "properties": {"id": "place-2743", "name": "東海道本線", "category": "railway"}}, {"type": "Feature", "geometry": {"type": "Point", "coordinates": [139.7595915, 35.692071]}, "properties": {"id": "place-2744", "name": "Bella Vista Takebashi", "category": "building"}}, {"type": "Feature", "geometry": {"type": "Point", "coordinates": [139.7606919, 35.6918995]}, "properties": {"id": "place-2745", "name": "廣瀬ビル", "category": "building"}}, {"type": "Feature", "geometry": {"type": "Point", "coordinates": [139.7607164, 35.6922328]}, "properties": {"id": "place-2746", "name": "NMF竹橋ビル", "category": "building"}}, {"type": "Feature", "geometry": {"type": "Point", "coordinates": [139.7615302, 35.6925803]}, "properties": {"id": "place-2747", "name": "私立 正則学園 高等学校", "category": "amenity"}}, {"type": "Feature", "geometry": {"type": "Point", "coordinates": [139.7619668, 35.6925152]}, "properties": {"id": "place-2748", "name": "私立 錦城学園 高等学校", "category": "amenity"}}, {"type": "Feature", "geometry": {"type": "Point", "coordinates": [139.762124, 35.6932704]}, "properties": {"id": "place-2749", "name": "ランドステージお茶の水", "category": "building"}}, {"type": "Feature", "geometry": {"type": "Point", "coordinates": [139.7624641, 35.6929454]}, "properties": {"id": "place-2750", "name": "千代田印刷会館", "category": "building"}}, {"type": "Feature", "geometry": {"type": "Point", "coordinates": [139.7624277, 35.6931504]}, "properties": {"id": "place-2751", "name": "藤和神田錦町ビル", "category": "building"}}, {"type": "Feature", "geometry": {"type": "Point", "coordinates": [139.762448, 35.6932584]}, "properties": {"id": "place-2752", "name": "御茶ノ水 駿河台参番館", "category": "building"}}, {"type": "Feature", "geometry": {"type": "Point", "coordinates": [139.7613698, 35.6937475]}, "properties": {"id": "place-2753", "name": "AIR 3331 Studio", "category": "building"}}, {"type": "Feature", "geometry": {"type": "Point", "coordinates": [139.7615382, 35.6937419]}, "properties": {"id": "place-2754", "name": "五十嵐ビル", "category": "building"}}, {"type": "Feature", "geometry": {"type": "Point", "coordinates": [139.7613253, 35.6936321]}, "properties": {"id": "place-2755", "name": "（仮称）神田錦町 3 丁目プロジェクト", "category": "building"}}, {"type": "Feature", "geometry": {"type": "Point", "coordinates": [139.7613037, 35.6935528]}, "properties": {"id": "place-2756", "name": "内藤医院", "category": "building"}}, {"type": "Feature", "geometry": {"type": "Point", "coordinates": [139.7620056, 35.693526]}, "properties": {"id": "place-2757", "name": "ローヤル錦町ビル", "category": "building"}}, {"type": "Feature", "geometry": {"type": "Point", "coordinates": [139.7625803, 35.6937234]}, "properties": {"id": "place-2758", "name": "錦町スクウェアビル", "category": "building"}}, {"type": "Feature", "geometry": {"type": "Point", "coordinates": [139.7626229, 35.6937547]}, "properties": {"id": "place-2759", "name": "石澤ビル", "category": "building"}}, {"type": "Feature", "geometry": {"type": "Point", "coordinates": [139.7625434, 35.6936066]}, "properties": {"id": "place-2760", "name": "山城第三ビル", "category": "building"}}, {"type": "Feature", "geometry": {"type": "Point", "coordinates": [139.762486, 35.693461]}, "properties": {"id": "place-2761", "name": "共同ビル", "category": "building"}}, {"type": "Feature", "geometry": {"type": "Point", "coordinates": [139.7625484, 35.6934143]}, "properties": {"id": "place-2762", "name": "御茶ノ水 駿河台弐番館", "category": "building"}}, {"type": "Feature", "geometry": {"type": "Point", "coordinates": [139.7623221, 35.6939448]}, "properties": {"id": "place-2763", "name": "木村ビル", "category": "building"}}, {"type": "Feature", "geometry": {"type": "Point", "coordinates": [139.7585758, 35.6914489]}, "properties": {"id": "place-2764", "name": "千代田区土木事務所", "category": "building"}}, {"type": "Feature", "geometry": {"type": "Point", "coordinates": [139.774799, 35.6836446]}, "properties": {"id": "place-2765", "name": "中央警察署日本橋交番", "category": "building"}}, {"type": "Feature", "geometry": {"type": "Point", "coordinates": [139.7768803, 35.6892276]}, "properties": {"id": "place-2766", "name": "BETTARA STAND 日本橋", "category": "building"}}, {"type": "Feature", "geometry": {"type": "Point", "coordinates": [139.7724187, 35.6817551]}, "properties": {"id": "place-2767", "name": "テイトビル", "category": "building"}}, {"type": "Feature", "geometry": {"type": "Point", "coordinates": [139.7727445, 35.6817424]}, "properties": {"id": "place-2768", "name": "損保ジャパン日本興亜日本橋ビル", "category": "building"}}, {"type": "Feature", "geometry": {"type": "Point", "coordinates": [139.7738263, 35.6813165]}, "properties": {"id": "place-2769", "name": "日本橋高島屋三井ビルディング・日本橋髙島屋S.C.新館", "category": "building"}}, {"type": "Feature", "geometry": {"type": "Point", "coordinates": [139.773942, 35.6873784]}, "properties": {"id": "place-2770", "name": "Yuito", "category": "building"}}, {"type": "Feature", "geometry": {"type": "Point", "coordinates": [139.7723151, 35.6937472]}, "properties": {"id": "place-2771", "name": "アパホテル", "category": "building"}}, {"type": "Feature", "geometry": {"type": "Point", "coordinates": [139.7724488, 35.6879048]}, "properties": {"id": "place-2772", "name": "日本橋室町三井タワー [COREDO室町テラス]", "category": "building"}}, {"type": "Feature", "geometry": {"type": "Point", "coordinates": [139.7726722, 35.6814214]}, "properties": {"id": "place-2773", "name": "日土地日本橋ビル", "category": "building"}}, {"type": "Feature", "geometry": {"type": "Point", "coordinates": [139.769551, 35.678146]}, "properties": {"id": "place-2774", "name": "第二荒川ビル", "category": "building"}}, {"type": "Feature", "geometry": {"type": "Point", "coordinates": [139.7713992, 35.6816071]}, "properties": {"id": "place-2775", "name": "井門八重洲ビル", "category": "building"}}, {"type": "Feature", "geometry": {"type": "Point", "coordinates": [139.7665096, 35.6899518]}, "properties": {"id": "place-2776", "name": "御宿稲荷神社", "category": "amenity"}}, {"type": "Feature", "geometry": {"type": "Point", "coordinates": [139.7694112, 35.6911722]}, "properties": {"id": "place-2777", "name": "佐竹稲荷神社", "category": "amenity"}}, {"type": "Feature", "geometry": {"type": "Point", "coordinates": [139.7738232, 35.6822397]}, "properties": {"id": "place-2778", "name": "ここ滋賀", "category": "building"}}, {"type": "Feature", "geometry": {"type": "Point", "coordinates": [139.7627019, 35.6872651]}, "properties": {"id": "place-2779", "name": "将門の首塚", "category": "amenity"}}, {"type": "Feature", "geometry": {"type": "Point", "coordinates": [139.7678293, 35.6933295]}, "properties": {"id": "place-2780", "name": "真徳稲荷神社", "category": "amenity"}}, {"type": "Feature", "geometry": {"type": "Point", "coordinates": [139.7680211, 35.6932252]}, "properties": {"id": "place-2781", "name": "神田消防団第二分団機材置場", "category": "building"}}, {"type": "Feature", "geometry": {"type": "Point", "coordinates": [139.7678943, 35.6924013]}, "properties": {"id": "place-2782", "name": "NPC", "category": "amenity"}}, {"type": "Feature", "geometry": {"type": "Point", "coordinates": [139.7676255, 35.6929952]}, "properties": {"id": "place-2783", "name": "神田警察署司町交番", "category": "building"}}, {"type": "Feature", "geometry": {"type": "Point", "coordinates": [139.7665376, 35.6937144]}, "properties": {"id": "place-2784", "name": "タイムズ", "category": "amenity"}}, {"type": "Feature", "geometry": {"type": "Point", "coordinates": [139.7652614, 35.6829868]}, "properties": {"id": "place-2785", "name": "東京駅M10出入口", "category": "building"}}, {"type": "Feature", "geometry": {"type": "Point", "coordinates": [139.762432, 35.6835772]}, "properties": {"id": "place-2786", "name": "丸の内警察署和田倉門外交番", "category": "building"}}, {"type": "Feature", "geometry": {"type": "Point", "coordinates": [139.7687741, 35.6860468]}, "properties": {"id": "place-2787", "name": "JR東北本線", "category": "railway"}}, {"type": "Feature", "geometry": {"type": "Point", "coordinates": [139.760398, 35.685884]}, "properties": {"id": "place-2788", "name": "大手門", "category": "building"}}, {"type": "Feature", "geometry": {"type": "Point", "coordinates": [139.7602607, 35.6860931]}, "properties": {"id": "place-2789", "name": "大手門", "category": "building"}}, {"type": "Feature", "geometry": {"type": "Point", "coordinates": [139.768436, 35.6931957]}, "properties": {"id": "place-2790", "name": "千代田区立 千代田小学校", "category": "amenity"}}, {"type": "Feature", "geometry": {"type": "Point", "coordinates": [139.7705507, 35.688283]}, "properties": {"id": "place-2791", "name": "中央区立 常盤小学校", "category": "amenity"}}, {"type": "Feature", "geometry": {"type": "Point", "coordinates": [139.7681755, 35.6812743]}, "properties": {"id": "place-2792", "name": "東京駅一番街", "category": "building"}}, {"type": "Feature", "geometry": {"type": "Point", "coordinates": [139.7739454, 35.6870355]}, "properties": {"id": "place-2793", "name": "YUITO ANNEX", "category": "building"}}, {"type": "Feature", "geometry": {"type": "Point", "coordinates": [139.7748653, 35.6868811]}, "properties": {"id": "place-2794", "name": "COREDO室町2 (室町古河三井ビルディング)", "category": "building"}}, {"type": "Feature", "geometry": {"type": "Point", "coordinates": [139.7744536, 35.6861394]}, "properties": {"id": "place-2795", "name": "Coredo室町3 (室町ちばぎん三井ビルディング)", "category": "building"}}, {"type": "Feature", "geometry": {"type": "Point", "coordinates": [139.7605047, 35.6926356]}, "properties": {"id": "place-2796", "name": "警視庁神田警察署庁舎", "category": "building"}}, {"type": "Feature", "geometry": {"type": "Point", "coordinates": [139.7698616, 35.6894539]}, "properties": {"id": "place-2797", "name": "中央本線", "category": "railway"}}, {"type": "Feature", "geometry": {"type": "Point", "coordinates": [139.769852, 35.6893233]}, "properties": {"id": "place-2798", "name": "中央本線", "category": "railway"}}, {"type": "Feature", "geometry": {"type": "Point", "coordinates": [139.7699138, 35.6894713]}, "properties": {"id": "place-2799", "name": "中央本線", "category": "railway"}}, {"type": "Feature", "geometry": {"type": "Point", "coordinates": [139.7697999, 35.6893061]}, "properties": {"id": "place-2800", "name": "中央本線", "category": "railway"}}, {"type": "Feature", "geometry": {"type": "Point", "coordinates": [139.7706948, 35.6943074]}, "properties": {"id": "place-2801", "name": "都営地下鉄新宿線", "category": "railway"}}, {"type": "Feature", "geometry": {"type": "Point", "coordinates": [139.7608405, 35.6914418]}, "properties": {"id": "place-2802", "name": "東京メトロ半蔵門線", "category": "railway"}}, {"type": "Feature", "geometry": {"type": "Point", "coordinates": [139.7707132, 35.6943413]}, "properties": {"id": "place-2803", "name": "都営地下鉄新宿線", "category": "railway"}}, {"type": "Feature", "geometry": {"type": "Point", "coordinates": [139.7581803, 35.6901995]}, "properties": {"id": "place-2804", "name": "竹橋", "category": "railway"}}, {"type": "Feature", "geometry": {"type": "Point", "coordinates": [139.7582328, 35.6902884]}, "properties": {"id": "place-2805", "name": "竹橋", "category": "railway"}}, {"type": "Feature", "geometry": {"type": "Point", "coordinates": [139.7613044, 35.6893627]}, "properties": {"id": "place-2806", "name": "都営地下鉄三田線", "category": "railway"}}, {"type": "Feature", "geometry": {"type": "Point", "coordinates": [139.7661637, 35.6880207]}, "properties": {"id": "place-2807", "name": "東京メトロ丸ノ内線", "category": "railway"}}, {"type": "Feature", "geometry": {"type": "Point", "coordinates": [139.7662527, 35.6888122]}, "properties": {"id": "place-2808", "name": "東京メトロ丸ノ内線", "category": "railway"}}, {"type": "Feature", "geometry": {"type": "Point", "coordinates": [139.764928, 35.6819138]}, "properties": {"id": "place-2809", "name": "東京", "category": "railway"}}, {"type": "Feature", "geometry": {"type": "Point", "coordinates": [139.7649659, 35.6819133]}, "properties": {"id": "place-2810", "name": "東京", "category": "railway"}}, {"type": "Feature", "geometry": {"type": "Point", "coordinates": [139.7644879, 35.6918461]}, "properties": {"id": "place-2811", "name": "東京メトロ千代田線", "category": "railway"}}, {"type": "Feature", "geometry": {"type": "Point", "coordinates": [139.7645753, 35.6918172]}, "properties": {"id": "place-2812", "name": "東京メトロ千代田線", "category": "railway"}}, {"type": "Feature", "geometry": {"type": "Point", "coordinates": [139.7625795, 35.6834096]}, "properties": {"id": "place-2813", "name": "東京メトロ千代田線", "category": "railway"}}, {"type": "Feature", "geometry": {"type": "Point", "coordinates": [139.7616349, 35.6803713]}, "properties": {"id": "place-2814", "name": "東京メトロ千代田線", "category": "railway"}}, {"type": "Feature", "geometry": {"type": "Point", "coordinates": [139.7617599, 35.6803526]}, "properties": {"id": "place-2815", "name": "東京メトロ千代田線", "category": "railway"}}, {"type": "Feature", "geometry": {"type": "Point", "coordinates": [139.7736852, 35.6868275]}, "properties": {"id": "place-2816", "name": "東京メトロ銀座線", "category": "railway"}}, {"type": "Feature", "geometry": {"type": "Point", "coordinates": [139.7737578, 35.686842]}, "properties": {"id": "place-2817", "name": "東京メトロ銀座線", "category": "railway"}}, {"type": "Feature", "geometry": {"type": "Point", "coordinates": [139.7671859, 35.6868463]}, "properties": {"id": "place-2818", "name": "大手町プレイスウエストタワー", "category": "building"}}, {"type": "Feature", "geometry": {"type": "Point", "coordinates": [139.7671236, 35.679941]}, "properties": {"id": "place-2819", "name": "東北新幹線", "category": "railway"}}, {"type": "Feature", "geometry": {"type": "Point", "coordinates": [139.7670004, 35.6799699]}, "properties": {"id": "place-2820", "name": "東北新幹線", "category": "railway"}}, {"type": "Feature", "geometry": {"type": "Point", "coordinates": [139.7636021, 35.6864225]}, "properties": {"id": "place-2821", "name": "東京メトロ千代田線", "category": "railway"}}, {"type": "Feature", "geometry": {"type": "Point", "coordinates": [139.7634865, 35.68645]}, "properties": {"id": "place-2822", "name": "東京メトロ千代田線", "category": "railway"}}, {"type": "Feature", "geometry": {"type": "Point", "coordinates": [139.7651804, 35.6867358]}, "properties": {"id": "place-2823", "name": "東京メトロ半蔵門線", "category": "railway"}}, {"type": "Feature", "geometry": {"type": "Point", "coordinates": [139.7651622, 35.686625]}, "properties": {"id": "place-2824", "name": "東京メトロ半蔵門線", "category": "railway"}}, {"type": "Feature", "geometry": {"type": "Point", "coordinates": [139.772371, 35.6902952]}, "properties": {"id": "place-2825", "name": "東京メトロ銀座線", "category": "railway"}}, {"type": "Feature", "geometry": {"type": "Point", "coordinates": [139.7710012, 35.6936096]}, "properties": {"id": "place-2826", "name": "東京メトロ銀座線", "category": "railway"}}, {"type": "Feature", "geometry": {"type": "Point", "coordinates": [139.7708807, 35.693547]}, "properties": {"id": "place-2827", "name": "東京メトロ銀座線", "category": "railway"}}, {"type": "Feature", "geometry": {"type": "Point", "coordinates": [139.7652579, 35.6776839]}, "properties": {"id": "place-2828", "name": "東京駅京葉地下1・2番線ホーム", "category": "railway"}}, {"type": "Feature", "geometry": {"type": "Point", "coordinates": [139.7652309, 35.6775947]}, "properties": {"id": "place-2829", "name": "東京駅京葉地下3・4番線ホーム", "category": "railway"}}, {"type": "Feature", "geometry": {"type": "Point", "coordinates": [139.7652966, 35.6775765]}, "properties": {"id": "place-2830", "name": "JR京葉線", "category": "railway"}}, {"type": "Feature", "geometry": {"type": "Point", "coordinates": [139.7655707, 35.6776247]}, "properties": {"id": "place-2831", "name": "JR京葉線", "category": "railway"}}, {"type": "Feature", "geometry": {"type": "Point", "coordinates": [139.7743226, 35.6818575]}, "properties": {"id": "place-2832", "name": "東京日本橋タワー", "category": "building"}}, {"type": "Feature", "geometry": {"type": "Point", "coordinates": [139.77371, 35.6829695]}, "properties": {"id": "place-2833", "name": "ディアマントビル", "category": "building"}}, {"type": "Feature", "geometry": {"type": "Point", "coordinates": [139.7730279, 35.6834044]}, "properties": {"id": "place-2834", "name": "川光ビル", "category": "building"}}, {"type": "Feature", "geometry": {"type": "Point", "coordinates": [139.7730843, 35.6833869]}, "properties": {"id": "place-2835", "name": "小洞天", "category": "building"}}, {"type": "Feature", "geometry": {"type": "Point", "coordinates": [139.7731645, 35.683363]}, "properties": {"id": "place-2836", "name": "ブルーマーク83", "category": "building"}}, {"type": "Feature", "geometry": {"type": "Point", "coordinates": [139.7732563, 35.6832987]}, "properties": {"id": "place-2837", "name": "三根ビル", "category": "building"}}, {"type": "Feature", "geometry": {"type": "Point", "coordinates": [139.7734154, 35.6832846]}, "properties": {"id": "place-2838", "name": "榮太樓第二ビル", "category": "building"}}, {"type": "Feature", "geometry": {"type": "Point", "coordinates": [139.7733458, 35.6832614]}, "properties": {"id": "place-2839", "name": "紅花別館", "category": "building"}}, {"type": "Feature", "geometry": {"type": "Point", "coordinates": [139.7730406, 35.683931]}, "properties": {"id": "place-2840", "name": "日本橋消防団地域活動センター", "category": "building"}}, {"type": "Feature", "geometry": {"type": "Point", "coordinates": [139.7731852, 35.6839296]}, "properties": {"id": "place-2841", "name": "OP日本橋ビルディング", "category": "building"}}, {"type": "Feature", "geometry": {"type": "Point", "coordinates": [139.7733579, 35.683892]}, "properties": {"id": "place-2842", "name": "昭和西川ビル", "category": "building"}}, {"type": "Feature", "geometry": {"type": "Point", "coordinates": [139.7737997, 35.6832523]}, "properties": {"id": "place-2843", "name": "一東洋ビル", "category": "building"}}, {"type": "Feature", "geometry": {"type": "Point", "coordinates": [139.7741481, 35.6836765]}, "properties": {"id": "place-2844", "name": "日本橋観光案内所", "category": "building"}}, {"type": "Feature", "geometry": {"type": "Point", "coordinates": [139.7723191, 35.6824196]}, "properties": {"id": "place-2845", "name": "C-roadビル", "category": "building"}}, {"type": "Feature", "geometry": {"type": "Point", "coordinates": [139.7731629, 35.6791012]}, "properties": {"id": "place-2846", "name": "精華ビル", "category": "building"}}, {"type": "Feature", "geometry": {"type": "Point", "coordinates": [139.7772651, 35.6829189]}, "properties": {"id": "place-2847", "name": "ガーラ日本橋一丁目", "category": "building"}}, {"type": "Feature", "geometry": {"type": "Point", "coordinates": [139.7769701, 35.6829965]}, "properties": {"id": "place-2848", "name": "第三正明ビル", "category": "building"}}, {"type": "Feature", "geometry": {"type": "Point", "coordinates": [139.7769311, 35.6829336]}, "properties": {"id": "place-2849", "name": "クローバー日本橋", "category": "building"}}, {"type": "Feature", "geometry": {"type": "Point", "coordinates": [139.7770407, 35.682571]}, "properties": {"id": "place-2850", "name": "岡三証券", "category": "building"}}, {"type": "Feature", "geometry": {"type": "Point", "coordinates": [139.7771519, 35.6827272]}, "properties": {"id": "place-2851", "name": "永田ビル", "category": "building"}}, {"type": "Feature", "geometry": {"type": "Point", "coordinates": [139.7772222, 35.6828455]}, "properties": {"id": "place-2852", "name": "伊藤ビル", "category": "building"}}, {"type": "Feature", "geometry": {"type": "Point", "coordinates": [139.7770871, 35.6829194]}, "properties": {"id": "place-2853", "name": "エフヴェー日本橋ビル", "category": "building"}}, {"type": "Feature", "geometry": {"type": "Point", "coordinates": [139.7771382, 35.6828974]}, "properties": {"id": "place-2854", "name": "入金", "category": "building"}}, {"type": "Feature", "geometry": {"type": "Point", "coordinates": [139.7747548, 35.6810724]}, "properties": {"id": "place-2855", "name": "プレリー日本橋ビル", "category": "building"}}, {"type": "Feature", "geometry": {"type": "Point", "coordinates": [139.7719598, 35.6820783]}, "properties": {"id": "place-2856", "name": "日本橋リムビル", "category": "building"}}, {"type": "Feature", "geometry": {"type": "Point", "coordinates": [139.7715528, 35.6818389]}, "properties": {"id": "place-2857", "name": "扇ビル", "category": "building"}}, {"type": "Feature", "geometry": {"type": "Point", "coordinates": [139.7709893, 35.6820396]}, "properties": {"id": "place-2858", "name": "からくさホテル TOKYO STATION", "category": "building"}}, {"type": "Feature", "geometry": {"type": "Point", "coordinates": [139.7709582, 35.6825923]}, "properties": {"id": "place-2859", "name": "(仮称)国分第二本社ビル新築計画", "category": "building"}}, {"type": "Feature", "geometry": {"type": "Point", "coordinates": [139.7760671, 35.6810454]}, "properties": {"id": "place-2860", "name": "紅葉川ビル", "category": "building"}}, {"type": "Feature", "geometry": {"type": "Point", "coordinates": [139.7758723, 35.6811323]}, "properties": {"id": "place-2861", "name": "日本橋TSビル", "category": "building"}}, {"type": "Feature", "geometry": {"type": "Point", "coordinates": [139.7725061, 35.6819363]}, "properties": {"id": "place-2862", "name": "日本橋森井ビル", "category": "building"}}, {"type": "Feature", "geometry": {"type": "Point", "coordinates": [139.7722864, 35.6821417]}, "properties": {"id": "place-2863", "name": "リッシュビル", "category": "building"}}, {"type": "Feature", "geometry": {"type": "Point", "coordinates": [139.7745893, 35.6809051]}, "properties": {"id": "place-2864", "name": "日本橋二丁目地下駐輪場", "category": "building"}}, {"type": "Feature", "geometry": {"type": "Point", "coordinates": [139.7761896, 35.6811521]}, "properties": {"id": "place-2865", "name": "PMO日本橋二丁目", "category": "building"}}, {"type": "Feature", "geometry": {"type": "Point", "coordinates": [139.7714611, 35.6808569]}, "properties": {"id": "place-2866", "name": "共同ビル", "category": "building"}}, {"type": "Feature", "geometry": {"type": "Point", "coordinates": [139.7734454, 35.6796038]}, "properties": {"id": "place-2867", "name": "菜香菜", "category": "building"}}, {"type": "Feature", "geometry": {"type": "Point", "coordinates": [139.7737227, 35.6801637]}, "properties": {"id": "place-2868", "name": "上原永山堂", "category": "building"}}, {"type": "Feature", "geometry": {"type": "Point", "coordinates": [139.7709989, 35.6805501]}, "properties": {"id": "place-2869", "name": "八重洲ビル", "category": "building"}}, {"type": "Feature", "geometry": {"type": "Point", "coordinates": [139.7713925, 35.6796816]}, "properties": {"id": "place-2870", "name": "中川ビル", "category": "building"}}, {"type": "Feature", "geometry": {"type": "Point", "coordinates": [139.7728546, 35.6793754]}, "properties": {"id": "place-2871", "name": "日本橋井田ビル", "category": "building"}}, {"type": "Feature", "geometry": {"type": "Point", "coordinates": [139.7729279, 35.6793436]}, "properties": {"id": "place-2872", "name": "ほうらい", "category": "building"}}, {"type": "Feature", "geometry": {"type": "Point", "coordinates": [139.7730163, 35.6791424]}, "properties": {"id": "place-2873", "name": "田中ビル", "category": "building"}}, {"type": "Feature", "geometry": {"type": "Point", "coordinates": [139.7709539, 35.680419]}, "properties": {"id": "place-2874", "name": "観音ビル", "category": "building"}}, {"type": "Feature", "geometry": {"type": "Point", "coordinates": [139.7697915, 35.6822662]}, "properties": {"id": "place-2875", "name": "鉄鋼ビルディング南館", "category": "building"}}, {"type": "Feature", "geometry": {"type": "Point", "coordinates": [139.7695186, 35.6805301]}, "properties": {"id": "place-2876", "name": "出入口19", "category": "building"}}, {"type": "Feature", "geometry": {"type": "Point", "coordinates": [139.7700372, 35.6794393]}, "properties": {"id": "place-2877", "name": "八重洲二丁目北地区広場", "category": "amenity"}}, {"type": "Feature", "geometry": {"type": "Point", "coordinates": [139.7618233, 35.6933447]}, "properties": {"id": "place-2878", "name": "三井のリパーク", "category": "amenity"}}, {"type": "Feature", "geometry": {"type": "Point", "coordinates": [139.7616676, 35.6933649]}, "properties": {"id": "place-2879", "name": "三井のリパーク", "category": "amenity"}}, {"type": "Feature", "geometry": {"type": "Point", "coordinates": [139.7688486, 35.6857271]}, "properties": {"id": "place-2880", "name": "東北新幹線", "category": "railway"}}, {"type": "Feature", "geometry": {"type": "Point", "coordinates": [139.7687972, 35.6857353]}, "properties": {"id": "place-2881", "name": "東北新幹線", "category": "railway"}}, {"type": "Feature", "geometry": {"type": "Point", "coordinates": [139.7722331, 35.6924275]}, "properties": {"id": "place-2882", "name": "第二平野ビル", "category": "building"}}, {"type": "Feature", "geometry": {"type": "Point", "coordinates": [139.7705917, 35.6862079]}, "properties": {"id": "place-2883", "name": "総武本線", "category": "railway"}}, {"type": "Feature", "geometry": {"type": "Point", "coordinates": [139.765691, 35.6819475]}, "properties": {"id": "place-2884", "name": "東京駅総武地下3・4番線ホーム", "category": "railway"}}, {"type": "Feature", "geometry": {"type": "Point", "coordinates": [139.7657651, 35.6818972]}, "properties": {"id": "place-2885", "name": "東京駅総武地下1・2番線ホーム", "category": "railway"}}, {"type": "Feature", "geometry": {"type": "Point", "coordinates": [139.7662421, 35.6826089]}, "properties": {"id": "place-2886", "name": "総武本線", "category": "railway"}}, {"type": "Feature", "geometry": {"type": "Point", "coordinates": [139.7649461, 35.6811921]}, "properties": {"id": "place-2887", "name": "東海道本線（横須賀線）", "category": "railway"}}, {"type": "Feature", "geometry": {"type": "Point", "coordinates": [139.7650777, 35.6811436]}, "properties": {"id": "place-2888", "name": "東海道本線（横須賀線）", "category": "railway"}}, {"type": "Feature", "geometry": {"type": "Point", "coordinates": [139.7677618, 35.6941282]}, "properties": {"id": "place-2889", "name": "PMO神田司町", "category": "building"}}, {"type": "Feature", "geometry": {"type": "Point", "coordinates": [139.7751674, 35.6859933]}, "properties": {"id": "place-2890", "name": "日本橋さるや", "category": "building"}}, {"type": "Feature", "geometry": {"type": "Point", "coordinates": [139.7693629, 35.6940674]}, "properties": {"id": "place-2891", "name": "だいつねビル", "category": "building"}}, {"type": "Feature", "geometry": {"type": "Point", "coordinates": [139.7713735, 35.6943383]}, "properties": {"id": "place-2892", "name": "名鉄協商", "category": "amenity"}}, {"type": "Feature", "geometry": {"type": "Point", "coordinates": [139.7689027, 35.6857907]}, "properties": {"id": "place-2893", "name": "東京メトロ半蔵門線", "category": "railway"}}, {"type": "Feature", "geometry": {"type": "Point", "coordinates": [139.7689227, 35.6858961]}, "properties": {"id": "place-2894", "name": "東京メトロ半蔵門線", "category": "railway"}}, {"type": "Feature", "geometry": {"type": "Point", "coordinates": [139.7659657, 35.6783023]}, "properties": {"id": "place-2895", "name": "東海道本線", "category": "railway"}}, {"type": "Feature", "geometry": {"type": "Point", "coordinates": [139.7627056, 35.6833841]}, "properties": {"id": "place-2896", "name": "東京メトロ千代田線", "category": "railway"}}, {"type": "Feature", "geometry": {"type": "Point", "coordinates": [139.7706487, 35.6933727]}, "properties": {"id": "place-2897", "name": "神田大生パーキング", "category": "amenity"}}, {"type": "Feature", "geometry": {"type": "Point", "coordinates": [139.7664206, 35.6826381]}, "properties": {"id": "place-2898", "name": "総武本線", "category": "railway"}}, {"type": "Feature", "geometry": {"type": "Point", "coordinates": [139.7706265, 35.6842608]}, "properties": {"id": "place-2899", "name": "Tokiwabashi Tower", "category": "building"}}, {"type": "Feature", "geometry": {"type": "Point", "coordinates": [139.7608215, 35.6913431]}, "properties": {"id": "place-2900", "name": "東京メトロ半蔵門線", "category": "railway"}}, {"type": "Feature", "geometry": {"type": "Point", "coordinates": [139.76137, 35.6893473]}, "properties": {"id": "place-2901", "name": "都営地下鉄三田線", "category": "railway"}}, {"type": "Feature", "geometry": {"type": "Point", "coordinates": [139.7686063, 35.6852071]}, "properties": {"id": "place-2902", "name": "東北新幹線", "category": "railway"}}, {"type": "Feature", "geometry": {"type": "Point", "coordinates": [139.7631686, 35.6839244]}, "properties": {"id": "place-2903", "name": "銀行会館", "category": "building"}}, {"type": "Feature", "geometry": {"type": "Point", "coordinates": [139.7636343, 35.6838183]}, "properties": {"id": "place-2904", "name": "みずほ丸の内タワー", "category": "building"}}, {"type": "Feature", "geometry": {"type": "Point", "coordinates": [139.7639327, 35.6844257]}, "properties": {"id": "place-2905", "name": "丸の内テラス", "category": "building"}}, {"type": "Feature", "geometry": {"type": "Point", "coordinates": [139.7596592, 35.6906801]}, "properties": {"id": "place-2906", "name": "丸紅ビル", "category": "building"}}, {"type": "Feature", "geometry": {"type": "Point", "coordinates": [139.7722306, 35.6902219]}, "properties": {"id": "place-2907", "name": "東京メトロ銀座線", "category": "railway"}}, {"type": "Feature", "geometry": {"type": "Point", "coordinates": [139.7643824, 35.6778073]}, "properties": {"id": "place-2908", "name": "JR京葉線", "category": "railway"}}, {"type": "Feature", "geometry": {"type": "Point", "coordinates": [139.7643931, 35.6778424]}, "properties": {"id": "place-2909", "name": "JR京葉線", "category": "railway"}}, {"type": "Feature", "geometry": {"type": "Point", "coordinates": [139.7718526, 35.6938247]}, "properties": {"id": "place-2910", "name": "山手線", "category": "railway"}}, {"type": "Feature", "geometry": {"type": "Point", "coordinates": [139.7718084, 35.6938362]}, "properties": {"id": "place-2911", "name": "山手線", "category": "railway"}}, {"type": "Feature", "geometry": {"type": "Point", "coordinates": [139.7694042, 35.6875301]}, "properties": {"id": "place-2912", "name": "JR東北本線", "category": "railway"}}, {"type": "Feature", "geometry": {"type": "Point", "coordinates": [139.7693668, 35.6875606]}, "properties": {"id": "place-2913", "name": "JR東北本線", "category": "railway"}}, {"type": "Feature", "geometry": {"type": "Point", "coordinates": [139.7688983, 35.6862565]}, "properties": {"id": "place-2914", "name": "JR東北本線", "category": "railway"}}, {"type": "Feature", "geometry": {"type": "Point", "coordinates": [139.7691506, 35.6870019]}, "properties": {"id": "place-2915", "name": "JR東北本線", "category": "railway"}}, {"type": "Feature", "geometry": {"type": "Point", "coordinates": [139.7700067, 35.6891388]}, "properties": {"id": "place-2916", "name": "JR東北本線", "category": "railway"}}, {"type": "Feature", "geometry": {"type": "Point", "coordinates": [139.7700451, 35.689114]}, "properties": {"id": "place-2917", "name": "JR東北本線", "category": "railway"}}, {"type": "Feature", "geometry": {"type": "Point", "coordinates": [139.7701463, 35.6892613]}, "properties": {"id": "place-2918", "name": "東北新幹線", "category": "railway"}}, {"type": "Feature", "geometry": {"type": "Point", "coordinates": [139.7701946, 35.6892474]}, "properties": {"id": "place-2919", "name": "東北新幹線", "category": "railway"}}, {"type": "Feature", "geometry": {"type": "Point", "coordinates": [139.7703089, 35.6904428]}, "properties": {"id": "place-2920", "name": "中央本線", "category": "railway"}}, {"type": "Feature", "geometry": {"type": "Point", "coordinates": [139.7702556, 35.6904326]}, "properties": {"id": "place-2921", "name": "中央本線", "category": "railway"}}, {"type": "Feature", "geometry": {"type": "Point", "coordinates": [139.7703252, 35.6900166]}, "properties": {"id": "place-2922", "name": "京浜東北線", "category": "railway"}}, {"type": "Feature", "geometry": {"type": "Point", "coordinates": [139.7703069, 35.6900711]}, "properties": {"id": "place-2923", "name": "山手線", "category": "railway"}}, {"type": "Feature", "geometry": {"type": "Point", "coordinates": [139.770224, 35.6899898]}, "properties": {"id": "place-2924", "name": "山手線", "category": "railway"}}, {"type": "Feature", "geometry": {"type": "Point", "coordinates": [139.7701674, 35.6899751]}, "properties": {"id": "place-2925", "name": "京浜東北線", "category": "railway"}}, {"type": "Feature", "geometry": {"type": "Point", "coordinates": [139.7717869, 35.6938336]}, "properties": {"id": "place-2926", "name": "京浜東北線", "category": "railway"}}, {"type": "Feature", "geometry": {"type": "Point", "coordinates": [139.771825, 35.6938143]}, "properties": {"id": "place-2927", "name": "山手線", "category": "railway"}}, {"type": "Feature", "geometry": {"type": "Point", "coordinates": [139.7718708, 35.693799]}, "properties": {"id": "place-2928", "name": "山手線", "category": "railway"}}, {"type": "Feature", "geometry": {"type": "Point", "coordinates": [139.7719178, 35.6937772]}, "properties": {"id": "place-2929", "name": "京浜東北線", "category": "railway"}}, {"type": "Feature", "geometry": {"type": "Point", "coordinates": [139.7611292, 35.6914355]}, "properties": {"id": "place-2930", "name": "東京メトロ東西線", "category": "railway"}}, {"type": "Feature", "geometry": {"type": "Point", "coordinates": [139.7661162, 35.6939556]}, "properties": {"id": "place-2931", "name": "ピアース千代田淡路町", "category": "building"}}, {"type": "Feature", "geometry": {"type": "Point", "coordinates": [139.7686635, 35.6950425]}, "properties": {"id": "place-2932", "name": "Gala Stage Kanda", "category": "building"}}, {"type": "Feature", "geometry": {"type": "Point", "coordinates": [139.7683226, 35.6944405]}, "properties": {"id": "place-2933", "name": "三井のリパーク", "category": "amenity"}}, {"type": "Feature", "geometry": {"type": "Point", "coordinates": [139.7681341, 35.6917193]}, "properties": {"id": "place-2934", "name": "タイムズ", "category": "amenity"}}, {"type": "Feature", "geometry": {"type": "Point", "coordinates": [139.7681584, 35.6908732]}, "properties": {"id": "place-2935", "name": "中央ビル", "category": "building"}}, {"type": "Feature", "geometry": {"type": "Point", "coordinates": [139.7751472, 35.6815981]}, "properties": {"id": "place-2936", "name": "東京日本橋タワーアネックス", "category": "building"}}, {"type": "Feature", "geometry": {"type": "Point", "coordinates": [139.7683297, 35.695046]}, "properties": {"id": "place-2937", "name": "タイムズ", "category": "amenity"}}, {"type": "Feature", "geometry": {"type": "Point", "coordinates": [139.7741477, 35.6798176]}, "properties": {"id": "place-2938", "name": "日本橋三丁目スクエア", "category": "building"}}, {"type": "Feature", "geometry": {"type": "Point", "coordinates": [139.7748906, 35.6813494]}, "properties": {"id": "place-2939", "name": "L.Biz日本橋", "category": "building"}}, {"type": "Feature", "geometry": {"type": "Point", "coordinates": [139.7693345, 35.6855636]}, "properties": {"id": "place-2940", "name": "銭瓶町ビルディング", "category": "building"}}, {"type": "Feature", "geometry": {"type": "Point", "coordinates": [139.7735715, 35.685054]}, "properties": {"id": "place-2941", "name": "パーキングビル駐車場", "category": "building"}}, {"type": "Feature", "geometry": {"type": "Point", "coordinates": [139.7690664, 35.6792586]}, "properties": {"id": "place-2942", "name": "東京ミッドタウン八重洲", "category": "building"}}, {"type": "Feature", "geometry": {"type": "Point", "coordinates": [139.7698376, 35.6796831]}, "properties": {"id": "place-2943", "name": "八重洲セントラルスクエア", "category": "building"}}, {"type": "Feature", "geometry": {"type": "Point", "coordinates": [139.7632974, 35.6930888]}, "properties": {"id": "place-2944", "name": "KANDA SQUARE", "category": "building"}}, {"type": "Feature", "geometry": {"type": "Point", "coordinates": [139.7727447, 35.6840302]}, "properties": {"id": "place-2945", "name": "NPC24H", "category": "amenity"}}, {"type": "Feature", "geometry": {"type": "Point", "coordinates": [139.7684091, 35.6818644]}, "properties": {"id": "place-2946", "name": "東海道新幹線", "category": "railway"}}, {"type": "Feature", "geometry": {"type": "Point", "coordinates": [139.7682547, 35.681906]}, "properties": {"id": "place-2947", "name": "東海道新幹線", "category": "railway"}}, {"type": "Feature", "geometry": {"type": "Point", "coordinates": [139.7746609, 35.6851222]}, "properties": {"id": "place-2948", "name": "日本橋屋長兵衛", "category": "building"}}, {"type": "Feature", "geometry": {"type": "Point", "coordinates": [139.7725061, 35.6868391]}, "properties": {"id": "place-2949", "name": "三井二号館", "category": "building"}}, {"type": "Feature", "geometry": {"type": "Point", "coordinates": [139.7731531, 35.6863162]}, "properties": {"id": "place-2950", "name": "三井本館", "category": "building"}}, {"type": "Feature", "geometry": {"type": "Point", "coordinates": [139.7696977, 35.6905954]}, "properties": {"id": "place-2951", "name": "アーバンネット神田ビル", "category": "building"}}, {"type": "Feature", "geometry": {"type": "Point", "coordinates": [139.7666673, 35.6773771]}, "properties": {"id": "place-2952", "name": "JR京葉線", "category": "railway"}}, {"type": "Feature", "geometry": {"type": "Point", "coordinates": [139.7665231, 35.6774042]}, "properties": {"id": "place-2953", "name": "JR京葉線", "category": "railway"}}, {"type": "Feature", "geometry": {"type": "Point", "coordinates": [139.7655915, 35.6775565]}, "properties": {"id": "place-2954", "name": "JR京葉線", "category": "railway"}}, {"type": "Feature", "geometry": {"type": "Point", "coordinates": [139.7666555, 35.6773376]}, "properties": {"id": "place-2955", "name": "JR京葉線", "category": "railway"}}, {"type": "Feature", "geometry": {"type": "Point", "coordinates": [139.7644102, 35.6778905]}, "properties": {"id": "place-2956", "name": "JR京葉線", "category": "railway"}}, {"type": "Feature", "geometry": {"type": "Point", "coordinates": [139.7655618, 35.6776016]}, "properties": {"id": "place-2957", "name": "JR京葉線", "category": "railway"}}, {"type": "Feature", "geometry": {"type": "Point", "coordinates": [139.7724515, 35.6912253]}, "properties": {"id": "place-2958", "name": "フェリスビル", "category": "building"}}, {"type": "Feature", "geometry": {"type": "Point", "coordinates": [139.7723674, 35.6907151]}, "properties": {"id": "place-2959", "name": "神田サクラビル", "category": "building"}}, {"type": "Feature", "geometry": {"type": "Point", "coordinates": [139.7723248, 35.6907995]}, "properties": {"id": "place-2960", "name": "SRビル", "category": "building"}}, {"type": "Feature", "geometry": {"type": "Point", "coordinates": [139.7723166, 35.6908618]}, "properties": {"id": "place-2961", "name": "スズトミビル", "category": "building"}}, {"type": "Feature", "geometry": {"type": "Point", "coordinates": [139.7728116, 35.6900486]}, "properties": {"id": "place-2962", "name": "東山ビルディング", "category": "building"}}, {"type": "Feature", "geometry": {"type": "Point", "coordinates": [139.7725813, 35.6908645]}, "properties": {"id": "place-2963", "name": "神田91ビル", "category": "building"}}, {"type": "Feature", "geometry": {"type": "Point", "coordinates": [139.7721696, 35.6899255]}, "properties": {"id": "place-2964", "name": "三徳日本橋ビル", "category": "building"}}, {"type": "Feature", "geometry": {"type": "Point", "coordinates": [139.772217, 35.6898325]}, "properties": {"id": "place-2965", "name": "坂田ビルディング", "category": "building"}}, {"type": "Feature", "geometry": {"type": "Point", "coordinates": [139.7751331, 35.6916633]}, "properties": {"id": "place-2966", "name": "ニュー中野ビル", "category": "building"}}, {"type": "Feature", "geometry": {"type": "Point", "coordinates": [139.7741683, 35.6918018]}, "properties": {"id": "place-2967", "name": "NCO神田紺屋町", "category": "building"}}, {"type": "Feature", "geometry": {"type": "Point", "coordinates": [139.7719879, 35.6916238]}, "properties": {"id": "place-2968", "name": "ピットイン鍛冶町第一", "category": "amenity"}}, {"type": "Feature", "geometry": {"type": "Point", "coordinates": [139.7721791, 35.6915122]}, "properties": {"id": "place-2969", "name": "ピットイン鍛冶町第二", "category": "amenity"}}, {"type": "Feature", "geometry": {"type": "Point", "coordinates": [139.7691051, 35.6791055]}, "properties": {"id": "place-2970", "name": "バスターミナル東京八重洲", "category": "amenity"}}, {"type": "Feature", "geometry": {"type": "Point", "coordinates": [139.7664419, 35.6906115]}, "properties": {"id": "place-2971", "name": "Renaissa Otemachi", "category": "building"}}, {"type": "Feature", "geometry": {"type": "Point", "coordinates": [139.7657341, 35.6906993]}, "properties": {"id": "place-2972", "name": "ATS BLDG.", "category": "building"}}, {"type": "Feature", "geometry": {"type": "Point", "coordinates": [139.7656751, 35.6903181]}, "properties": {"id": "place-2973", "name": "S&C大手町", "category": "building"}}, {"type": "Feature", "geometry": {"type": "Point", "coordinates": [139.7659603, 35.6905866]}, "properties": {"id": "place-2974", "name": "千代田東洋ビル", "category": "building"}}, {"type": "Feature", "geometry": {"type": "Point", "coordinates": [139.7659951, 35.6906574]}, "properties": {"id": "place-2975", "name": "大手町サンビルディング", "category": "building"}}, {"type": "Feature", "geometry": {"type": "Point", "coordinates": [139.7659319, 35.6906649]}, "properties": {"id": "place-2976", "name": "丸山ビル", "category": "building"}}, {"type": "Feature", "geometry": {"type": "Point", "coordinates": [139.7678148, 35.6905045]}, "properties": {"id": "place-2977", "name": "出世不動尊", "category": "amenity"}}, {"type": "Feature", "geometry": {"type": "Point", "coordinates": [139.7688419, 35.690582]}, "properties": {"id": "place-2978", "name": "冨高ビル", "category": "building"}}, {"type": "Feature", "geometry": {"type": "Point", "coordinates": [139.7679068, 35.6907664]}, "properties": {"id": "place-2979", "name": "内神田すいすいビル", "category": "building"}}, {"type": "Feature", "geometry": {"type": "Point", "coordinates": [139.7668587, 35.6902553]}, "properties": {"id": "place-2980", "name": "K'S PARKING", "category": "building"}}, {"type": "Feature", "geometry": {"type": "Point", "coordinates": [139.7668092, 35.690334]}, "properties": {"id": "place-2981", "name": "東横INN", "category": "building"}}, {"type": "Feature", "geometry": {"type": "Point", "coordinates": [139.766469, 35.6908871]}, "properties": {"id": "place-2982", "name": "GEO CHIYODA OTEMACHI", "category": "building"}}, {"type": "Feature", "geometry": {"type": "Point", "coordinates": [139.7668265, 35.6901067]}, "properties": {"id": "place-2983", "name": "東京保井ビル", "category": "building"}}, {"type": "Feature", "geometry": {"type": "Point", "coordinates": [139.7657398, 35.6906365]}, "properties": {"id": "place-2984", "name": "パラカ", "category": "amenity"}}, {"type": "Feature", "geometry": {"type": "Point", "coordinates": [139.7656238, 35.6904982]}, "properties": {"id": "place-2985", "name": "タイムズ", "category": "amenity"}}, {"type": "Feature", "geometry": {"type": "Point", "coordinates": [139.7657087, 35.6904635]}, "properties": {"id": "place-2986", "name": "エイビー内神田ビル", "category": "building"}}, {"type": "Feature", "geometry": {"type": "Point", "coordinates": [139.766186, 35.6909363]}, "properties": {"id": "place-2987", "name": "楠本ビル", "category": "building"}}, {"type": "Feature", "geometry": {"type": "Point", "coordinates": [139.7660384, 35.6908543]}, "properties": {"id": "place-2988", "name": "内神田ファースト112", "category": "building"}}, {"type": "Feature", "geometry": {"type": "Point", "coordinates": [139.7705247, 35.6904938]}, "properties": {"id": "place-2989", "name": "京浜東北線", "category": "railway"}}, {"type": "Feature", "geometry": {"type": "Point", "coordinates": [139.7704227, 35.6904689]}, "properties": {"id": "place-2990", "name": "山手線", "category": "railway"}}, {"type": "Feature", "geometry": {"type": "Point", "coordinates": [139.7703618, 35.6904529]}, "properties": {"id": "place-2991", "name": "京浜東北線", "category": "railway"}}, {"type": "Feature", "geometry": {"type": "Point", "coordinates": [139.7673271, 35.6907276]}, "properties": {"id": "place-2992", "name": "コインパーク", "category": "amenity"}}, {"type": "Feature", "geometry": {"type": "Point", "coordinates": [139.7762084, 35.689924]}, "properties": {"id": "place-2993", "name": "小野薬品工業株式会社 東京ビル", "category": "building"}}, {"type": "Feature", "geometry": {"type": "Point", "coordinates": [139.7716931, 35.6782744]}, "properties": {"id": "place-2994", "name": "TODA BUILDING", "category": "building"}}, {"type": "Feature", "geometry": {"type": "Point", "coordinates": [139.7652684, 35.6825958]}, "properties": {"id": "place-2995", "name": "東京駅M8出入口", "category": "building"}}, {"type": "Feature", "geometry": {"type": "Point", "coordinates": [139.7670256, 35.6833288]}, "properties": {"id": "place-2996", "name": "総武本線", "category": "railway"}}, {"type": "Feature", "geometry": {"type": "Point", "coordinates": [139.7650395, 35.681162]}, "properties": {"id": "place-2997", "name": "東海道本線（横須賀線）", "category": "railway"}}, {"type": "Feature", "geometry": {"type": "Point", "coordinates": [139.7649927, 35.6811851]}, "properties": {"id": "place-2998", "name": "東海道本線（横須賀線）", "category": "railway"}}, {"type": "Feature", "geometry": {"type": "Point", "coordinates": [139.7661643, 35.682431]}, "properties": {"id": "place-2999", "name": "総武本線", "category": "railway"}}, {"type": "Feature", "geometry": {"type": "Point", "coordinates": [139.7719932, 35.6930922]}, "properties": {"id": "place-3000", "name": "ナインアワーズウーマン", "category": "building"}}, {"type": "Feature", "geometry": {"type": "Point", "coordinates": [139.7675127, 35.6836736]}, "properties": {"id": "place-3001", "name": "中央本線", "category": "railway"}}, {"type": "Feature", "geometry": {"type": "Point", "coordinates": [139.7674718, 35.6836835]}, "properties": {"id": "place-3002", "name": "中央本線", "category": "railway"}}, {"type": "Feature", "geometry": {"type": "Point", "coordinates": [139.7671838, 35.6830302]}, "properties": {"id": "place-3003", "name": "中央本線", "category": "railway"}}, {"type": "Feature", "geometry": {"type": "Point", "coordinates": [139.7671483, 35.6830456]}, "properties": {"id": "place-3004", "name": "中央本線", "category": "railway"}}, {"type": "Feature", "geometry": {"type": "Point", "coordinates": [139.7656394, 35.6825332]}, "properties": {"id": "place-3005", "name": "東京駅M11出入口", "category": "building"}}, {"type": "Feature", "geometry": {"type": "Point", "coordinates": [139.7687508, 35.6823717]}, "properties": {"id": "place-3006", "name": "Tokyo Character Street", "category": "tourism"}}, {"type": "Feature", "geometry": {"type": "Point", "coordinates": [139.7686966, 35.6824148]}, "properties": {"id": "place-3007", "name": "Tokyo Character Street", "category": "tourism"}}, {"type": "Feature", "geometry": {"type": "Point", "coordinates": [139.7665672, 35.6830176]}, "properties": {"id": "place-3008", "name": "東京駅", "category": "building"}}, {"type": "Feature", "geometry": {"type": "Point", "coordinates": [139.7652462, 35.6806378]}, "properties": {"id": "place-3009", "name": "東京メトロ丸ノ内線", "category": "railway"}}, {"type": "Feature", "geometry": {"type": "Point", "coordinates": [139.7683381, 35.681608]}, "properties": {"id": "place-3010", "name": "Tokyo Character Street", "category": "tourism"}}, {"type": "Feature", "geometry": {"type": "Point", "coordinates": [139.766191, 35.6824228]}, "properties": {"id": "place-3011", "name": "総武本線", "category": "railway"}}, {"type": "Feature", "geometry": {"type": "Point", "coordinates": [139.7668342, 35.6830951]}, "properties": {"id": "place-3012", "name": "総武本線", "category": "railway"}}, {"type": "Feature", "geometry": {"type": "Point", "coordinates": [139.7669402, 35.6832798]}, "properties": {"id": "place-3013", "name": "総武本線", "category": "railway"}}, {"type": "Feature", "geometry": {"type": "Point", "coordinates": [139.7668159, 35.6831089]}, "properties": {"id": "place-3014", "name": "総武本線", "category": "railway"}}, {"type": "Feature", "geometry": {"type": "Point", "coordinates": [139.7640224, 35.6881492]}, "properties": {"id": "place-3015", "name": "東京メトロ千代田線", "category": "railway"}}, {"type": "Feature", "geometry": {"type": "Point", "coordinates": [139.7640181, 35.6881263]}, "properties": {"id": "place-3016", "name": "東京メトロ千代田線", "category": "railway"}}, {"type": "Feature", "geometry": {"type": "Point", "coordinates": [139.7662014, 35.6788528]}, "properties": {"id": "place-3017", "name": "東海道本線", "category": "railway"}}, {"type": "Feature", "geometry": {"type": "Point", "coordinates": [139.7670928, 35.6820572]}, "properties": {"id": "place-3018", "name": "京浜東北線", "category": "railway"}}, {"type": "Feature", "geometry": {"type": "Point", "coordinates": [139.767225, 35.6826497]}, "properties": {"id": "place-3019", "name": "山手線", "category": "railway"}}, {"type": "Feature", "geometry": {"type": "Point", "coordinates": [139.7671807, 35.6826615]}, "properties": {"id": "place-3020", "name": "山手線", "category": "railway"}}, {"type": "Feature", "geometry": {"type": "Point", "coordinates": [139.7666999, 35.6819088]}, "properties": {"id": "place-3021", "name": "京浜東北線", "category": "railway"}}, {"type": "Feature", "geometry": {"type": "Point", "coordinates": [139.7778106, 35.6863638]}, "properties": {"id": "place-3022", "name": "エネオス", "category": "amenity"}}, {"type": "Feature", "geometry": {"type": "Point", "coordinates": [139.7630456, 35.693945]}, "properties": {"id": "place-3023", "name": "タイムズ", "category": "amenity"}}, {"type": "Feature", "geometry": {"type": "Point", "coordinates": [139.7634493, 35.6938622]}, "properties": {"id": "place-3024", "name": "ワダビル", "category": "building"}}, {"type": "Feature", "geometry": {"type": "Point", "coordinates": [139.772107, 35.6925129]}, "properties": {"id": "place-3025", "name": "三井のリパーク", "category": "amenity"}}, {"type": "Feature", "geometry": {"type": "Point", "coordinates": [139.7739932, 35.6928056]}, "properties": {"id": "place-3026", "name": "三井のリパーク 神田紺屋町", "category": "amenity"}}, {"type": "Feature", "geometry": {"type": "Point", "coordinates": [139.7725557, 35.69219]}, "properties": {"id": "place-3027", "name": "鍛冶町パーキング", "category": "amenity"}}, {"type": "Feature", "geometry": {"type": "Point", "coordinates": [139.7723009, 35.6920247]}, "properties": {"id": "place-3028", "name": "エコロ", "category": "amenity"}}, {"type": "Feature", "geometry": {"type": "Point", "coordinates": [139.7655967, 35.6951029]}, "properties": {"id": "place-3029", "name": "サンエスビル", "category": "building"}}, {"type": "Feature", "geometry": {"type": "Point", "coordinates": [139.7742262, 35.6840749]}, "properties": {"id": "place-3030", "name": "東京メトロ銀座線", "category": "railway"}}, {"type": "Feature", "geometry": {"type": "Point", "coordinates": [139.7742508, 35.6856108]}, "properties": {"id": "place-3031", "name": "東京メトロ銀座線", "category": "railway"}}, {"type": "Feature", "geometry": {"type": "Point", "coordinates": [139.7705576, 35.6946065]}, "properties": {"id": "place-3032", "name": "東京メトロ銀座線", "category": "railway"}}, {"type": "Feature", "geometry": {"type": "Point", "coordinates": [139.7705014, 35.6946042]}, "properties": {"id": "place-3033", "name": "東京メトロ銀座線", "category": "railway"}}, {"type": "Feature", "geometry": {"type": "Point", "coordinates": [139.7742053, 35.685602]}, "properties": {"id": "place-3034", "name": "東京メトロ銀座線", "category": "railway"}}, {"type": "Feature", "geometry": {"type": "Point", "coordinates": [139.7741342, 35.6840149]}, "properties": {"id": "place-3035", "name": "東京メトロ銀座線", "category": "railway"}}, {"type": "Feature", "geometry": {"type": "Point", "coordinates": [139.7675082, 35.6829699]}, "properties": {"id": "place-3036", "name": "東北本線", "category": "railway"}}, {"type": "Feature", "geometry": {"type": "Point", "coordinates": [139.7648716, 35.6808093]}, "properties": {"id": "place-3037", "name": "STATION DESK グランスタ丸の内", "category": "building"}}, {"type": "Feature", "geometry": {"type": "Point", "coordinates": [139.7645276, 35.6807812]}, "properties": {"id": "place-3038", "name": "STATION DESK グランスタ丸の内", "category": "building"}}, {"type": "Feature", "geometry": {"type": "Point", "coordinates": [139.7592048, 35.6842564]}, "properties": {"id": "place-3039", "name": "窓明館", "category": "building"}}, {"type": "Feature", "geometry": {"type": "Point", "coordinates": [139.7715247, 35.6865719]}, "properties": {"id": "place-3040", "name": "日本銀行", "category": "building"}}, {"type": "Feature", "geometry": {"type": "Point", "coordinates": [139.7646651, 35.6835805]}, "properties": {"id": "place-3041", "name": "三菱UFJ信託銀行本店ビル", "category": "building"}}, {"type": "Feature", "geometry": {"type": "Point", "coordinates": [139.7642947, 35.6825916]}, "properties": {"id": "place-3042", "name": "新丸の内ビルディング", "category": "building"}}, {"type": "Feature", "geometry": {"type": "Point", "coordinates": [139.7658613, 35.6839798]}, "properties": {"id": "place-3043", "name": "丸の内センタービルディング", "category": "building"}}, {"type": "Feature", "geometry": {"type": "Point", "coordinates": [139.7665527, 35.6834315]}, "properties": {"id": "place-3044", "name": "丸の内オアゾ", "category": "building"}}, {"type": "Feature", "geometry": {"type": "Point", "coordinates": [139.7669115, 35.6839724]}, "properties": {"id": "place-3045", "name": "丸の内北口ビル", "category": "building"}}, {"type": "Feature", "geometry": {"type": "Point", "coordinates": [139.7657759, 35.6831246]}, "properties": {"id": "place-3046", "name": "日本生命保険相互会社", "category": "building"}}, {"type": "Feature", "geometry": {"type": "Point", "coordinates": [139.7690087, 35.6815379]}, "properties": {"id": "place-3047", "name": "グラントウキョウノースタワー", "category": "building"}}, {"type": "Feature", "geometry": {"type": "Point", "coordinates": [139.7623874, 35.6849865]}, "properties": {"id": "place-3048", "name": "三井住友銀行本店ビルディング", "category": "building"}}, {"type": "Feature", "geometry": {"type": "Point", "coordinates": [139.7620711, 35.6861083]}, "properties": {"id": "place-3049", "name": "大手門タワー・JXビル", "category": "building"}}, {"type": "Feature", "geometry": {"type": "Point", "coordinates": [139.7625256, 35.6867028]}, "properties": {"id": "place-3050", "name": "大手町パークビルディング", "category": "building"}}, {"type": "Feature", "geometry": {"type": "Point", "coordinates": [139.7616595, 35.6897994]}, "properties": {"id": "place-3051", "name": "旧気象庁本庁舎", "category": "building"}}, {"type": "Feature", "geometry": {"type": "Point", "coordinates": [139.7659827, 35.6811816]}, "properties": {"id": "place-3052", "name": "東京駅丸の内駅舎", "category": "building"}}, {"type": "Feature", "geometry": {"type": "Point", "coordinates": [139.7584101, 35.6840359]}, "properties": {"id": "place-3053", "name": "桔梗門", "category": "building"}}, {"type": "Feature", "geometry": {"type": "Point", "coordinates": [139.7613066, 35.6848595]}, "properties": {"id": "place-3054", "name": "パレスビル", "category": "building"}}, {"type": "Feature", "geometry": {"type": "Point", "coordinates": [139.7612539, 35.6845607]}, "properties": {"id": "place-3055", "name": "パレスホテル東京", "category": "tourism"}}, {"type": "Feature", "geometry": {"type": "Point", "coordinates": [139.7735447, 35.6854648]}, "properties": {"id": "place-3056", "name": "日本橋三越本店", "category": "shop"}}, {"type": "Feature", "geometry": {"type": "Point", "coordinates": [139.7616218, 35.6789889]}, "properties": {"id": "place-3057", "name": "明治生命館", "category": "building"}}, {"type": "Feature", "geometry": {"type": "Point", "coordinates": [139.7636266, 35.6899224]}, "properties": {"id": "place-3058", "name": "千代田区立神田橋公園", "category": "building"}}, {"type": "Feature", "geometry": {"type": "Point", "coordinates": [139.7696303, 35.6776197]}, "properties": {"id": "place-3059", "name": "タイムズ京橋エドグラン", "category": "amenity"}}, {"type": "Feature", "geometry": {"type": "Point", "coordinates": [139.7648286, 35.6797937]}, "properties": {"id": "place-3060", "name": "JPタワー", "category": "building"}}, {"type": "Feature", "geometry": {"type": "Point", "coordinates": [139.767099, 35.6813409]}, "properties": {"id": "place-3061", "name": "東京駅9・10番線ホーム", "category": "railway"}}, {"type": "Feature", "geometry": {"type": "Point", "coordinates": [139.7649475, 35.6819138]}, "properties": {"id": "place-3062", "name": "東京メトロ東京駅1・2番線ホーム", "category": "railway"}}, {"type": "Feature", "geometry": {"type": "Point", "coordinates": [139.7674392, 35.6812423]}, "properties": {"id": "place-3063", "name": "東京駅22・23番線ホーム", "category": "railway"}}, {"type": "Feature", "geometry": {"type": "Point", "coordinates": [139.7672607, 35.6812764]}, "properties": {"id": "place-3064", "name": "東京駅20・21番線ホーム", "category": "railway"}}, {"type": "Feature", "geometry": {"type": "Point", "coordinates": [139.766938, 35.6813717]}, "properties": {"id": "place-3065", "name": "東京駅7・8番線ホーム", "category": "railway"}}, {"type": "Feature", "geometry": {"type": "Point", "coordinates": [139.7667123, 35.6812861]}, "properties": {"id": "place-3066", "name": "東京駅5・6番線ホーム", "category": "railway"}}, {"type": "Feature", "geometry": {"type": "Point", "coordinates": [139.7665311, 35.6813264]}, "properties": {"id": "place-3067", "name": "東京駅3・4番線ホーム", "category": "railway"}}, {"type": "Feature", "geometry": {"type": "Point", "coordinates": [139.7664407, 35.6814338]}, "properties": {"id": "place-3068", "name": "東京駅1・2番線ホーム", "category": "railway"}}]}