{"type": "FeatureCollection", "features": [{"type": "Feature", "geometry": {"type": "Point", "coordinates": [139.763425, 35.677701]}, "properties": {"id": "tree-0", "species": "イチョウ", "height": 10.5, "crownDiameter": 4.0}}, {"type": "Feature", "geometry": {"type": "Point", "coordinates": [139.763441, 35.677751]}, "properties": {"id": "tree-1", "species": "イチョウ", "height": 7.5, "crownDiameter": 1.5}}, {"type": "Feature", "geometry": {"type": "Point", "coordinates": [139.763263, 35.677799]}, "properties": {"id": "tree-2", "species": "イチョウ", "height": 12.5, "crownDiameter": 3.5}}, {"type": "Feature", "geometry": {"type": "Point", "coordinates": [139.763002, 35.677951]}, "properties": {"id": "tree-3", "species": "イチョウ", "height": 18.0, "crownDiameter": 3.5}}, {"type": "Feature", "geometry": {"type": "Point", "coordinates": [139.763074, 35.677937]}, "properties": {"id": "tree-4", "species": "イチョウ", "height": 17.5, "crownDiameter": 3.5}}, {"type": "Feature", "geometry": {"type": "Point", "coordinates": [139.763149, 35.677921]}, "properties": {"id": "tree-5", "species": "イチョウ", "height": 18.0, "crownDiameter": 4.5}}, {"type": "Feature", "geometry": {"type": "Point", "coordinates": [139.763607, 35.677823]}, "properties": {"id": "tree-6", "species": "イチョウ", "height": 14.0, "crownDiameter": 4.0}}, {"type": "Feature", "geometry": {"type": "Point", "coordinates": [139.763672, 35.67781]}, "properties": {"id": "tree-7", "species": "イチョウ", "height": 14.0, "crownDiameter": 4.5}}, {"type": "Feature", "geometry": {"type": "Point", "coordinates": [139.763905, 35.677757]}, "properties": {"id": "tree-8", "species": "イチョウ", "height": 14.0, "crownDiameter": 3.5}}, {"type": "Feature", "geometry": {"type": "Point", "coordinates": [139.763958, 35.677746]}, "properties": {"id": "tree-9", "species": "イチョウ", "height": 13.0, "crownDiameter": 4.0}}, {"type": "Feature", "geometry": {"type": "Point", "coordinates": [139.764018, 35.677732]}, "properties": {"id": "tree-10", "species": "イチョウ", "height": 14.0, "crownDiameter": 4.5}}, {"type": "Feature", "geometry": {"type": "Point", "coordinates": [139.764202, 35.677692]}, "properties": {"id": "tree-11", "species": "イチョウ", "height": 14.0, "crownDiameter": 4.0}}, {"type": "Feature", "geometry": {"type": "Point", "coordinates": [139.764263, 35.677679]}, "properties": {"id": "tree-12", "species": "イチョウ", "height": 14.0, "crownDiameter": 4.0}}, {"type": "Feature", "geometry": {"type": "Point", "coordinates": [139.764372, 35.677656]}, "properties": {"id": "tree-13", "species": "イチョウ", "height": 13.5, "crownDiameter": 3.0}}, {"type": "Feature", "geometry": {"type": "Point", "coordinates": [139.764451, 35.677639]}, "properties": {"id": "tree-14", "species": "イチョウ", "height": 12.0, "crownDiameter": 3.0}}, {"type": "Feature", "geometry": {"type": "Point", "coordinates": [139.764541, 35.677618]}, "properties": {"id": "tree-15", "species": "イチョウ", "height": 13.5, "crownDiameter": 3.5}}, {"type": "Feature", "geometry": {"type": "Point", "coordinates": [139.76476, 35.677572]}, "properties": {"id": "tree-16", "species": "イチョウ", "height": 12.0, "crownDiameter": 3.5}}, {"type": "Feature", "geometry": {"type": "Point", "coordinates": [139.764954, 35.677529]}, "properties": {"id": "tree-17", "species": "イチョウ", "height": 10.5, "crownDiameter": 3.5}}, {"type": "Feature", "geometry": {"type": "Point", "coordinates": [139.765646, 35.677376]}, "properties": {"id": "tree-18", "species": "イチョウ", "height": 14.5, "crownDiameter": 5.5}}, {"type": "Feature", "geometry": {"type": "Point", "coordinates": [139.766035, 35.67729]}, "properties": {"id": "tree-19", "species": "イチョウ", "height": 10.5, "crownDiameter": 3.5}}, {"type": "Feature", "geometry": {"type": "Point", "coordinates": [139.766104, 35.677274]}, "properties": {"id": "tree-20", "species": "イチョウ", "height": 15.0, "crownDiameter": 4.5}}, {"type": "Feature", "geometry": {"type": "Point", "coordinates": [139.766159, 35.677263]}, "properties": {"id": "tree-21", "species": "イチョウ", "height": 15.0, "crownDiameter": 5.5}}, {"type": "Feature", "geometry": {"type": "Point", "coordinates": [139.766271, 35.67724]}, "properties": {"id": "tree-22", "species": "イチョウ", "height": 15.0, "crownDiameter": 5.5}}, {"type": "Feature", "geometry": {"type": "Point", "coordinates": [139.766316, 35.677234]}, "properties": {"id": "tree-23", "species": "イチョウ", "height": 14.5, "crownDiameter": 3.5}}, {"type": "Feature", "geometry": {"type": "Point", "coordinates": [139.766369, 35.677224]}, "properties": {"id": "tree-24", "species": "イチョウ", "height": 15.0, "crownDiameter": 4.5}}, {"type": "Feature", "geometry": {"type": "Point", "coordinates": [139.766434, 35.677209]}, "properties": {"id": "tree-25", "species": "イチョウ", "height": 15.0, "crownDiameter": 5.5}}, {"type": "Feature", "geometry": {"type": "Point", "coordinates": [139.761281, 35.67858]}, "properties": {"id": "tree-26", "species": "イチョウ", "height": 14.0, "crownDiameter": 6.0}}, {"type": "Feature", "geometry": {"type": "Point", "coordinates": [139.761527, 35.678527]}, "properties": {"id": "tree-27", "species": "イチョウ", "height": 18.5, "crownDiameter": 5.5}}, {"type": "Feature", "geometry": {"type": "Point", "coordinates": [139.76162, 35.678506]}, "properties": {"id": "tree-28", "species": "イチョウ", "height": 18.5, "crownDiameter": 5.5}}, {"type": "Feature", "geometry": {"type": "Point", "coordinates": [139.761703, 35.678488]}, "properties": {"id": "tree-29", "species": "イチョウ", "height": 18.5, "crownDiameter": 7.0}}, {"type": "Feature", "geometry": {"type": "Point", "coordinates": [139.761826, 35.678461]}, "properties": {"id": "tree-30", "species": "イチョウ", "height": 12.5, "crownDiameter": 3.5}}, {"type": "Feature", "geometry": {"type": "Point", "coordinates": [139.76188, 35.678451]}, "properties": {"id": "tree-31", "species": "イチョウ", "height": 9.0, "crownDiameter": 4.5}}, {"type": "Feature", "geometry": {"type": "Point", "coordinates": [139.761981, 35.678427]}, "properties": {"id": "tree-32", "species": "イチョウ", "height": 17.5, "crownDiameter": 5.5}}, {"type": "Feature", "geometry": {"type": "Point", "coordinates": [139.762042, 35.678415]}, "properties": {"id": "tree-33", "species": "イチョウ", "height": 17.5, "crownDiameter": 4.5}}, {"type": "Feature", "geometry": {"type": "Point", "coordinates": [139.762123, 35.678396]}, "properties": {"id": "tree-34", "species": "イチョウ", "height": 17.5, "crownDiameter": 5.5}}, {"type": "Feature", "geometry": {"type": "Point", "coordinates": [139.762445, 35.678327]}, "properties": {"id": "tree-35", "species": "イチョウ", "height": 11.0, "crownDiameter": 5.0}}, {"type": "Feature", "geometry": {"type": "Point", "coordinates": [139.762512, 35.678312]}, "properties": {"id": "tree-36", "species": "イチョウ", "height": 11.0, "crownDiameter": 5.0}}, {"type": "Feature", "geometry": {"type": "Point", "coordinates": [139.762641, 35.678285]}, "properties": {"id": "tree-37", "species": "イチョウ", "height": 16.0, "crownDiameter": 5.0}}, {"type": "Feature", "geometry": {"type": "Point", "coordinates": [139.762743, 35.678263]}, "properties": {"id": "tree-38", "species": "イチョウ", "height": 16.0, "crownDiameter": 4.5}}, {"type": "Feature", "geometry": {"type": "Point", "coordinates": [139.762795, 35.678251]}, "properties": {"id": "tree-39", "species": "イチョウ", "height": 16.0, "crownDiameter": 4.0}}, {"type": "Feature", "geometry": {"type": "Point", "coordinates": [139.762875, 35.678234]}, "properties": {"id": "tree-40", "species": "イチョウ", "height": 16.0, "crownDiameter": 5.0}}, {"type": "Feature", "geometry": {"type": "Point", "coordinates": [139.762948, 35.678218]}, "properties": {"id": "tree-41", "species": "イチョウ", "height": 16.0, "crownDiameter": 4.5}}, {"type": "Feature", "geometry": {"type": "Point", "coordinates": [139.763025, 35.678201]}, "properties": {"id": "tree-42", "species": "イチョウ", "height": 16.0, "crownDiameter": 4.5}}, {"type": "Feature", "geometry": {"type": "Point", "coordinates": [139.763135, 35.678178]}, "properties": {"id": "tree-43", "species": "イチョウ", "height": 16.0, "crownDiameter": 4.5}}, {"type": "Feature", "geometry": {"type": "Point", "coordinates": [139.763203, 35.678163]}, "properties": {"id": "tree-44", "species": "イチョウ", "height": 16.0, "crownDiameter": 4.5}}, {"type": "Feature", "geometry": {"type": "Point", "coordinates": [139.763703, 35.678058]}, "properties": {"id": "tree-45", "species": "イチョウ", "height": 14.0, "crownDiameter": 4.5}}, {"type": "Feature", "geometry": {"type": "Point", "coordinates": [139.763876, 35.678015]}, "properties": {"id": "tree-46", "species": "イチョウ", "height": 14.5, "crownDiameter": 4.5}}, {"type": "Feature", "geometry": {"type": "Point", "coordinates": [139.763777, 35.678042]}, "properties": {"id": "tree-47", "species": "イチョウ", "height": 14.5, "crownDiameter": 4.5}}, {"type": "Feature", "geometry": {"type": "Point", "coordinates": [139.763971, 35.677995]}, "properties": {"id": "tree-48", "species": "イチョウ", "height": 14.0, "crownDiameter": 4.0}}, {"type": "Feature", "geometry": {"type": "Point", "coordinates": [139.764063, 35.677974]}, "properties": {"id": "tree-49", "species": "イチョウ", "height": 13.5, "crownDiameter": 4.5}}, {"type": "Feature", "geometry": {"type": "Point", "coordinates": [139.764144, 35.677957]}, "properties": {"id": "tree-50", "species": "イチョウ", "height": 14.0, "crownDiameter": 4.0}}, {"type": "Feature", "geometry": {"type": "Point", "coordinates": [139.764214, 35.677942]}, "properties": {"id": "tree-51", "species": "イチョウ", "height": 14.0, "crownDiameter": 4.5}}, {"type": "Feature", "geometry": {"type": "Point", "coordinates": [139.764394, 35.677905]}, "properties": {"id": "tree-52", "species": "イチョウ", "height": 10.5, "crownDiameter": 3.5}}, {"type": "Feature", "geometry": {"type": "Point", "coordinates": [139.764499, 35.677882]}, "properties": {"id": "tree-53", "species": "イチョウ", "height": 12.0, "crownDiameter": 3.5}}, {"type": "Feature", "geometry": {"type": "Point", "coordinates": [139.764592, 35.677862]}, "properties": {"id": "tree-54", "species": "イチョウ", "height": 10.0, "crownDiameter": 3.5}}, {"type": "Feature", "geometry": {"type": "Point", "coordinates": [139.764675, 35.677843]}, "properties": {"id": "tree-55", "species": "イチョウ", "height": 10.5, "crownDiameter": 3.5}}, {"type": "Feature", "geometry": {"type": "Point", "coordinates": [139.764747, 35.677829]}, "properties": {"id": "tree-56", "species": "イチョウ", "height": 13.0, "crownDiameter": 5.0}}, {"type": "Feature", "geometry": {"type": "Point", "coordinates": [139.764821, 35.677816]}, "properties": {"id": "tree-57", "species": "イチョウ", "height": 12.5, "crownDiameter": 4.5}}, {"type": "Feature", "geometry": {"type": "Point", "coordinates": [139.763575, 35.678172]}, "properties": {"id": "tree-58", "species": "イチョウ", "height": 13.0, "crownDiameter": 4.5}}, {"type": "Feature", "geometry": {"type": "Point", "coordinates": [139.763404, 35.678217]}, "properties": {"id": "tree-59", "species": "イチョウ", "height": 13.0, "crownDiameter": 5.5}}, {"type": "Feature", "geometry": {"type": "Point", "coordinates": [139.766043, 35.677545]}, "properties": {"id": "tree-60", "species": "イチョウ", "height": 15.5, "crownDiameter": 5.5}}, {"type": "Feature", "geometry": {"type": "Point", "coordinates": [139.766181, 35.677526]}, "properties": {"id": "tree-61", "species": "イチョウ", "height": 15.5, "crownDiameter": 6.0}}, {"type": "Feature", "geometry": {"type": "Point", "coordinates": [139.766334, 35.677493]}, "properties": {"id": "tree-62", "species": "イチョウ", "height": 14.0, "crownDiameter": 3.5}}, {"type": "Feature", "geometry": {"type": "Point", "coordinates": [139.766417, 35.677476]}, "properties": {"id": "tree-63", "species": "イチョウ", "height": 13.0, "crownDiameter": 3.5}}, {"type": "Feature", "geometry": {"type": "Point", "coordinates": [139.766492, 35.677463]}, "properties": {"id": "tree-64", "species": "イチョウ", "height": 14.0, "crownDiameter": 4.0}}, {"type": "Feature", "geometry": {"type": "Point", "coordinates": [139.766667, 35.677422]}, "properties": {"id": "tree-65", "species": "イチョウ", "height": 12.0, "crownDiameter": 4.5}}, {"type": "Feature", "geometry": {"type": "Point", "coordinates": [139.766556, 35.677451]}, "properties": {"id": "tree-66", "species": "イチョウ", "height": 12.0, "crownDiameter": 4.0}}, {"type": "Feature", "geometry": {"type": "Point", "coordinates": [139.766711, 35.677412]}, "properties": {"id": "tree-67", "species": "イチョウ", "height": 12.0, "crownDiameter": 4.0}}, {"type": "Feature", "geometry": {"type": "Point", "coordinates": [139.763417, 35.678254]}, "properties": {"id": "tree-68", "species": "イチョウ", "height": 13.5, "crownDiameter": 5.5}}, {"type": "Feature", "geometry": {"type": "Point", "coordinates": [139.763591, 35.678219]}, "properties": {"id": "tree-69", "species": "イチョウ", "height": 13.0, "crownDiameter": 5.5}}, {"type": "Feature", "geometry": {"type": "Point", "coordinates": [139.765255, 35.67782]}, "properties": {"id": "tree-70", "species": "トウカエデ", "height": 12.0, "crownDiameter": 5.0}}, {"type": "Feature", "geometry": {"type": "Point", "coordinates": [139.76343, 35.678304]}, "properties": {"id": "tree-71", "species": "イチョウ", "height": 13.5, "crownDiameter": 5.0}}, {"type": "Feature", "geometry": {"type": "Point", "coordinates": [139.763611, 35.678275]}, "properties": {"id": "tree-72", "species": "イチョウ", "height": 13.5, "crownDiameter": 5.5}}, {"type": "Feature", "geometry": {"type": "Point", "coordinates": [139.765279, 35.67789]}, "properties": {"id": "tree-73", "species": "トウカエデ", "height": 12.0, "crownDiameter": 6.0}}, {"type": "Feature", "geometry": {"type": "Point", "coordinates": [139.76345, 35.678361]}, "properties": {"id": "tree-74", "species": "イチョウ", "height": 13.5, "crownDiameter": 6.0}}, {"type": "Feature", "geometry": {"type": "Point", "coordinates": [139.763627, 35.678332]}, "properties": {"id": "tree-75", "species": "イチョウ", "height": 13.5, "crownDiameter": 3.5}}, {"type": "Feature", "geometry": {"type": "Point", "coordinates": [139.763467, 35.678411]}, "properties": {"id": "tree-76", "species": "イチョウ", "height": 12.5, "crownDiameter": 4.5}}, {"type": "Feature", "geometry": {"type": "Point", "coordinates": [139.765303, 35.677955]}, "properties": {"id": "tree-77", "species": "トウカエデ", "height": 10.0, "crownDiameter": 4.5}}, {"type": "Feature", "geometry": {"type": "Point", "coordinates": [139.763646, 35.678388]}, "properties": {"id": "tree-78", "species": "イチョウ", "height": 13.5, "crownDiameter": 4.0}}, {"type": "Feature", "geometry": {"type": "Point", "coordinates": [139.765079, 35.678024]}, "properties": {"id": "tree-79", "species": "スズカケノキ", "height": 13.0, "crownDiameter": 5.5}}, {"type": "Feature", "geometry": {"type": "Point", "coordinates": [139.765089, 35.678053]}, "properties": {"id": "tree-80", "species": "キンモクセイ", "height": 4.0, "crownDiameter": 3.5}}, {"type": "Feature", "geometry": {"type": "Point", "coordinates": [139.765325, 35.678019]}, "properties": {"id": "tree-81", "species": "トウカエデ", "height": 10.5, "crownDiameter": 5.5}}, {"type": "Feature", "geometry": {"type": "Point", "coordinates": [139.763666, 35.678445]}, "properties": {"id": "tree-82", "species": "イチョウ", "height": 13.5, "crownDiameter": 3.5}}, {"type": "Feature", "geometry": {"type": "Point", "coordinates": [139.765099, 35.678081]}, "properties": {"id": "tree-83", "species": "スズカケノキ", "height": 7.5, "crownDiameter": 3.5}}, {"type": "Feature", "geometry": {"type": "Point", "coordinates": [139.763685, 35.678502]}, "properties": {"id": "tree-84", "species": "イチョウ", "height": 11.5, "crownDiameter": 4.5}}, {"type": "Feature", "geometry": {"type": "Point", "coordinates": [139.765348, 35.678081]}, "properties": {"id": "tree-85", "species": "トウカエデ", "height": 9.5, "crownDiameter": 5.5}}, {"type": "Feature", "geometry": {"type": "Point", "coordinates": [139.763514, 35.678553]}, "properties": {"id": "tree-86", "species": "イチョウ", "height": 12.5, "crownDiameter": 5.5}}, {"type": "Feature", "geometry": {"type": "Point", "coordinates": [139.765123, 35.678146]}, "properties": {"id": "tree-87", "species": "スズカケノキ", "height": 11.5, "crownDiameter": 4.5}}, {"type": "Feature", "geometry": {"type": "Point", "coordinates": [139.765133, 35.678176]}, "properties": {"id": "tree-88", "species": "キンモクセイ", "height": 4.0, "crownDiameter": 3.0}}, {"type": "Feature", "geometry": {"type": "Point", "coordinates": [139.763701, 35.678554]}, "properties": {"id": "tree-89", "species": "イチョウ", "height": 13.0, "crownDiameter": 4.0}}, {"type": "Feature", "geometry": {"type": "Point", "coordinates": [139.765142, 35.6782]}, "properties": {"id": "tree-90", "species": "キンモクセイ", "height": 4.0, "crownDiameter": 4.0}}, {"type": "Feature", "geometry": {"type": "Point", "coordinates": [139.765371, 35.678147]}, "properties": {"id": "tree-91", "species": "トウカエデ", "height": 10.0, "crownDiameter": 5.0}}, {"type": "Feature", "geometry": {"type": "Point", "coordinates": [139.763537, 35.678624]}, "properties": {"id": "tree-92", "species": "イチョウ", "height": 12.5, "crownDiameter": 6.0}}, {"type": "Feature", "geometry": {"type": "Point", "coordinates": [139.765153, 35.678228]}, "properties": {"id": "tree-93", "species": "スズカケノキ", "height": 11.5, "crownDiameter": 5.0}}, {"type": "Feature", "geometry": {"type": "Point", "coordinates": [139.763554, 35.678677]}, "properties": {"id": "tree-94", "species": "イチョウ", "height": 12.5, "crownDiameter": 5.0}}, {"type": "Feature", "geometry": {"type": "Point", "coordinates": [139.765396, 35.67821]}, "properties": {"id": "tree-95", "species": "トウカエデ", "height": 8.5, "crownDiameter": 4.5}}, {"type": "Feature", "geometry": {"type": "Point", "coordinates": [139.763738, 35.678667]}, "properties": {"id": "tree-96", "species": "イチョウ", "height": 13.0, "crownDiameter": 4.0}}, {"type": "Feature", "geometry": {"type": "Point", "coordinates": [139.765421, 35.678269]}, "properties": {"id": "tree-97", "species": "トウカエデ", "height": 10.0, "crownDiameter": 5.0}}, {"type": "Feature", "geometry": {"type": "Point", "coordinates": [139.763756, 35.678722]}, "properties": {"id": "tree-98", "species": "イチョウ", "height": 15.0, "crownDiameter": 4.0}}, {"type": "Feature", "geometry": {"type": "Point", "coordinates": [139.765202, 35.678358]}, "properties": {"id": "tree-99", "species": "スズカケノキ", "height": 8.0, "crownDiameter": 3.5}}, {"type": "Feature", "geometry": {"type": "Point", "coordinates": [139.765207, 35.678382]}, "properties": {"id": "tree-100", "species": "キンモクセイ", "height": 4.0, "crownDiameter": 4.5}}, {"type": "Feature", "geometry": {"type": "Point", "coordinates": [139.765443, 35.678333]}, "properties": {"id": "tree-101", "species": "トウカエデ", "height": 10.0, "crownDiameter": 5.5}}, {"type": "Feature", "geometry": {"type": "Point", "coordinates": [139.765219, 35.678405]}, "properties": {"id": "tree-102", "species": "キンモクセイ", "height": 4.0, "crownDiameter": 3.5}}, {"type": "Feature", "geometry": {"type": "Point", "coordinates": [139.763602, 35.678824]}, "properties": {"id": "tree-103", "species": "イチョウ", "height": 10.5, "crownDiameter": 4.0}}, {"type": "Feature", "geometry": {"type": "Point", "coordinates": [139.763776, 35.678781]}, "properties": {"id": "tree-104", "species": "イチョウ", "height": 13.5, "crownDiameter": 5.0}}, {"type": "Feature", "geometry": {"type": "Point", "coordinates": [139.765225, 35.678427]}, "properties": {"id": "tree-105", "species": "スズカケノキ", "height": 8.0, "crownDiameter": 4.5}}, {"type": "Feature", "geometry": {"type": "Point", "coordinates": [139.765467, 35.678398]}, "properties": {"id": "tree-106", "species": "トウカエデ", "height": 10.0, "crownDiameter": 5.5}}, {"type": "Feature", "geometry": {"type": "Point", "coordinates": [139.763795, 35.678838]}, "properties": {"id": "tree-107", "species": "イチョウ", "height": 14.0, "crownDiameter": 4.0}}, {"type": "Feature", "geometry": {"type": "Point", "coordinates": [139.763629, 35.678903]}, "properties": {"id": "tree-108", "species": "イチョウ", "height": 11.5, "crownDiameter": 4.5}}, {"type": "Feature", "geometry": {"type": "Point", "coordinates": [139.76549, 35.678462]}, "properties": {"id": "tree-109", "species": "トウカエデ", "height": 11.0, "crownDiameter": 4.5}}, {"type": "Feature", "geometry": {"type": "Point", "coordinates": [139.765264, 35.678522]}, "properties": {"id": "tree-110", "species": "キンモクセイ", "height": 4.0, "crownDiameter": 3.5}}, {"type": "Feature", "geometry": {"type": "Point", "coordinates": [139.763813, 35.678894]}, "properties": {"id": "tree-111", "species": "イチョウ", "height": 15.0, "crownDiameter": 5.0}}, {"type": "Feature", "geometry": {"type": "Point", "coordinates": [139.765271, 35.678552]}, "properties": {"id": "tree-112", "species": "キンモクセイ", "height": 4.0, "crownDiameter": 3.0}}, {"type": "Feature", "geometry": {"type": "Point", "coordinates": [139.76365, 35.678974]}, "properties": {"id": "tree-113", "species": "イチョウ", "height": 13.5, "crownDiameter": 4.5}}, {"type": "Feature", "geometry": {"type": "Point", "coordinates": [139.765279, 35.678576]}, "properties": {"id": "tree-114", "species": "スズカケノキ", "height": 13.5, "crownDiameter": 6.0}}, {"type": "Feature", "geometry": {"type": "Point", "coordinates": [139.765511, 35.678524]}, "properties": {"id": "tree-115", "species": "トウカエデ", "height": 9.0, "crownDiameter": 4.0}}, {"type": "Feature", "geometry": {"type": "Point", "coordinates": [139.763836, 35.678957]}, "properties": {"id": "tree-116", "species": "イチョウ", "height": 13.5, "crownDiameter": 4.5}}, {"type": "Feature", "geometry": {"type": "Point", "coordinates": [139.765295, 35.678605]}, "properties": {"id": "tree-117", "species": "キンモクセイ", "height": 4.0, "crownDiameter": 2.5}}, {"type": "Feature", "geometry": {"type": "Point", "coordinates": [139.765301, 35.678634]}, "properties": {"id": "tree-118", "species": "キンモクセイ", "height": 4.0, "crownDiameter": 3.0}}, {"type": "Feature", "geometry": {"type": "Point", "coordinates": [139.763851, 35.679007]}, "properties": {"id": "tree-119", "species": "イチョウ", "height": 13.5, "crownDiameter": 5.5}}, {"type": "Feature", "geometry": {"type": "Point", "coordinates": [139.765534, 35.678587]}, "properties": {"id": "tree-120", "species": "トウカエデ", "height": 9.0, "crownDiameter": 4.5}}, {"type": "Feature", "geometry": {"type": "Point", "coordinates": [139.765307, 35.678657]}, "properties": {"id": "tree-121", "species": "スズカケノキ", "height": 11.5, "crownDiameter": 4.5}}, {"type": "Feature", "geometry": {"type": "Point", "coordinates": [139.76369, 35.679092]}, "properties": {"id": "tree-122", "species": "イチョウ", "height": 8.5, "crownDiameter": 4.5}}, {"type": "Feature", "geometry": {"type": "Point", "coordinates": [139.76532, 35.678687]}, "properties": {"id": "tree-123", "species": "キンモクセイ", "height": 4.0, "crownDiameter": 4.5}}, {"type": "Feature", "geometry": {"type": "Point", "coordinates": [139.76387, 35.679066]}, "properties": {"id": "tree-124", "species": "イチョウ", "height": 14.0, "crownDiameter": 5.5}}, {"type": "Feature", "geometry": {"type": "Point", "coordinates": [139.765557, 35.67865]}, "properties": {"id": "tree-125", "species": "トウカエデ", "height": 9.5, "crownDiameter": 5.0}}, {"type": "Feature", "geometry": {"type": "Point", "coordinates": [139.765325, 35.678711]}, "properties": {"id": "tree-126", "species": "スズカケノキ", "height": 11.5, "crownDiameter": 5.0}}, {"type": "Feature", "geometry": {"type": "Point", "coordinates": [139.763707, 35.679144]}, "properties": {"id": "tree-127", "species": "イチョウ", "height": 11.5, "crownDiameter": 4.5}}, {"type": "Feature", "geometry": {"type": "Point", "coordinates": [139.765339, 35.678737]}, "properties": {"id": "tree-128", "species": "キンモクセイ", "height": 4.0, "crownDiameter": 4.0}}, {"type": "Feature", "geometry": {"type": "Point", "coordinates": [139.763886, 35.679108]}, "properties": {"id": "tree-129", "species": "イチョウ", "height": 14.0, "crownDiameter": 4.0}}, {"type": "Feature", "geometry": {"type": "Point", "coordinates": [139.765347, 35.678767]}, "properties": {"id": "tree-130", "species": "スズカケノキ", "height": 10.0, "crownDiameter": 5.0}}, {"type": "Feature", "geometry": {"type": "Point", "coordinates": [139.765581, 35.678714]}, "properties": {"id": "tree-131", "species": "トウカエデ", "height": 9.5, "crownDiameter": 4.5}}, {"type": "Feature", "geometry": {"type": "Point", "coordinates": [139.765358, 35.678791]}, "properties": {"id": "tree-132", "species": "キンモクセイ", "height": 4.5, "crownDiameter": 5.0}}, {"type": "Feature", "geometry": {"type": "Point", "coordinates": [139.765366, 35.678828]}, "properties": {"id": "tree-133", "species": "キンモクセイ", "height": 4.5, "crownDiameter": 4.0}}, {"type": "Feature", "geometry": {"type": "Point", "coordinates": [139.765377, 35.678848]}, "properties": {"id": "tree-134", "species": "スズカケノキ", "height": 7.5, "crownDiameter": 5.0}}, {"type": "Feature", "geometry": {"type": "Point", "coordinates": [139.763923, 35.679224]}, "properties": {"id": "tree-135", "species": "イチョウ", "height": 14.0, "crownDiameter": 4.5}}, {"type": "Feature", "geometry": {"type": "Point", "coordinates": [139.765625, 35.67884]}, "properties": {"id": "tree-136", "species": "トウカエデ", "height": 9.0, "crownDiameter": 5.0}}, {"type": "Feature", "geometry": {"type": "Point", "coordinates": [139.765414, 35.678957]}, "properties": {"id": "tree-137", "species": "スズカケノキ", "height": 11.0, "crownDiameter": 7.0}}, {"type": "Feature", "geometry": {"type": "Point", "coordinates": [139.76565, 35.678905]}, "properties": {"id": "tree-138", "species": "トウカエデ", "height": 9.0, "crownDiameter": 5.0}}, {"type": "Feature", "geometry": {"type": "Point", "coordinates": [139.765441, 35.679024]}, "properties": {"id": "tree-139", "species": "スズカケノキ", "height": 11.0, "crownDiameter": 5.0}}, {"type": "Feature", "geometry": {"type": "Point", "coordinates": [139.765671, 35.67897]}, "properties": {"id": "tree-140", "species": "トウカエデ", "height": 9.0, "crownDiameter": 5.5}}, {"type": "Feature", "geometry": {"type": "Point", "coordinates": [139.763814, 35.679462]}, "properties": {"id": "tree-141", "species": "イチョウ", "height": 14.5, "crownDiameter": 4.5}}, {"type": "Feature", "geometry": {"type": "Point", "coordinates": [139.763988, 35.679423]}, "properties": {"id": "tree-142", "species": "イチョウ", "height": 13.5, "crownDiameter": 4.5}}, {"type": "Feature", "geometry": {"type": "Point", "coordinates": [139.763824, 35.67949]}, "properties": {"id": "tree-143", "species": "イチョウ", "height": 14.5, "crownDiameter": 5.5}}, {"type": "Feature", "geometry": {"type": "Point", "coordinates": [139.765459, 35.679073]}, "properties": {"id": "tree-144", "species": "スズカケノキ", "height": 11.0, "crownDiameter": 5.5}}, {"type": "Feature", "geometry": {"type": "Point", "coordinates": [139.763998, 35.679459]}, "properties": {"id": "tree-145", "species": "イチョウ", "height": 14.0, "crownDiameter": 4.0}}, {"type": "Feature", "geometry": {"type": "Point", "coordinates": [139.765695, 35.679032]}, "properties": {"id": "tree-146", "species": "トウカエデ", "height": 9.0, "crownDiameter": 5.0}}, {"type": "Feature", "geometry": {"type": "Point", "coordinates": [139.763849, 35.679569]}, "properties": {"id": "tree-147", "species": "イチョウ", "height": 14.5, "crownDiameter": 4.5}}, {"type": "Feature", "geometry": {"type": "Point", "coordinates": [139.765716, 35.679094]}, "properties": {"id": "tree-148", "species": "トウカエデ", "height": 9.0, "crownDiameter": 4.5}}, {"type": "Feature", "geometry": {"type": "Point", "coordinates": [139.765738, 35.679155]}, "properties": {"id": "tree-149", "species": "トウカエデ", "height": 12.0, "crownDiameter": 6.0}}, {"type": "Feature", "geometry": {"type": "Point", "coordinates": [139.763871, 35.679633]}, "properties": {"id": "tree-150", "species": "イチョウ", "height": 14.5, "crownDiameter": 4.5}}, {"type": "Feature", "geometry": {"type": "Point", "coordinates": [139.764055, 35.67963]}, "properties": {"id": "tree-151", "species": "イチョウ", "height": 14.0, "crownDiameter": 4.5}}, {"type": "Feature", "geometry": {"type": "Point", "coordinates": [139.765762, 35.67922]}, "properties": {"id": "tree-152", "species": "トウカエデ", "height": 10.0, "crownDiameter": 5.0}}, {"type": "Feature", "geometry": {"type": "Point", "coordinates": [139.763893, 35.679707]}, "properties": {"id": "tree-153", "species": "イチョウ", "height": 14.0, "crownDiameter": 5.0}}, {"type": "Feature", "geometry": {"type": "Point", "coordinates": [139.76408, 35.679712]}, "properties": {"id": "tree-154", "species": "イチョウ", "height": 15.0, "crownDiameter": 4.5}}, {"type": "Feature", "geometry": {"type": "Point", "coordinates": [139.765784, 35.679284]}, "properties": {"id": "tree-155", "species": "トウカエデ", "height": 9.0, "crownDiameter": 4.5}}, {"type": "Feature", "geometry": {"type": "Point", "coordinates": [139.76581, 35.679356]}, "properties": {"id": "tree-156", "species": "トウカエデ", "height": 10.0, "crownDiameter": 5.5}}, {"type": "Feature", "geometry": {"type": "Point", "coordinates": [139.763967, 35.67993]}, "properties": {"id": "tree-157", "species": "イチョウ", "height": 16.0, "crownDiameter": 4.5}}, {"type": "Feature", "geometry": {"type": "Point", "coordinates": [139.764144, 35.6799]}, "properties": {"id": "tree-158", "species": "イチョウ", "height": 13.0, "crownDiameter": 3.5}}, {"type": "Feature", "geometry": {"type": "Point", "coordinates": [139.76399, 35.680002]}, "properties": {"id": "tree-159", "species": "イチョウ", "height": 16.0, "crownDiameter": 5.5}}, {"type": "Feature", "geometry": {"type": "Point", "coordinates": [139.764164, 35.67997]}, "properties": {"id": "tree-160", "species": "イチョウ", "height": 14.5, "crownDiameter": 4.5}}, {"type": "Feature", "geometry": {"type": "Point", "coordinates": [139.764014, 35.680076]}, "properties": {"id": "tree-161", "species": "イチョウ", "height": 16.0, "crownDiameter": 5.0}}, {"type": "Feature", "geometry": {"type": "Point", "coordinates": [139.764034, 35.68014]}, "properties": {"id": "tree-162", "species": "イチョウ", "height": 16.0, "crownDiameter": 4.5}}, {"type": "Feature", "geometry": {"type": "Point", "coordinates": [139.764206, 35.680102]}, "properties": {"id": "tree-163", "species": "イチョウ", "height": 13.0, "crownDiameter": 4.0}}, {"type": "Feature", "geometry": {"type": "Point", "coordinates": [139.765751, 35.679715]}, "properties": {"id": "tree-164", "species": "スズカケノキ", "height": 8.0, "crownDiameter": 6.0}}, {"type": "Feature", "geometry": {"type": "Point", "coordinates": [139.764056, 35.680208]}, "properties": {"id": "tree-165", "species": "イチョウ", "height": 13.5, "crownDiameter": 5.5}}, {"type": "Feature", "geometry": {"type": "Point", "coordinates": [139.76423, 35.680176]}, "properties": {"id": "tree-166", "species": "イチョウ", "height": 14.5, "crownDiameter": 4.0}}, {"type": "Feature", "geometry": {"type": "Point", "coordinates": [139.764149, 35.680538]}, "properties": {"id": "tree-167", "species": "イチョウ", "height": 18.0, "crownDiameter": 5.5}}, {"type": "Feature", "geometry": {"type": "Point", "coordinates": [139.765405, 35.680246]}, "properties": {"id": "tree-168", "species": "イチョウ", "height": 10.0, "crownDiameter": 6.0}}, {"type": "Feature", "geometry": {"type": "Point", "coordinates": [139.765355, 35.680294]}, "properties": {"id": "tree-169", "species": "イチョウ", "height": 10.0, "crownDiameter": 5.0}}, {"type": "Feature", "geometry": {"type": "Point", "coordinates": [139.764171, 35.6806]}, "properties": {"id": "tree-170", "species": "イチョウ", "height": 20.0, "crownDiameter": 6.0}}, {"type": "Feature", "geometry": {"type": "Point", "coordinates": [139.764207, 35.680699]}, "properties": {"id": "tree-171", "species": "イチョウ", "height": 18.0, "crownDiameter": 7.0}}, {"type": "Feature", "geometry": {"type": "Point", "coordinates": [139.765173, 35.680502]}, "properties": {"id": "tree-172", "species": "アキニレ", "height": 9.0, "crownDiameter": 5.0}}, {"type": "Feature", "geometry": {"type": "Point", "coordinates": [139.764227, 35.680765]}, "properties": {"id": "tree-173", "species": "イチョウ", "height": 15.5, "crownDiameter": 7.0}}, {"type": "Feature", "geometry": {"type": "Point", "coordinates": [139.765158, 35.680555]}, "properties": {"id": "tree-174", "species": "シラカシ", "height": 9.0, "crownDiameter": 5.5}}, {"type": "Feature", "geometry": {"type": "Point", "coordinates": [139.764505, 35.680734]}, "properties": {"id": "tree-175", "species": "イチョウ", "height": 10.0, "crownDiameter": 6.0}}, {"type": "Feature", "geometry": {"type": "Point", "coordinates": [139.765225, 35.680556]}, "properties": {"id": "tree-176", "species": "アキニレ", "height": 9.0, "crownDiameter": 7.0}}, {"type": "Feature", "geometry": {"type": "Point", "coordinates": [139.764249, 35.680821]}, "properties": {"id": "tree-177", "species": "イチョウ", "height": 14.0, "crownDiameter": 4.5}}, {"type": "Feature", "geometry": {"type": "Point", "coordinates": [139.765144, 35.680601]}, "properties": {"id": "tree-178", "species": "シラカシ", "height": 9.0, "crownDiameter": 5.0}}, {"type": "Feature", "geometry": {"type": "Point", "coordinates": [139.764995, 35.680641]}, "properties": {"id": "tree-179", "species": "クスノキ", "height": 8.0, "crownDiameter": 5.0}}, {"type": "Feature", "geometry": {"type": "Point", "coordinates": [139.764519, 35.68078]}, "properties": {"id": "tree-180", "species": "イチョウ", "height": 10.0, "crownDiameter": 5.0}}, {"type": "Feature", "geometry": {"type": "Point", "coordinates": [139.764268, 35.680879]}, "properties": {"id": "tree-181", "species": "イチョウ", "height": 15.5, "crownDiameter": 4.0}}, {"type": "Feature", "geometry": {"type": "Point", "coordinates": [139.765131, 35.680669]}, "properties": {"id": "tree-182", "species": "サクラ", "height": 9.0, "crownDiameter": 4.5}}, {"type": "Feature", "geometry": {"type": "Point", "coordinates": [139.765178, 35.680659]}, "properties": {"id": "tree-183", "species": "ウバメガシ", "height": 6.5, "crownDiameter": 3.0}}, {"type": "Feature", "geometry": {"type": "Point", "coordinates": [139.764535, 35.68083]}, "properties": {"id": "tree-184", "species": "イチョウ", "height": 10.0, "crownDiameter": 5.5}}, {"type": "Feature", "geometry": {"type": "Point", "coordinates": [139.764283, 35.680927]}, "properties": {"id": "tree-185", "species": "イチョウ", "height": 16.0, "crownDiameter": 5.0}}, {"type": "Feature", "geometry": {"type": "Point", "coordinates": [139.765168, 35.68071]}, "properties": {"id": "tree-186", "species": "サクラ", "height": 9.0, "crownDiameter": 4.0}}, {"type": "Feature", "geometry": {"type": "Point", "coordinates": [139.764959, 35.680767]}, "properties": {"id": "tree-187", "species": "クスノキ", "height": 8.0, "crownDiameter": 6.0}}, {"type": "Feature", "geometry": {"type": "Point", "coordinates": [139.764546, 35.680875]}, "properties": {"id": "tree-188", "species": "イチョウ", "height": 10.0, "crownDiameter": 6.5}}, {"type": "Feature", "geometry": {"type": "Point", "coordinates": [139.764568, 35.680925]}, "properties": {"id": "tree-189", "species": "イチョウ", "height": 10.0, "crownDiameter": 5.5}}, {"type": "Feature", "geometry": {"type": "Point", "coordinates": [139.764314, 35.681024]}, "properties": {"id": "tree-190", "species": "イチョウ", "height": 16.0, "crownDiameter": 4.5}}, {"type": "Feature", "geometry": {"type": "Point", "coordinates": [139.764577, 35.68098]}, "properties": {"id": "tree-191", "species": "イチョウ", "height": 8.5, "crownDiameter": 4.5}}, {"type": "Feature", "geometry": {"type": "Point", "coordinates": [139.764336, 35.681094]}, "properties": {"id": "tree-192", "species": "イチョウ", "height": 14.0, "crownDiameter": 6.0}}, {"type": "Feature", "geometry": {"type": "Point", "coordinates": [139.764362, 35.681167]}, "properties": {"id": "tree-193", "species": "イチョウ", "height": 14.0, "crownDiameter": 5.0}}, {"type": "Feature", "geometry": {"type": "Point", "coordinates": [139.764619, 35.681139]}, "properties": {"id": "tree-194", "species": "イチョウ", "height": 8.5, "crownDiameter": 4.5}}, {"type": "Feature", "geometry": {"type": "Point", "coordinates": [139.764382, 35.681226]}, "properties": {"id": "tree-195", "species": "イチョウ", "height": 10.5, "crownDiameter": 4.5}}, {"type": "Feature", "geometry": {"type": "Point", "coordinates": [139.764639, 35.681192]}, "properties": {"id": "tree-196", "species": "イチョウ", "height": 8.5, "crownDiameter": 4.5}}, {"type": "Feature", "geometry": {"type": "Point", "coordinates": [139.75992, 35.682435]}, "properties": {"id": "tree-197", "species": "イチョウ", "height": 13.0, "crownDiameter": 7.5}}, {"type": "Feature", "geometry": {"type": "Point", "coordinates": [139.760027, 35.682411]}, "properties": {"id": "tree-198", "species": "イチョウ", "height": 14.0, "crownDiameter": 6.5}}, {"type": "Feature", "geometry": {"type": "Point", "coordinates": [139.760154, 35.682385]}, "properties": {"id": "tree-199", "species": "イチョウ", "height": 12.0, "crownDiameter": 6.5}}, {"type": "Feature", "geometry": {"type": "Point", "coordinates": [139.760295, 35.682352]}, "properties": {"id": "tree-200", "species": "イチョウ", "height": 11.5, "crownDiameter": 7.0}}, {"type": "Feature", "geometry": {"type": "Point", "coordinates": [139.760441, 35.682323]}, "properties": {"id": "tree-201", "species": "イチョウ", "height": 13.0, "crownDiameter": 8.0}}, {"type": "Feature", "geometry": {"type": "Point", "coordinates": [139.760575, 35.682292]}, "properties": {"id": "tree-202", "species": "イチョウ", "height": 13.5, "crownDiameter": 9.5}}, {"type": "Feature", "geometry": {"type": "Point", "coordinates": [139.760737, 35.682255]}, "properties": {"id": "tree-203", "species": "イチョウ", "height": 11.5, "crownDiameter": 7.0}}, {"type": "Feature", "geometry": {"type": "Point", "coordinates": [139.760862, 35.682229]}, "properties": {"id": "tree-204", "species": "イチョウ", "height": 12.0, "crownDiameter": 7.5}}, {"type": "Feature", "geometry": {"type": "Point", "coordinates": [139.760968, 35.682206]}, "properties": {"id": "tree-205", "species": "イチョウ", "height": 11.5, "crownDiameter": 7.5}}, {"type": "Feature", "geometry": {"type": "Point", "coordinates": [139.761088, 35.682179]}, "properties": {"id": "tree-206", "species": "イチョウ", "height": 12.5, "crownDiameter": 7.5}}, {"type": "Feature", "geometry": {"type": "Point", "coordinates": [139.761229, 35.682147]}, "properties": {"id": "tree-207", "species": "イチョウ", "height": 15.0, "crownDiameter": 7.0}}, {"type": "Feature", "geometry": {"type": "Point", "coordinates": [139.761383, 35.682114]}, "properties": {"id": "tree-208", "species": "イチョウ", "height": 13.0, "crownDiameter": 8.0}}, {"type": "Feature", "geometry": {"type": "Point", "coordinates": [139.761506, 35.682088]}, "properties": {"id": "tree-209", "species": "イチョウ", "height": 11.5, "crownDiameter": 6.5}}, {"type": "Feature", "geometry": {"type": "Point", "coordinates": [139.761621, 35.682062]}, "properties": {"id": "tree-210", "species": "イチョウ", "height": 11.0, "crownDiameter": 9.5}}, {"type": "Feature", "geometry": {"type": "Point", "coordinates": [139.764659, 35.6813]}, "properties": {"id": "tree-211", "species": "イチョウ", "height": 8.5, "crownDiameter": 5.0}}, {"type": "Feature", "geometry": {"type": "Point", "coordinates": [139.762616, 35.681833]}, "properties": {"id": "tree-212", "species": "イチョウ", "height": 11.0, "crownDiameter": 5.0}}, {"type": "Feature", "geometry": {"type": "Point", "coordinates": [139.762715, 35.68181]}, "properties": {"id": "tree-213", "species": "イチョウ", "height": 14.0, "crownDiameter": 9.5}}, {"type": "Feature", "geometry": {"type": "Point", "coordinates": [139.762903, 35.681769]}, "properties": {"id": "tree-214", "species": "イチョウ", "height": 19.0, "crownDiameter": 12.0}}, {"type": "Feature", "geometry": {"type": "Point", "coordinates": [139.763029, 35.681743]}, "properties": {"id": "tree-215", "species": "イチョウ", "height": 19.0, "crownDiameter": 9.5}}, {"type": "Feature", "geometry": {"type": "Point", "coordinates": [139.76313, 35.681719]}, "properties": {"id": "tree-216", "species": "イチョウ", "height": 18.5, "crownDiameter": 9.5}}, {"type": "Feature", "geometry": {"type": "Point", "coordinates": [139.763215, 35.681702]}, "properties": {"id": "tree-217", "species": "イチョウ", "height": 17.0, "crownDiameter": 10.0}}, {"type": "Feature", "geometry": {"type": "Point", "coordinates": [139.763595, 35.68162]}, "properties": {"id": "tree-218", "species": "イチョウ", "height": 12.0, "crownDiameter": 8.0}}, {"type": "Feature", "geometry": {"type": "Point", "coordinates": [139.763682, 35.6816]}, "properties": {"id": "tree-219", "species": "イチョウ", "height": 15.5, "crownDiameter": 10.0}}, {"type": "Feature", "geometry": {"type": "Point", "coordinates": [139.763782, 35.681579]}, "properties": {"id": "tree-220", "species": "イチョウ", "height": 19.5, "crownDiameter": 12.0}}, {"type": "Feature", "geometry": {"type": "Point", "coordinates": [139.764024, 35.681521]}, "properties": {"id": "tree-221", "species": "イチョウ", "height": 19.5, "crownDiameter": 9.5}}, {"type": "Feature", "geometry": {"type": "Point", "coordinates": [139.764096, 35.681504]}, "properties": {"id": "tree-222", "species": "イチョウ", "height": 17.5, "crownDiameter": 7.0}}, {"type": "Feature", "geometry": {"type": "Point", "coordinates": [139.76479, 35.681333]}, "properties": {"id": "tree-223", "species": "ケヤキ", "height": 9.0, "crownDiameter": 7.0}}, {"type": "Feature", "geometry": {"type": "Point", "coordinates": [139.764905, 35.681312]}, "properties": {"id": "tree-224", "species": "ケヤキ", "height": 9.0, "crownDiameter": 8.0}}, {"type": "Feature", "geometry": {"type": "Point", "coordinates": [139.765011, 35.681286]}, "properties": {"id": "tree-225", "species": "ケヤキ", "height": 9.0, "crownDiameter": 7.0}}, {"type": "Feature", "geometry": {"type": "Point", "coordinates": [139.765131, 35.68126]}, "properties": {"id": "tree-226", "species": "ケヤキ", "height": 9.0, "crownDiameter": 7.5}}, {"type": "Feature", "geometry": {"type": "Point", "coordinates": [139.765253, 35.681231]}, "properties": {"id": "tree-227", "species": "ケヤキ", "height": 9.0, "crownDiameter": 7.0}}, {"type": "Feature", "geometry": {"type": "Point", "coordinates": [139.760091, 35.682554]}, "properties": {"id": "tree-228", "species": "イチョウ", "height": 12.5, "crownDiameter": 9.0}}, {"type": "Feature", "geometry": {"type": "Point", "coordinates": [139.76537, 35.681208]}, "properties": {"id": "tree-229", "species": "ケヤキ", "height": 9.0, "crownDiameter": 6.0}}, {"type": "Feature", "geometry": {"type": "Point", "coordinates": [139.765476, 35.681181]}, "properties": {"id": "tree-230", "species": "ケヤキ", "height": 9.0, "crownDiameter": 6.0}}, {"type": "Feature", "geometry": {"type": "Point", "coordinates": [139.76022, 35.682524]}, "properties": {"id": "tree-231", "species": "イチョウ", "height": 11.5, "crownDiameter": 10.0}}, {"type": "Feature", "geometry": {"type": "Point", "coordinates": [139.760359, 35.682493]}, "properties": {"id": "tree-232", "species": "イチョウ", "height": 12.0, "crownDiameter": 9.0}}, {"type": "Feature", "geometry": {"type": "Point", "coordinates": [139.760498, 35.682465]}, "properties": {"id": "tree-233", "species": "イチョウ", "height": 12.0, "crownDiameter": 8.0}}, {"type": "Feature", "geometry": {"type": "Point", "coordinates": [139.760625, 35.682435]}, "properties": {"id": "tree-234", "species": "イチョウ", "height": 14.5, "crownDiameter": 7.5}}, {"type": "Feature", "geometry": {"type": "Point", "coordinates": [139.760785, 35.682398]}, "properties": {"id": "tree-235", "species": "イチョウ", "height": 12.0, "crownDiameter": 9.5}}, {"type": "Feature", "geometry": {"type": "Point", "coordinates": [139.76091, 35.682371]}, "properties": {"id": "tree-236", "species": "イチョウ", "height": 13.0, "crownDiameter": 9.5}}, {"type": "Feature", "geometry": {"type": "Point", "coordinates": [139.761018, 35.68235]}, "properties": {"id": "tree-237", "species": "イチョウ", "height": 13.0, "crownDiameter": 9.5}}, {"type": "Feature", "geometry": {"type": "Point", "coordinates": [139.761144, 35.682321]}, "properties": {"id": "tree-238", "species": "イチョウ", "height": 13.0, "crownDiameter": 7.0}}, {"type": "Feature", "geometry": {"type": "Point", "coordinates": [139.761287, 35.682297]}, "properties": {"id": "tree-239", "species": "イチョウ", "height": 16.0, "crownDiameter": 8.5}}, {"type": "Feature", "geometry": {"type": "Point", "coordinates": [139.761436, 35.682261]}, "properties": {"id": "tree-240", "species": "イチョウ", "height": 13.5, "crownDiameter": 10.5}}, {"type": "Feature", "geometry": {"type": "Point", "coordinates": [139.761564, 35.682233]}, "properties": {"id": "tree-241", "species": "イチョウ", "height": 16.0, "crownDiameter": 10.0}}, {"type": "Feature", "geometry": {"type": "Point", "coordinates": [139.761669, 35.68221]}, "properties": {"id": "tree-242", "species": "イチョウ", "height": 13.0, "crownDiameter": 9.0}}, {"type": "Feature", "geometry": {"type": "Point", "coordinates": [139.761781, 35.682184]}, "properties": {"id": "tree-243", "species": "イチョウ", "height": 11.5, "crownDiameter": 8.0}}, {"type": "Feature", "geometry": {"type": "Point", "coordinates": [139.762672, 35.682003]}, "properties": {"id": "tree-244", "species": "イチョウ", "height": 10.0, "crownDiameter": 10.0}}, {"type": "Feature", "geometry": {"type": "Point", "coordinates": [139.7628, 35.681975]}, "properties": {"id": "tree-245", "species": "イチョウ", "height": 12.0, "crownDiameter": 10.0}}, {"type": "Feature", "geometry": {"type": "Point", "coordinates": [139.762922, 35.681947]}, "properties": {"id": "tree-246", "species": "イチョウ", "height": 15.0, "crownDiameter": 9.0}}, {"type": "Feature", "geometry": {"type": "Point", "coordinates": [139.763047, 35.681919]}, "properties": {"id": "tree-247", "species": "イチョウ", "height": 14.0, "crownDiameter": 9.5}}, {"type": "Feature", "geometry": {"type": "Point", "coordinates": [139.763165, 35.681893]}, "properties": {"id": "tree-248", "species": "イチョウ", "height": 12.0, "crownDiameter": 11.0}}, {"type": "Feature", "geometry": {"type": "Point", "coordinates": [139.763691, 35.681778]}, "properties": {"id": "tree-249", "species": "イチョウ", "height": 10.5, "crownDiameter": 8.5}}, {"type": "Feature", "geometry": {"type": "Point", "coordinates": [139.763809, 35.681751]}, "properties": {"id": "tree-250", "species": "イチョウ", "height": 12.0, "crownDiameter": 8.0}}, {"type": "Feature", "geometry": {"type": "Point", "coordinates": [139.763937, 35.681723]}, "properties": {"id": "tree-251", "species": "イチョウ", "height": 12.0, "crownDiameter": 8.5}}, {"type": "Feature", "geometry": {"type": "Point", "coordinates": [139.764058, 35.681694]}, "properties": {"id": "tree-252", "species": "イチョウ", "height": 12.0, "crownDiameter": 8.5}}, {"type": "Feature", "geometry": {"type": "Point", "coordinates": [139.764182, 35.681666]}, "properties": {"id": "tree-253", "species": "イチョウ", "height": 12.0, "crownDiameter": 12.0}}, {"type": "Feature", "geometry": {"type": "Point", "coordinates": [139.760205, 35.682774]}, "properties": {"id": "tree-254", "species": "イチョウ", "height": 10.5, "crownDiameter": 8.0}}, {"type": "Feature", "geometry": {"type": "Point", "coordinates": [139.760328, 35.682745]}, "properties": {"id": "tree-255", "species": "イチョウ", "height": 10.5, "crownDiameter": 7.7}}, {"type": "Feature", "geometry": {"type": "Point", "coordinates": [139.760445, 35.682719]}, "properties": {"id": "tree-256", "species": "イチョウ", "height": 14.0, "crownDiameter": 8.5}}, {"type": "Feature", "geometry": {"type": "Point", "coordinates": [139.760589, 35.682686]}, "properties": {"id": "tree-257", "species": "イチョウ", "height": 14.5, "crownDiameter": 7.0}}, {"type": "Feature", "geometry": {"type": "Point", "coordinates": [139.760701, 35.682661]}, "properties": {"id": "tree-258", "species": "イチョウ", "height": 14.5, "crownDiameter": 5.0}}, {"type": "Feature", "geometry": {"type": "Point", "coordinates": [139.760859, 35.682625]}, "properties": {"id": "tree-259", "species": "イチョウ", "height": 13.5, "crownDiameter": 10.5}}, {"type": "Feature", "geometry": {"type": "Point", "coordinates": [139.760981, 35.682598]}, "properties": {"id": "tree-260", "species": "イチョウ", "height": 13.5, "crownDiameter": 8.5}}, {"type": "Feature", "geometry": {"type": "Point", "coordinates": [139.761081, 35.682577]}, "properties": {"id": "tree-261", "species": "イチョウ", "height": 15.0, "crownDiameter": 8.0}}, {"type": "Feature", "geometry": {"type": "Point", "coordinates": [139.761227, 35.682543]}, "properties": {"id": "tree-262", "species": "イチョウ", "height": 15.5, "crownDiameter": 8.5}}, {"type": "Feature", "geometry": {"type": "Point", "coordinates": [139.761349, 35.682518]}, "properties": {"id": "tree-263", "species": "イチョウ", "height": 16.0, "crownDiameter": 4.5}}, {"type": "Feature", "geometry": {"type": "Point", "coordinates": [139.761517, 35.682482]}, "properties": {"id": "tree-264", "species": "イチョウ", "height": 17.0, "crownDiameter": 9.0}}, {"type": "Feature", "geometry": {"type": "Point", "coordinates": [139.761629, 35.682456]}, "properties": {"id": "tree-265", "species": "イチョウ", "height": 13.5, "crownDiameter": 7.5}}, {"type": "Feature", "geometry": {"type": "Point", "coordinates": [139.761745, 35.68243]}, "properties": {"id": "tree-266", "species": "イチョウ", "height": 15.5, "crownDiameter": 8.0}}, {"type": "Feature", "geometry": {"type": "Point", "coordinates": [139.761854, 35.682408]}, "properties": {"id": "tree-267", "species": "イチョウ", "height": 17.0, "crownDiameter": 6.0}}, {"type": "Feature", "geometry": {"type": "Point", "coordinates": [139.762745, 35.682212]}, "properties": {"id": "tree-268", "species": "イチョウ", "height": 11.0, "crownDiameter": 8.5}}, {"type": "Feature", "geometry": {"type": "Point", "coordinates": [139.762867, 35.682182]}, "properties": {"id": "tree-269", "species": "イチョウ", "height": 12.0, "crownDiameter": 9.0}}, {"type": "Feature", "geometry": {"type": "Point", "coordinates": [139.762989, 35.682158]}, "properties": {"id": "tree-270", "species": "イチョウ", "height": 12.0, "crownDiameter": 7.5}}, {"type": "Feature", "geometry": {"type": "Point", "coordinates": [139.763115, 35.68213]}, "properties": {"id": "tree-271", "species": "イチョウ", "height": 10.0, "crownDiameter": 8.5}}, {"type": "Feature", "geometry": {"type": "Point", "coordinates": [139.763249, 35.682103]}, "properties": {"id": "tree-272", "species": "イチョウ", "height": 11.0, "crownDiameter": 10.5}}, {"type": "Feature", "geometry": {"type": "Point", "coordinates": [139.763759, 35.681992]}, "properties": {"id": "tree-273", "species": "イチョウ", "height": 9.5, "crownDiameter": 10.5}}, {"type": "Feature", "geometry": {"type": "Point", "coordinates": [139.763883, 35.681961]}, "properties": {"id": "tree-274", "species": "イチョウ", "height": 10.5, "crownDiameter": 8.0}}, {"type": "Feature", "geometry": {"type": "Point", "coordinates": [139.764004, 35.681935]}, "properties": {"id": "tree-275", "species": "イチョウ", "height": 10.5, "crownDiameter": 8.5}}, {"type": "Feature", "geometry": {"type": "Point", "coordinates": [139.764128, 35.681905]}, "properties": {"id": "tree-276", "species": "イチョウ", "height": 9.5, "crownDiameter": 8.0}}, {"type": "Feature", "geometry": {"type": "Point", "coordinates": [139.764252, 35.681878]}, "properties": {"id": "tree-277", "species": "イチョウ", "height": 10.0, "crownDiameter": 8.5}}, {"type": "Feature", "geometry": {"type": "Point", "coordinates": [139.760268, 35.682915]}, "properties": {"id": "tree-278", "species": "イチョウ", "height": 11.0, "crownDiameter": 3.5}}, {"type": "Feature", "geometry": {"type": "Point", "coordinates": [139.760394, 35.682888]}, "properties": {"id": "tree-279", "species": "イチョウ", "height": 14.5, "crownDiameter": 6.0}}, {"type": "Feature", "geometry": {"type": "Point", "coordinates": [139.760504, 35.682864]}, "properties": {"id": "tree-280", "species": "イチョウ", "height": 14.5, "crownDiameter": 4.5}}, {"type": "Feature", "geometry": {"type": "Point", "coordinates": [139.760626, 35.682836]}, "properties": {"id": "tree-281", "species": "イチョウ", "height": 14.5, "crownDiameter": 5.0}}, {"type": "Feature", "geometry": {"type": "Point", "coordinates": [139.760752, 35.682809]}, "properties": {"id": "tree-282", "species": "イチョウ", "height": 14.0, "crownDiameter": 5.5}}, {"type": "Feature", "geometry": {"type": "Point", "coordinates": [139.760899, 35.682778]}, "properties": {"id": "tree-283", "species": "イチョウ", "height": 11.5, "crownDiameter": 4.5}}, {"type": "Feature", "geometry": {"type": "Point", "coordinates": [139.761029, 35.68275]}, "properties": {"id": "tree-284", "species": "イチョウ", "height": 13.5, "crownDiameter": 3.5}}, {"type": "Feature", "geometry": {"type": "Point", "coordinates": [139.761144, 35.682726]}, "properties": {"id": "tree-285", "species": "イチョウ", "height": 14.5, "crownDiameter": 5.5}}, {"type": "Feature", "geometry": {"type": "Point", "coordinates": [139.761303, 35.682692]}, "properties": {"id": "tree-286", "species": "イチョウ", "height": 14.5, "crownDiameter": 5.5}}, {"type": "Feature", "geometry": {"type": "Point", "coordinates": [139.76142, 35.682666]}, "properties": {"id": "tree-287", "species": "イチョウ", "height": 14.5, "crownDiameter": 6.5}}, {"type": "Feature", "geometry": {"type": "Point", "coordinates": [139.761572, 35.68263]}, "properties": {"id": "tree-288", "species": "イチョウ", "height": 13.5, "crownDiameter": 5.0}}, {"type": "Feature", "geometry": {"type": "Point", "coordinates": [139.761682, 35.682608]}, "properties": {"id": "tree-289", "species": "イチョウ", "height": 13.0, "crownDiameter": 4.5}}, {"type": "Feature", "geometry": {"type": "Point", "coordinates": [139.761789, 35.682581]}, "properties": {"id": "tree-290", "species": "イチョウ", "height": 16.5, "crownDiameter": 6.0}}, {"type": "Feature", "geometry": {"type": "Point", "coordinates": [139.762764, 35.682387]}, "properties": {"id": "tree-291", "species": "イチョウ", "height": 17.0, "crownDiameter": 8.5}}, {"type": "Feature", "geometry": {"type": "Point", "coordinates": [139.762859, 35.682368]}, "properties": {"id": "tree-292", "species": "イチョウ", "height": 9.0, "crownDiameter": 8.0}}, {"type": "Feature", "geometry": {"type": "Point", "coordinates": [139.76301, 35.682333]}, "properties": {"id": "tree-293", "species": "イチョウ", "height": 15.0, "crownDiameter": 9.5}}, {"type": "Feature", "geometry": {"type": "Point", "coordinates": [139.763138, 35.682307]}, "properties": {"id": "tree-294", "species": "イチョウ", "height": 12.0, "crownDiameter": 10.0}}, {"type": "Feature", "geometry": {"type": "Point", "coordinates": [139.763257, 35.682281]}, "properties": {"id": "tree-295", "species": "イチョウ", "height": 15.2, "crownDiameter": 8.0}}, {"type": "Feature", "geometry": {"type": "Point", "coordinates": [139.76337, 35.682255]}, "properties": {"id": "tree-296", "species": "イチョウ", "height": 18.0, "crownDiameter": 10.0}}, {"type": "Feature", "geometry": {"type": "Point", "coordinates": [139.763894, 35.682139]}, "properties": {"id": "tree-297", "species": "イチョウ", "height": 12.5, "crownDiameter": 5.5}}, {"type": "Feature", "geometry": {"type": "Point", "coordinates": [139.763981, 35.682118]}, "properties": {"id": "tree-298", "species": "イチョウ", "height": 15.0, "crownDiameter": 8.0}}, {"type": "Feature", "geometry": {"type": "Point", "coordinates": [139.763797, 35.682165]}, "properties": {"id": "tree-299", "species": "イチョウ", "height": 9.0, "crownDiameter": 4.5}}, {"type": "Feature", "geometry": {"type": "Point", "coordinates": [139.764172, 35.682077]}, "properties": {"id": "tree-300", "species": "イチョウ", "height": 11.5, "crownDiameter": 6.0}}, {"type": "Feature", "geometry": {"type": "Point", "coordinates": [139.764286, 35.68205]}, "properties": {"id": "tree-301", "species": "イチョウ", "height": 13.0, "crownDiameter": 7.5}}, {"type": "Feature", "geometry": {"type": "Point", "coordinates": [139.759815, 35.683236]}, "properties": {"id": "tree-302", "species": "シダレヤナギ", "height": 4.0, "crownDiameter": 4.0}}, {"type": "Feature", "geometry": {"type": "Point", "coordinates": [139.764976, 35.681925]}, "properties": {"id": "tree-303", "species": "ケヤキ", "height": 9.0, "crownDiameter": 5.5}}, {"type": "Feature", "geometry": {"type": "Point", "coordinates": [139.760135, 35.683167]}, "properties": {"id": "tree-304", "species": "イヌエンジュ", "height": 6.5, "crownDiameter": 3.5}}, {"type": "Feature", "geometry": {"type": "Point", "coordinates": [139.765085, 35.681906]}, "properties": {"id": "tree-305", "species": "ケヤキ", "height": 9.0, "crownDiameter": 6.0}}, {"type": "Feature", "geometry": {"type": "Point", "coordinates": [139.76521, 35.681877]}, "properties": {"id": "tree-306", "species": "ケヤキ", "height": 9.0, "crownDiameter": 6.0}}, {"type": "Feature", "geometry": {"type": "Point", "coordinates": [139.765333, 35.68185]}, "properties": {"id": "tree-307", "species": "ケヤキ", "height": 9.0, "crownDiameter": 5.5}}, {"type": "Feature", "geometry": {"type": "Point", "coordinates": [139.765443, 35.681826]}, "properties": {"id": "tree-308", "species": "ケヤキ", "height": 9.0, "crownDiameter": 6.0}}, {"type": "Feature", "geometry": {"type": "Point", "coordinates": [139.765556, 35.681801]}, "properties": {"id": "tree-309", "species": "ケヤキ", "height": 9.0, "crownDiameter": 7.0}}, {"type": "Feature", "geometry": {"type": "Point", "coordinates": [139.765676, 35.681777]}, "properties": {"id": "tree-310", "species": "ケヤキ", "height": 9.0, "crownDiameter": 8.0}}, {"type": "Feature", "geometry": {"type": "Point", "coordinates": [139.760158, 35.683235]}, "properties": {"id": "tree-311", "species": "エンジュ", "height": 6.5, "crownDiameter": 3.0}}, {"type": "Feature", "geometry": {"type": "Point", "coordinates": [139.759846, 35.683332]}, "properties": {"id": "tree-312", "species": "シダレヤナギ", "height": 4.0, "crownDiameter": 3.0}}, {"type": "Feature", "geometry": {"type": "Point", "coordinates": [139.759897, 35.683341]}, "properties": {"id": "tree-313", "species": "エンジュ", "height": 7.0, "crownDiameter": 4.5}}, {"type": "Feature", "geometry": {"type": "Point", "coordinates": [139.764671, 35.682136]}, "properties": {"id": "tree-314", "species": "イチョウ", "height": 11.5, "crownDiameter": 4.0}}, {"type": "Feature", "geometry": {"type": "Point", "coordinates": [139.759862, 35.683377]}, "properties": {"id": "tree-315", "species": "シダレヤナギ", "height": 5.5, "crownDiameter": 4.5}}, {"type": "Feature", "geometry": {"type": "Point", "coordinates": [139.760183, 35.683305]}, "properties": {"id": "tree-316", "species": "エンジュ", "height": 7.0, "crownDiameter": 5.0}}, {"type": "Feature", "geometry": {"type": "Point", "coordinates": [139.764937, 35.682108]}, "properties": {"id": "tree-317", "species": "イチョウ", "height": 8.5, "crownDiameter": 6.0}}, {"type": "Feature", "geometry": {"type": "Point", "coordinates": [139.75992, 35.683411]}, "properties": {"id": "tree-318", "species": "エンジュ", "height": 6.0, "crownDiameter": 3.5}}, {"type": "Feature", "geometry": {"type": "Point", "coordinates": [139.764697, 35.682195]}, "properties": {"id": "tree-319", "species": "イチョウ", "height": 10.0, "crownDiameter": 4.0}}, {"type": "Feature", "geometry": {"type": "Point", "coordinates": [139.760202, 35.683366]}, "properties": {"id": "tree-320", "species": "エンジュ", "height": 9.5, "crownDiameter": 6.0}}, {"type": "Feature", "geometry": {"type": "Point", "coordinates": [139.764956, 35.682166]}, "properties": {"id": "tree-321", "species": "イチョウ", "height": 8.5, "crownDiameter": 5.0}}, {"type": "Feature", "geometry": {"type": "Point", "coordinates": [139.759892, 35.683469]}, "properties": {"id": "tree-322", "species": "シダレヤナギ", "height": 4.5, "crownDiameter": 3.0}}, {"type": "Feature", "geometry": {"type": "Point", "coordinates": [139.764718, 35.682261]}, "properties": {"id": "tree-323", "species": "イチョウ", "height": 10.0, "crownDiameter": 3.0}}, {"type": "Feature", "geometry": {"type": "Point", "coordinates": [139.760222, 35.683424]}, "properties": {"id": "tree-324", "species": "エンジュ", "height": 7.0, "crownDiameter": 5.5}}, {"type": "Feature", "geometry": {"type": "Point", "coordinates": [139.764978, 35.68223]}, "properties": {"id": "tree-325", "species": "イチョウ", "height": 8.5, "crownDiameter": 5.5}}, {"type": "Feature", "geometry": {"type": "Point", "coordinates": [139.764738, 35.682315]}, "properties": {"id": "tree-326", "species": "イチョウ", "height": 11.5, "crownDiameter": 4.0}}, {"type": "Feature", "geometry": {"type": "Point", "coordinates": [139.760242, 35.68348]}, "properties": {"id": "tree-327", "species": "エンジュ", "height": 8.5, "crownDiameter": 4.5}}, {"type": "Feature", "geometry": {"type": "Point", "coordinates": [139.759968, 35.683552]}, "properties": {"id": "tree-328", "species": "エンジュ", "height": 5.5, "crownDiameter": 4.0}}, {"type": "Feature", "geometry": {"type": "Point", "coordinates": [139.764997, 35.682299]}, "properties": {"id": "tree-329", "species": "イチョウ", "height": 8.5, "crownDiameter": 5.5}}, {"type": "Feature", "geometry": {"type": "Point", "coordinates": [139.764756, 35.682379]}, "properties": {"id": "tree-330", "species": "イチョウ", "height": 10.0, "crownDiameter": 4.0}}, {"type": "Feature", "geometry": {"type": "Point", "coordinates": [139.759944, 35.683619]}, "properties": {"id": "tree-331", "species": "シダレヤナギ", "height": 6.0, "crownDiameter": 4.0}}, {"type": "Feature", "geometry": {"type": "Point", "coordinates": [139.759993, 35.683622]}, "properties": {"id": "tree-332", "species": "エンジュ", "height": 5.5, "crownDiameter": 4.0}}, {"type": "Feature", "geometry": {"type": "Point", "coordinates": [139.765013, 35.682353]}, "properties": {"id": "tree-333", "species": "イチョウ", "height": 8.5, "crownDiameter": 4.5}}, {"type": "Feature", "geometry": {"type": "Point", "coordinates": [139.764771, 35.682433]}, "properties": {"id": "tree-334", "species": "イチョウ", "height": 8.5, "crownDiameter": 4.0}}, {"type": "Feature", "geometry": {"type": "Point", "coordinates": [139.760015, 35.683691]}, "properties": {"id": "tree-335", "species": "エンジュ", "height": 7.5, "crownDiameter": 4.5}}, {"type": "Feature", "geometry": {"type": "Point", "coordinates": [139.765039, 35.682427]}, "properties": {"id": "tree-336", "species": "イチョウ", "height": 8.5, "crownDiameter": 5.0}}, {"type": "Feature", "geometry": {"type": "Point", "coordinates": [139.759997, 35.683779]}, "properties": {"id": "tree-337", "species": "シダレヤナギ", "height": 6.0, "crownDiameter": 4.5}}, {"type": "Feature", "geometry": {"type": "Point", "coordinates": [139.760315, 35.683699]}, "properties": {"id": "tree-338", "species": "イヌエンジュ", "height": 6.5, "crownDiameter": 4.0}}, {"type": "Feature", "geometry": {"type": "Point", "coordinates": [139.76506, 35.682526]}, "properties": {"id": "tree-339", "species": "イチョウ", "height": 8.0, "crownDiameter": 5.0}}, {"type": "Feature", "geometry": {"type": "Point", "coordinates": [139.760062, 35.68383]}, "properties": {"id": "tree-340", "species": "エンジュ", "height": 5.5, "crownDiameter": 3.5}}, {"type": "Feature", "geometry": {"type": "Point", "coordinates": [139.76002, 35.683846]}, "properties": {"id": "tree-341", "species": "シダレヤナギ", "height": 7.0, "crownDiameter": 4.5}}, {"type": "Feature", "geometry": {"type": "Point", "coordinates": [139.760339, 35.683767]}, "properties": {"id": "tree-342", "species": "エンジュ", "height": 9.0, "crownDiameter": 5.5}}, {"type": "Feature", "geometry": {"type": "Point", "coordinates": [139.764832, 35.68262]}, "properties": {"id": "tree-343", "species": "イチョウ", "height": 11.0, "crownDiameter": 4.5}}, {"type": "Feature", "geometry": {"type": "Point", "coordinates": [139.765078, 35.682569]}, "properties": {"id": "tree-344", "species": "イチョウ", "height": 9.5, "crownDiameter": 5.0}}, {"type": "Feature", "geometry": {"type": "Point", "coordinates": [139.764852, 35.682679]}, "properties": {"id": "tree-345", "species": "イチョウ", "height": 9.5, "crownDiameter": 4.0}}, {"type": "Feature", "geometry": {"type": "Point", "coordinates": [139.760085, 35.6839]}, "properties": {"id": "tree-346", "species": "エンジュ", "height": 7.0, "crownDiameter": 4.0}}, {"type": "Feature", "geometry": {"type": "Point", "coordinates": [139.760362, 35.683838]}, "properties": {"id": "tree-347", "species": "エンジュ", "height": 9.0, "crownDiameter": 6.0}}, {"type": "Feature", "geometry": {"type": "Point", "coordinates": [139.760049, 35.683934]}, "properties": {"id": "tree-348", "species": "シダレヤナギ", "height": 7.0, "crownDiameter": 3.5}}, {"type": "Feature", "geometry": {"type": "Point", "coordinates": [139.765304, 35.682597]}, "properties": {"id": "tree-349", "species": "カツラ", "height": 8.5, "crownDiameter": 5.0}}, {"type": "Feature", "geometry": {"type": "Point", "coordinates": [139.765472, 35.682557]}, "properties": {"id": "tree-350", "species": "カツラ", "height": 8.5, "crownDiameter": 5.0}}, {"type": "Feature", "geometry": {"type": "Point", "coordinates": [139.765388, 35.682581]}, "properties": {"id": "tree-351", "species": "カツラ", "height": 8.5, "crownDiameter": 5.5}}, {"type": "Feature", "geometry": {"type": "Point", "coordinates": [139.765559, 35.682547]}, "properties": {"id": "tree-352", "species": "カツラ", "height": 8.5, "crownDiameter": 4.5}}, {"type": "Feature", "geometry": {"type": "Point", "coordinates": [139.760109, 35.68397]}, "properties": {"id": "tree-353", "species": "エンジュ", "height": 6.5, "crownDiameter": 3.5}}, {"type": "Feature", "geometry": {"type": "Point", "coordinates": [139.760385, 35.68391]}, "properties": {"id": "tree-354", "species": "イヌエンジュ", "height": 6.0, "crownDiameter": 4.5}}, {"type": "Feature", "geometry": {"type": "Point", "coordinates": [139.765248, 35.682695]}, "properties": {"id": "tree-355", "species": "イチョウ", "height": 9.5, "crownDiameter": 5.0}}, {"type": "Feature", "geometry": {"type": "Point", "coordinates": [139.765358, 35.682669]}, "properties": {"id": "tree-356", "species": "イチョウ", "height": 9.5, "crownDiameter": 5.5}}, {"type": "Feature", "geometry": {"type": "Point", "coordinates": [139.765488, 35.68264]}, "properties": {"id": "tree-357", "species": "イチョウ", "height": 9.5, "crownDiameter": 5.0}}, {"type": "Feature", "geometry": {"type": "Point", "coordinates": [139.765589, 35.682618]}, "properties": {"id": "tree-358", "species": "イチョウ", "height": 9.5, "crownDiameter": 5.0}}, {"type": "Feature", "geometry": {"type": "Point", "coordinates": [139.760131, 35.684038]}, "properties": {"id": "tree-359", "species": "エンジュ", "height": 7.5, "crownDiameter": 5.0}}, {"type": "Feature", "geometry": {"type": "Point", "coordinates": [139.760409, 35.683981]}, "properties": {"id": "tree-360", "species": "エンジュ", "height": 9.0, "crownDiameter": 5.5}}, {"type": "Feature", "geometry": {"type": "Point", "coordinates": [139.760095, 35.684068]}, "properties": {"id": "tree-361", "species": "シダレヤナギ", "height": 6.0, "crownDiameter": 4.0}}, {"type": "Feature", "geometry": {"type": "Point", "coordinates": [139.76043, 35.684044]}, "properties": {"id": "tree-362", "species": "エンジュ", "height": 7.0, "crownDiameter": 5.5}}, {"type": "Feature", "geometry": {"type": "Point", "coordinates": [139.764931, 35.682917]}, "properties": {"id": "tree-363", "species": "イチョウ", "height": 12.0, "crownDiameter": 4.0}}, {"type": "Feature", "geometry": {"type": "Point", "coordinates": [139.760123, 35.684157]}, "properties": {"id": "tree-364", "species": "シダレヤナギ", "height": 8.5, "crownDiameter": 5.0}}, {"type": "Feature", "geometry": {"type": "Point", "coordinates": [139.760178, 35.684176]}, "properties": {"id": "tree-365", "species": "エンジュ", "height": 6.0, "crownDiameter": 4.0}}, {"type": "Feature", "geometry": {"type": "Point", "coordinates": [139.760453, 35.684112]}, "properties": {"id": "tree-366", "species": "エンジュ", "height": 6.5, "crownDiameter": 4.0}}, {"type": "Feature", "geometry": {"type": "Point", "coordinates": [139.766362, 35.682634]}, "properties": {"id": "tree-367", "species": "イチョウ", "height": 7.5, "crownDiameter": 5.5}}, {"type": "Feature", "geometry": {"type": "Point", "coordinates": [139.760153, 35.684248]}, "properties": {"id": "tree-368", "species": "シダレヤナギ", "height": 5.0, "crownDiameter": 6.0}}, {"type": "Feature", "geometry": {"type": "Point", "coordinates": [139.76642, 35.682659]}, "properties": {"id": "tree-369", "species": "イチョウ", "height": 8.0, "crownDiameter": 4.0}}, {"type": "Feature", "geometry": {"type": "Point", "coordinates": [139.760201, 35.684247]}, "properties": {"id": "tree-370", "species": "エンジュ", "height": 6.0, "crownDiameter": 2.5}}, {"type": "Feature", "geometry": {"type": "Point", "coordinates": [139.760476, 35.684181]}, "properties": {"id": "tree-371", "species": "エンジュ", "height": 5.5, "crownDiameter": 3.0}}, {"type": "Feature", "geometry": {"type": "Point", "coordinates": [139.766512, 35.682702]}, "properties": {"id": "tree-372", "species": "イチョウ", "height": 14.0, "crownDiameter": 6.5}}, {"type": "Feature", "geometry": {"type": "Point", "coordinates": [139.7605, 35.684254]}, "properties": {"id": "tree-373", "species": "エンジュ", "height": 7.0, "crownDiameter": 5.0}}, {"type": "Feature", "geometry": {"type": "Point", "coordinates": [139.766588, 35.682736]}, "properties": {"id": "tree-374", "species": "イチョウ", "height": 14.0, "crownDiameter": 5.5}}, {"type": "Feature", "geometry": {"type": "Point", "coordinates": [139.765027, 35.68317]}, "properties": {"id": "tree-375", "species": "イチョウ", "height": 15.0, "crownDiameter": 5.0}}, {"type": "Feature", "geometry": {"type": "Point", "coordinates": [139.765234, 35.683134]}, "properties": {"id": "tree-376", "species": "イチョウ", "height": 15.0, "crownDiameter": 5.0}}, {"type": "Feature", "geometry": {"type": "Point", "coordinates": [139.766662, 35.68277]}, "properties": {"id": "tree-377", "species": "イチョウ", "height": 13.5, "crownDiameter": 7.0}}, {"type": "Feature", "geometry": {"type": "Point", "coordinates": [139.766255, 35.682874]}, "properties": {"id": "tree-378", "species": "イチョウ", "height": 11.5, "crownDiameter": 5.0}}, {"type": "Feature", "geometry": {"type": "Point", "coordinates": [139.760225, 35.684463]}, "properties": {"id": "tree-379", "species": "シダレヤナギ", "height": 6.0, "crownDiameter": 4.0}}, {"type": "Feature", "geometry": {"type": "Point", "coordinates": [139.765047, 35.683234]}, "properties": {"id": "tree-380", "species": "イチョウ", "height": 11.5, "crownDiameter": 6.0}}, {"type": "Feature", "geometry": {"type": "Point", "coordinates": [139.760271, 35.684455]}, "properties": {"id": "tree-381", "species": "エンジュ", "height": 7.5, "crownDiameter": 3.0}}, {"type": "Feature", "geometry": {"type": "Point", "coordinates": [139.766335, 35.682911]}, "properties": {"id": "tree-382", "species": "イチョウ", "height": 14.0, "crownDiameter": 5.0}}, {"type": "Feature", "geometry": {"type": "Point", "coordinates": [139.766745, 35.682809]}, "properties": {"id": "tree-383", "species": "イチョウ", "height": 12.5, "crownDiameter": 4.5}}, {"type": "Feature", "geometry": {"type": "Point", "coordinates": [139.760547, 35.684396]}, "properties": {"id": "tree-384", "species": "エンジュ", "height": 6.0, "crownDiameter": 6.0}}, {"type": "Feature", "geometry": {"type": "Point", "coordinates": [139.76526, 35.683215]}, "properties": {"id": "tree-385", "species": "イチョウ", "height": 15.5, "crownDiameter": 6.0}}, {"type": "Feature", "geometry": {"type": "Point", "coordinates": [139.766405, 35.682944]}, "properties": {"id": "tree-386", "species": "イチョウ", "height": 14.0, "crownDiameter": 4.5}}, {"type": "Feature", "geometry": {"type": "Point", "coordinates": [139.760561, 35.684439]}, "properties": {"id": "tree-387", "species": "エンジュ", "height": 5.5, "crownDiameter": 4.5}}, {"type": "Feature", "geometry": {"type": "Point", "coordinates": [139.766821, 35.682843]}, "properties": {"id": "tree-388", "species": "イチョウ", "height": 14.0, "crownDiameter": 6.0}}, {"type": "Feature", "geometry": {"type": "Point", "coordinates": [139.76507, 35.683303]}, "properties": {"id": "tree-389", "species": "イチョウ", "height": 12.0, "crownDiameter": 4.5}}, {"type": "Feature", "geometry": {"type": "Point", "coordinates": [139.760582, 35.684501]}, "properties": {"id": "tree-390", "species": "クロガネモチ", "height": 3.5, "crownDiameter": 3.0}}, {"type": "Feature", "geometry": {"type": "Point", "coordinates": [139.76509, 35.683362]}, "properties": {"id": "tree-391", "species": "イチョウ", "height": 13.0, "crownDiameter": 5.5}}, {"type": "Feature", "geometry": {"type": "Point", "coordinates": [139.765292, 35.683313]}, "properties": {"id": "tree-392", "species": "イチョウ", "height": 14.5, "crownDiameter": 5.0}}, {"type": "Feature", "geometry": {"type": "Point", "coordinates": [139.760612, 35.684568]}, "properties": {"id": "tree-393", "species": "イヌエンジュ", "height": 6.0, "crownDiameter": 2.5}}, {"type": "Feature", "geometry": {"type": "Point", "coordinates": [139.765111, 35.683424]}, "properties": {"id": "tree-394", "species": "イチョウ", "height": 13.0, "crownDiameter": 5.0}}, {"type": "Feature", "geometry": {"type": "Point", "coordinates": [139.766625, 35.683044]}, "properties": {"id": "tree-395", "species": "イチョウ", "height": 12.0, "crownDiameter": 6.5}}, {"type": "Feature", "geometry": {"type": "Point", "coordinates": [139.766985, 35.682954]}, "properties": {"id": "tree-396", "species": "ハナミズキ", "height": 5.5, "crownDiameter": 4.5}}, {"type": "Feature", "geometry": {"type": "Point", "coordinates": [139.76532, 35.683393]}, "properties": {"id": "tree-397", "species": "イチョウ", "height": 15.0, "crownDiameter": 5.0}}, {"type": "Feature", "geometry": {"type": "Point", "coordinates": [139.767022, 35.682977]}, "properties": {"id": "tree-398", "species": "ヤマボウシ", "height": 3.5, "crownDiameter": 2.5}}, {"type": "Feature", "geometry": {"type": "Point", "coordinates": [139.765136, 35.683489]}, "properties": {"id": "tree-399", "species": "イチョウ", "height": 14.5, "crownDiameter": 5.5}}, {"type": "Feature", "geometry": {"type": "Point", "coordinates": [139.760647, 35.684644]}, "properties": {"id": "tree-400", "species": "イヌエンジュ", "height": 4.5, "crownDiameter": 2.0}}, {"type": "Feature", "geometry": {"type": "Point", "coordinates": [139.76515, 35.683536]}, "properties": {"id": "tree-401", "species": "イチョウ", "height": 13.0, "crownDiameter": 4.5}}, {"type": "Feature", "geometry": {"type": "Point", "coordinates": [139.760681, 35.684706]}, "properties": {"id": "tree-402", "species": "イヌエンジュ", "height": 5.5, "crownDiameter": 2.5}}, {"type": "Feature", "geometry": {"type": "Point", "coordinates": [139.765169, 35.683598]}, "properties": {"id": "tree-403", "species": "イチョウ", "height": 13.5, "crownDiameter": 5.0}}, {"type": "Feature", "geometry": {"type": "Point", "coordinates": [139.760456, 35.684855]}, "properties": {"id": "tree-404", "species": "エンジュ", "height": 6.5, "crownDiameter": 4.0}}, {"type": "Feature", "geometry": {"type": "Point", "coordinates": [139.765194, 35.683669]}, "properties": {"id": "tree-405", "species": "イチョウ", "height": 13.0, "crownDiameter": 4.0}}, {"type": "Feature", "geometry": {"type": "Point", "coordinates": [139.765407, 35.68365]}, "properties": {"id": "tree-406", "species": "イチョウ", "height": 14.5, "crownDiameter": 6.0}}, {"type": "Feature", "geometry": {"type": "Point", "coordinates": [139.760499, 35.684919]}, "properties": {"id": "tree-407", "species": "エンジュ", "height": 7.0, "crownDiameter": 3.5}}, {"type": "Feature", "geometry": {"type": "Point", "coordinates": [139.765217, 35.683736]}, "properties": {"id": "tree-408", "species": "イチョウ", "height": 14.0, "crownDiameter": 4.5}}, {"type": "Feature", "geometry": {"type": "Point", "coordinates": [139.760542, 35.684979]}, "properties": {"id": "tree-409", "species": "エンジュ", "height": 5.0, "crownDiameter": 3.0}}, {"type": "Feature", "geometry": {"type": "Point", "coordinates": [139.766966, 35.683349]}, "properties": {"id": "tree-410", "species": "イチョウ", "height": 16.0, "crownDiameter": 6.0}}, {"type": "Feature", "geometry": {"type": "Point", "coordinates": [139.765442, 35.683765]}, "properties": {"id": "tree-411", "species": "イチョウ", "height": 11.5, "crownDiameter": 5.5}}, {"type": "Feature", "geometry": {"type": "Point", "coordinates": [139.76699, 35.683398]}, "properties": {"id": "tree-412", "species": "イチョウ", "height": 15.5, "crownDiameter": 7.0}}, {"type": "Feature", "geometry": {"type": "Point", "coordinates": [139.760891, 35.684956]}, "properties": {"id": "tree-413", "species": "エンジュ", "height": 4.0, "crownDiameter": 2.0}}, {"type": "Feature", "geometry": {"type": "Point", "coordinates": [139.760591, 35.68504]}, "properties": {"id": "tree-414", "species": "イヌエンジュ", "height": 6.0, "crownDiameter": 3.0}}, {"type": "Feature", "geometry": {"type": "Point", "coordinates": [139.765253, 35.68386]}, "properties": {"id": "tree-415", "species": "イチョウ", "height": 11.0, "crownDiameter": 4.0}}, {"type": "Feature", "geometry": {"type": "Point", "coordinates": [139.765466, 35.683834]}, "properties": {"id": "tree-416", "species": "イチョウ", "height": 14.0, "crownDiameter": 4.5}}, {"type": "Feature", "geometry": {"type": "Point", "coordinates": [139.760938, 35.685013]}, "properties": {"id": "tree-417", "species": "イヌエンジュ", "height": 6.5, "crownDiameter": 2.0}}, {"type": "Feature", "geometry": {"type": "Point", "coordinates": [139.767028, 35.683476]}, "properties": {"id": "tree-418", "species": "イチョウ", "height": 14.0, "crownDiameter": 6.0}}, {"type": "Feature", "geometry": {"type": "Point", "coordinates": [139.765275, 35.683925]}, "properties": {"id": "tree-419", "species": "イチョウ", "height": 12.5, "crownDiameter": 4.5}}, {"type": "Feature", "geometry": {"type": "Point", "coordinates": [139.765488, 35.683898]}, "properties": {"id": "tree-420", "species": "イチョウ", "height": 10.5, "crownDiameter": 4.0}}, {"type": "Feature", "geometry": {"type": "Point", "coordinates": [139.760986, 35.685066]}, "properties": {"id": "tree-421", "species": "エンジュ", "height": 8.5, "crownDiameter": 5.0}}, {"type": "Feature", "geometry": {"type": "Point", "coordinates": [139.765302, 35.683991]}, "properties": {"id": "tree-422", "species": "イチョウ", "height": 9.0, "crownDiameter": 4.0}}, {"type": "Feature", "geometry": {"type": "Point", "coordinates": [139.761032, 35.685136]}, "properties": {"id": "tree-423", "species": "エンジュ", "height": 5.0, "crownDiameter": 3.5}}, {"type": "Feature", "geometry": {"type": "Point", "coordinates": [139.765521, 35.68399]}, "properties": {"id": "tree-424", "species": "イチョウ", "height": 12.5, "crownDiameter": 5.0}}, {"type": "Feature", "geometry": {"type": "Point", "coordinates": [139.765319, 35.684052]}, "properties": {"id": "tree-425", "species": "イチョウ", "height": 13.5, "crownDiameter": 5.0}}, {"type": "Feature", "geometry": {"type": "Point", "coordinates": [139.761075, 35.685183]}, "properties": {"id": "tree-426", "species": "エンジュ", "height": 4.5, "crownDiameter": 2.5}}, {"type": "Feature", "geometry": {"type": "Point", "coordinates": [139.765537, 35.684048]}, "properties": {"id": "tree-427", "species": "イチョウ", "height": 13.0, "crownDiameter": 4.5}}, {"type": "Feature", "geometry": {"type": "Point", "coordinates": [139.76534, 35.684117]}, "properties": {"id": "tree-428", "species": "イチョウ", "height": 9.0, "crownDiameter": 4.0}}, {"type": "Feature", "geometry": {"type": "Point", "coordinates": [139.767134, 35.683677]}, "properties": {"id": "tree-429", "species": "イチョウ", "height": 16.0, "crownDiameter": 7.0}}, {"type": "Feature", "geometry": {"type": "Point", "coordinates": [139.765361, 35.684181]}, "properties": {"id": "tree-430", "species": "イチョウ", "height": 14.5, "crownDiameter": 5.0}}, {"type": "Feature", "geometry": {"type": "Point", "coordinates": [139.767163, 35.683735]}, "properties": {"id": "tree-431", "species": "イチョウ", "height": 16.0, "crownDiameter": 6.0}}, {"type": "Feature", "geometry": {"type": "Point", "coordinates": [139.765569, 35.684145]}, "properties": {"id": "tree-432", "species": "イチョウ", "height": 14.0, "crownDiameter": 5.5}}, {"type": "Feature", "geometry": {"type": "Point", "coordinates": [139.760826, 35.685382]}, "properties": {"id": "tree-433", "species": "サクラ", "height": 5.0, "crownDiameter": 1.5}}, {"type": "Feature", "geometry": {"type": "Point", "coordinates": [139.761199, 35.68532]}, "properties": {"id": "tree-434", "species": "エンジュ", "height": 12.5, "crownDiameter": 5.0}}, {"type": "Feature", "geometry": {"type": "Point", "coordinates": [139.767195, 35.68379]}, "properties": {"id": "tree-435", "species": "イチョウ", "height": 16.0, "crownDiameter": 6.5}}, {"type": "Feature", "geometry": {"type": "Point", "coordinates": [139.765587, 35.684202]}, "properties": {"id": "tree-436", "species": "イチョウ", "height": 12.5, "crownDiameter": 4.5}}, {"type": "Feature", "geometry": {"type": "Point", "coordinates": [139.760846, 35.685444]}, "properties": {"id": "tree-437", "species": "サクラ", "height": 5.0, "crownDiameter": 4.5}}, {"type": "Feature", "geometry": {"type": "Point", "coordinates": [139.765605, 35.684257]}, "properties": {"id": "tree-438", "species": "イチョウ", "height": 14.0, "crownDiameter": 5.0}}, {"type": "Feature", "geometry": {"type": "Point", "coordinates": [139.767222, 35.68385]}, "properties": {"id": "tree-439", "species": "イチョウ", "height": 16.0, "crownDiameter": 6.5}}, {"type": "Feature", "geometry": {"type": "Point", "coordinates": [139.761256, 35.685391]}, "properties": {"id": "tree-440", "species": "エンジュ", "height": 11.0, "crownDiameter": 6.5}}, {"type": "Feature", "geometry": {"type": "Point", "coordinates": [139.760864, 35.685506]}, "properties": {"id": "tree-441", "species": "サクラ", "height": 5.0, "crownDiameter": 6.0}}, {"type": "Feature", "geometry": {"type": "Point", "coordinates": [139.765427, 35.684371]}, "properties": {"id": "tree-442", "species": "イチョウ", "height": 13.5, "crownDiameter": 4.5}}, {"type": "Feature", "geometry": {"type": "Point", "coordinates": [139.76563, 35.684329]}, "properties": {"id": "tree-443", "species": "イチョウ", "height": 14.0, "crownDiameter": 5.5}}, {"type": "Feature", "geometry": {"type": "Point", "coordinates": [139.767257, 35.683916]}, "properties": {"id": "tree-444", "species": "イチョウ", "height": 16.0, "crownDiameter": 6.5}}, {"type": "Feature", "geometry": {"type": "Point", "coordinates": [139.760885, 35.685567]}, "properties": {"id": "tree-445", "species": "サクラ", "height": 5.0, "crownDiameter": 4.5}}, {"type": "Feature", "geometry": {"type": "Point", "coordinates": [139.765447, 35.684435]}, "properties": {"id": "tree-446", "species": "イチョウ", "height": 15.5, "crownDiameter": 5.5}}, {"type": "Feature", "geometry": {"type": "Point", "coordinates": [139.765651, 35.684391]}, "properties": {"id": "tree-447", "species": "イチョウ", "height": 14.0, "crownDiameter": 4.5}}, {"type": "Feature", "geometry": {"type": "Point", "coordinates": [139.760906, 35.685631]}, "properties": {"id": "tree-448", "species": "サクラ", "height": 5.0, "crownDiameter": 6.5}}, {"type": "Feature", "geometry": {"type": "Point", "coordinates": [139.765675, 35.684446]}, "properties": {"id": "tree-449", "species": "イチョウ", "height": 11.0, "crownDiameter": 4.5}}, {"type": "Feature", "geometry": {"type": "Point", "coordinates": [139.76547, 35.684502]}, "properties": {"id": "tree-450", "species": "イチョウ", "height": 16.5, "crownDiameter": 5.5}}, {"type": "Feature", "geometry": {"type": "Point", "coordinates": [139.761632, 35.685485]}, "properties": {"id": "tree-451", "species": "イチョウ", "height": 8.0, "crownDiameter": 2.5}}, {"type": "Feature", "geometry": {"type": "Point", "coordinates": [139.761699, 35.685471]}, "properties": {"id": "tree-452", "species": "イチョウ", "height": 7.0, "crownDiameter": 2.5}}, {"type": "Feature", "geometry": {"type": "Point", "coordinates": [139.761766, 35.685457]}, "properties": {"id": "tree-453", "species": "イチョウ", "height": 7.5, "crownDiameter": 3.0}}, {"type": "Feature", "geometry": {"type": "Point", "coordinates": [139.761833, 35.685442]}, "properties": {"id": "tree-454", "species": "イチョウ", "height": 5.0, "crownDiameter": 2.5}}, {"type": "Feature", "geometry": {"type": "Point", "coordinates": [139.767322, 35.684042]}, "properties": {"id": "tree-455", "species": "イチョウ", "height": 15.5, "crownDiameter": 6.5}}, {"type": "Feature", "geometry": {"type": "Point", "coordinates": [139.762168, 35.685373]}, "properties": {"id": "tree-456", "species": "イチョウ", "height": 8.5, "crownDiameter": 3.5}}, {"type": "Feature", "geometry": {"type": "Point", "coordinates": [139.762233, 35.68536]}, "properties": {"id": "tree-457", "species": "イチョウ", "height": 5.5, "crownDiameter": 3.5}}, {"type": "Feature", "geometry": {"type": "Point", "coordinates": [139.762311, 35.685343]}, "properties": {"id": "tree-458", "species": "イチョウ", "height": 5.5, "crownDiameter": 3.5}}, {"type": "Feature", "geometry": {"type": "Point", "coordinates": [139.762401, 35.685323]}, "properties": {"id": "tree-459", "species": "イチョウ", "height": 9.5, "crownDiameter": 3.0}}, {"type": "Feature", "geometry": {"type": "Point", "coordinates": [139.76252, 35.685298]}, "properties": {"id": "tree-460", "species": "イチョウ", "height": 9.0, "crownDiameter": 3.5}}, {"type": "Feature", "geometry": {"type": "Point", "coordinates": [139.762584, 35.685286]}, "properties": {"id": "tree-461", "species": "イチョウ", "height": 9.5, "crownDiameter": 3.0}}, {"type": "Feature", "geometry": {"type": "Point", "coordinates": [139.762649, 35.685272]}, "properties": {"id": "tree-462", "species": "イチョウ", "height": 9.0, "crownDiameter": 3.5}}, {"type": "Feature", "geometry": {"type": "Point", "coordinates": [139.762714, 35.685259]}, "properties": {"id": "tree-463", "species": "イチョウ", "height": 9.0, "crownDiameter": 4.0}}, {"type": "Feature", "geometry": {"type": "Point", "coordinates": [139.767354, 35.684104]}, "properties": {"id": "tree-464", "species": "イチョウ", "height": 13.5, "crownDiameter": 5.5}}, {"type": "Feature", "geometry": {"type": "Point", "coordinates": [139.761557, 35.685753]}, "properties": {"id": "tree-465", "species": "イチョウ", "height": 8.5, "crownDiameter": 4.5}}, {"type": "Feature", "geometry": {"type": "Point", "coordinates": [139.762598, 35.68554]}, "properties": {"id": "tree-466", "species": "イチョウ", "height": 9.5, "crownDiameter": 3.5}}, {"type": "Feature", "geometry": {"type": "Point", "coordinates": [139.762664, 35.685525]}, "properties": {"id": "tree-467", "species": "イチョウ", "height": 7.5, "crownDiameter": 3.5}}, {"type": "Feature", "geometry": {"type": "Point", "coordinates": [139.761056, 35.68595]}, "properties": {"id": "tree-468", "species": "サクラ", "height": 6.5, "crownDiameter": 7.0}}, {"type": "Feature", "geometry": {"type": "Point", "coordinates": [139.761075, 35.686023]}, "properties": {"id": "tree-469", "species": "サクラ", "height": 6.5, "crownDiameter": 5.0}}, {"type": "Feature", "geometry": {"type": "Point", "coordinates": [139.761446, 35.685941]}, "properties": {"id": "tree-470", "species": "エンジュ", "height": 11.0, "crownDiameter": 7.5}}, {"type": "Feature", "geometry": {"type": "Point", "coordinates": [139.761096, 35.686096]}, "properties": {"id": "tree-471", "species": "サクラ", "height": 6.0, "crownDiameter": 5.0}}, {"type": "Feature", "geometry": {"type": "Point", "coordinates": [139.763065, 35.685634]}, "properties": {"id": "tree-472", "species": "イチョウ", "height": 14.0, "crownDiameter": 5.5}}, {"type": "Feature", "geometry": {"type": "Point", "coordinates": [139.763359, 35.685575]}, "properties": {"id": "tree-473", "species": "イチョウ", "height": 12.5, "crownDiameter": 4.0}}, {"type": "Feature", "geometry": {"type": "Point", "coordinates": [139.761116, 35.68617]}, "properties": {"id": "tree-474", "species": "サクラ", "height": 4.5, "crownDiameter": 3.5}}, {"type": "Feature", "geometry": {"type": "Point", "coordinates": [139.761486, 35.686092]}, "properties": {"id": "tree-475", "species": "イヌエンジュ", "height": 5.0, "crownDiameter": 3.5}}, {"type": "Feature", "geometry": {"type": "Point", "coordinates": [139.763082, 35.685686]}, "properties": {"id": "tree-476", "species": "イチョウ", "height": 14.0, "crownDiameter": 4.5}}, {"type": "Feature", "geometry": {"type": "Point", "coordinates": [139.765919, 35.684979]}, "properties": {"id": "tree-477", "species": "イチョウ", "height": 13.5, "crownDiameter": 6.0}}, {"type": "Feature", "geometry": {"type": "Point", "coordinates": [139.763385, 35.685659]}, "properties": {"id": "tree-478", "species": "イチョウ", "height": 14.0, "crownDiameter": 5.5}}, {"type": "Feature", "geometry": {"type": "Point", "coordinates": [139.761131, 35.686244]}, "properties": {"id": "tree-479", "species": "シダレヤナギ", "height": 6.0, "crownDiameter": 3.5}}, {"type": "Feature", "geometry": {"type": "Point", "coordinates": [139.768486, 35.684385]}, "properties": {"id": "tree-480", "species": "クスノキ", "height": 17.0, "crownDiameter": 9.5}}, {"type": "Feature", "geometry": {"type": "Point", "coordinates": [139.765929, 35.685043]}, "properties": {"id": "tree-481", "species": "イチョウ", "height": 9.5, "crownDiameter": 4.0}}, {"type": "Feature", "geometry": {"type": "Point", "coordinates": [139.763108, 35.685769]}, "properties": {"id": "tree-482", "species": "イチョウ", "height": 12.0, "crownDiameter": 4.5}}, {"type": "Feature", "geometry": {"type": "Point", "coordinates": [139.761186, 35.686284]}, "properties": {"id": "tree-483", "species": "イヌエンジュ", "height": 7.0, "crownDiameter": 4.5}}, {"type": "Feature", "geometry": {"type": "Point", "coordinates": [139.763404, 35.685731]}, "properties": {"id": "tree-484", "species": "イチョウ", "height": 14.0, "crownDiameter": 5.5}}, {"type": "Feature", "geometry": {"type": "Point", "coordinates": [139.76152, 35.686215]}, "properties": {"id": "tree-485", "species": "エンジュ", "height": 11.5, "crownDiameter": 5.5}}, {"type": "Feature", "geometry": {"type": "Point", "coordinates": [139.765749, 35.68514]}, "properties": {"id": "tree-486", "species": "イチョウ", "height": 12.5, "crownDiameter": 5.0}}, {"type": "Feature", "geometry": {"type": "Point", "coordinates": [139.76115, 35.686317]}, "properties": {"id": "tree-487", "species": "シダレヤナギ", "height": 6.0, "crownDiameter": 3.5}}, {"type": "Feature", "geometry": {"type": "Point", "coordinates": [139.76851, 35.684447]}, "properties": {"id": "tree-488", "species": "クスノキ", "height": 17.0, "crownDiameter": 7.5}}, {"type": "Feature", "geometry": {"type": "Point", "coordinates": [139.765944, 35.685107]}, "properties": {"id": "tree-489", "species": "イチョウ", "height": 13.5, "crownDiameter": 5.0}}, {"type": "Feature", "geometry": {"type": "Point", "coordinates": [139.763128, 35.68584]}, "properties": {"id": "tree-490", "species": "イチョウ", "height": 13.5, "crownDiameter": 5.0}}, {"type": "Feature", "geometry": {"type": "Point", "coordinates": [139.761201, 35.686348]}, "properties": {"id": "tree-491", "species": "イヌエンジュ", "height": 11.0, "crownDiameter": 4.5}}, {"type": "Feature", "geometry": {"type": "Point", "coordinates": [139.765763, 35.685204]}, "properties": {"id": "tree-492", "species": "イチョウ", "height": 6.5, "crownDiameter": 4.0}}, {"type": "Feature", "geometry": {"type": "Point", "coordinates": [139.761541, 35.686291]}, "properties": {"id": "tree-493", "species": "イヌエンジュ", "height": 9.0, "crownDiameter": 4.0}}, {"type": "Feature", "geometry": {"type": "Point", "coordinates": [139.768531, 35.684509]}, "properties": {"id": "tree-494", "species": "クスノキ", "height": 17.0, "crownDiameter": 8.0}}, {"type": "Feature", "geometry": {"type": "Point", "coordinates": [139.761169, 35.68639]}, "properties": {"id": "tree-495", "species": "シダレヤナギ", "height": 6.0, "crownDiameter": 3.0}}, {"type": "Feature", "geometry": {"type": "Point", "coordinates": [139.76596, 35.685177]}, "properties": {"id": "tree-496", "species": "イチョウ", "height": 12.0, "crownDiameter": 4.5}}, {"type": "Feature", "geometry": {"type": "Point", "coordinates": [139.763157, 35.685941]}, "properties": {"id": "tree-497", "species": "イチョウ", "height": 15.0, "crownDiameter": 4.5}}, {"type": "Feature", "geometry": {"type": "Point", "coordinates": [139.761556, 35.686353]}, "properties": {"id": "tree-498", "species": "イヌエンジュ", "height": 8.0, "crownDiameter": 5.0}}, {"type": "Feature", "geometry": {"type": "Point", "coordinates": [139.763443, 35.685873]}, "properties": {"id": "tree-499", "species": "イチョウ", "height": 14.0, "crownDiameter": 4.5}}, {"type": "Feature", "geometry": {"type": "Point", "coordinates": [139.76578, 35.685277]}, "properties": {"id": "tree-500", "species": "イチョウ", "height": 15.5, "crownDiameter": 5.5}}, {"type": "Feature", "geometry": {"type": "Point", "coordinates": [139.768557, 35.684578]}, "properties": {"id": "tree-501", "species": "クスノキ", "height": 17.0, "crownDiameter": 9.5}}, {"type": "Feature", "geometry": {"type": "Point", "coordinates": [139.761189, 35.686463]}, "properties": {"id": "tree-502", "species": "シダレヤナギ", "height": 6.0, "crownDiameter": 3.5}}, {"type": "Feature", "geometry": {"type": "Point", "coordinates": [139.76123, 35.686464]}, "properties": {"id": "tree-503", "species": "エンジュ", "height": 6.5, "crownDiameter": 3.5}}, {"type": "Feature", "geometry": {"type": "Point", "coordinates": [139.765977, 35.685252]}, "properties": {"id": "tree-504", "species": "イチョウ", "height": 10.5, "crownDiameter": 4.5}}, {"type": "Feature", "geometry": {"type": "Point", "coordinates": [139.763177, 35.686002]}, "properties": {"id": "tree-505", "species": "イチョウ", "height": 15.0, "crownDiameter": 5.0}}, {"type": "Feature", "geometry": {"type": "Point", "coordinates": [139.765794, 35.685339]}, "properties": {"id": "tree-506", "species": "イチョウ", "height": 13.0, "crownDiameter": 5.5}}, {"type": "Feature", "geometry": {"type": "Point", "coordinates": [139.761576, 35.686416]}, "properties": {"id": "tree-507", "species": "イヌエンジュ", "height": 6.5, "crownDiameter": 4.5}}, {"type": "Feature", "geometry": {"type": "Point", "coordinates": [139.76599, 35.68531]}, "properties": {"id": "tree-508", "species": "イチョウ", "height": 12.5, "crownDiameter": 5.5}}, {"type": "Feature", "geometry": {"type": "Point", "coordinates": [139.761211, 35.686531]}, "properties": {"id": "tree-509", "species": "シダレヤナギ", "height": 6.5, "crownDiameter": 3.0}}, {"type": "Feature", "geometry": {"type": "Point", "coordinates": [139.763482, 35.685974]}, "properties": {"id": "tree-510", "species": "イチョウ", "height": 10.5, "crownDiameter": 4.0}}, {"type": "Feature", "geometry": {"type": "Point", "coordinates": [139.765809, 35.685408]}, "properties": {"id": "tree-511", "species": "イチョウ", "height": 14.5, "crownDiameter": 5.0}}, {"type": "Feature", "geometry": {"type": "Point", "coordinates": [139.76126, 35.686574]}, "properties": {"id": "tree-512", "species": "エンジュ", "height": 5.0, "crownDiameter": 2.5}}, {"type": "Feature", "geometry": {"type": "Point", "coordinates": [139.761227, 35.686597]}, "properties": {"id": "tree-513", "species": "シダレヤナギ", "height": 5.5, "crownDiameter": 3.5}}, {"type": "Feature", "geometry": {"type": "Point", "coordinates": [139.766006, 35.685381]}, "properties": {"id": "tree-514", "species": "イチョウ", "height": 13.5, "crownDiameter": 4.5}}, {"type": "Feature", "geometry": {"type": "Point", "coordinates": [139.763219, 35.686099]}, "properties": {"id": "tree-515", "species": "イチョウ", "height": 15.0, "crownDiameter": 4.5}}, {"type": "Feature", "geometry": {"type": "Point", "coordinates": [139.761602, 35.686516]}, "properties": {"id": "tree-516", "species": "イヌエンジュ", "height": 6.5, "crownDiameter": 4.5}}, {"type": "Feature", "geometry": {"type": "Point", "coordinates": [139.763515, 35.686048]}, "properties": {"id": "tree-517", "species": "イチョウ", "height": 12.0, "crownDiameter": 4.0}}, {"type": "Feature", "geometry": {"type": "Point", "coordinates": [139.765824, 35.685476]}, "properties": {"id": "tree-518", "species": "イチョウ", "height": 14.5, "crownDiameter": 5.0}}, {"type": "Feature", "geometry": {"type": "Point", "coordinates": [139.761283, 35.686648]}, "properties": {"id": "tree-519", "species": "エンジュ", "height": 10.5, "crownDiameter": 7.0}}, {"type": "Feature", "geometry": {"type": "Point", "coordinates": [139.761246, 35.686665]}, "properties": {"id": "tree-520", "species": "シダレヤナギ", "height": 5.5, "crownDiameter": 2.5}}, {"type": "Feature", "geometry": {"type": "Point", "coordinates": [139.766022, 35.685448]}, "properties": {"id": "tree-521", "species": "イチョウ", "height": 13.5, "crownDiameter": 5.0}}, {"type": "Feature", "geometry": {"type": "Point", "coordinates": [139.763254, 35.68618]}, "properties": {"id": "tree-522", "species": "イチョウ", "height": 15.0, "crownDiameter": 4.0}}, {"type": "Feature", "geometry": {"type": "Point", "coordinates": [139.765838, 35.685538]}, "properties": {"id": "tree-523", "species": "イチョウ", "height": 5.5, "crownDiameter": 3.0}}, {"type": "Feature", "geometry": {"type": "Point", "coordinates": [139.761298, 35.686707]}, "properties": {"id": "tree-524", "species": "エンジュ", "height": 4.5, "crownDiameter": 3.5}}, {"type": "Feature", "geometry": {"type": "Point", "coordinates": [139.763553, 35.68614]}, "properties": {"id": "tree-525", "species": "イチョウ", "height": 10.5, "crownDiameter": 3.5}}, {"type": "Feature", "geometry": {"type": "Point", "coordinates": [139.761266, 35.686737]}, "properties": {"id": "tree-526", "species": "シダレヤナギ", "height": 6.0, "crownDiameter": 4.0}}, {"type": "Feature", "geometry": {"type": "Point", "coordinates": [139.76604, 35.68554]}, "properties": {"id": "tree-527", "species": "イチョウ", "height": 15.0, "crownDiameter": 4.5}}, {"type": "Feature", "geometry": {"type": "Point", "coordinates": [139.765854, 35.6856]}, "properties": {"id": "tree-528", "species": "イチョウ", "height": 13.5, "crownDiameter": 5.0}}, {"type": "Feature", "geometry": {"type": "Point", "coordinates": [139.761644, 35.68668]}, "properties": {"id": "tree-529", "species": "エンジュ", "height": 9.0, "crownDiameter": 7.0}}, {"type": "Feature", "geometry": {"type": "Point", "coordinates": [139.761278, 35.686791]}, "properties": {"id": "tree-530", "species": "シダレヤナギ", "height": 6.0, "crownDiameter": 3.5}}, {"type": "Feature", "geometry": {"type": "Point", "coordinates": [139.766052, 35.68558]}, "properties": {"id": "tree-531", "species": "イチョウ", "height": 13.5, "crownDiameter": 5.0}}, {"type": "Feature", "geometry": {"type": "Point", "coordinates": [139.761336, 35.686849]}, "properties": {"id": "tree-532", "species": "エンジュ", "height": 9.5, "crownDiameter": 4.5}}, {"type": "Feature", "geometry": {"type": "Point", "coordinates": [139.761297, 35.686862]}, "properties": {"id": "tree-533", "species": "シダレヤナギ", "height": 4.5, "crownDiameter": 2.0}}, {"type": "Feature", "geometry": {"type": "Point", "coordinates": [139.766067, 35.68565]}, "properties": {"id": "tree-534", "species": "イチョウ", "height": 13.0, "crownDiameter": 5.0}}, {"type": "Feature", "geometry": {"type": "Point", "coordinates": [139.761679, 35.6868]}, "properties": {"id": "tree-535", "species": "エンジュ", "height": 8.5, "crownDiameter": 5.0}}, {"type": "Feature", "geometry": {"type": "Point", "coordinates": [139.763625, 35.686313]}, "properties": {"id": "tree-536", "species": "イチョウ", "height": 13.5, "crownDiameter": 4.5}}, {"type": "Feature", "geometry": {"type": "Point", "coordinates": [139.765886, 35.685746]}, "properties": {"id": "tree-537", "species": "イチョウ", "height": 15.0, "crownDiameter": 5.5}}, {"type": "Feature", "geometry": {"type": "Point", "coordinates": [139.761351, 35.686904]}, "properties": {"id": "tree-538", "species": "イヌエンジュ", "height": 7.0, "crownDiameter": 4.5}}, {"type": "Feature", "geometry": {"type": "Point", "coordinates": [139.766082, 35.685714]}, "properties": {"id": "tree-539", "species": "イチョウ", "height": 12.0, "crownDiameter": 5.0}}, {"type": "Feature", "geometry": {"type": "Point", "coordinates": [139.761319, 35.686932]}, "properties": {"id": "tree-540", "species": "シダレヤナギ", "height": 6.0, "crownDiameter": 4.5}}, {"type": "Feature", "geometry": {"type": "Point", "coordinates": [139.761693, 35.686849]}, "properties": {"id": "tree-541", "species": "ハナノキ", "height": 7.0, "crownDiameter": 2.5}}, {"type": "Feature", "geometry": {"type": "Point", "coordinates": [139.763356, 35.686431]}, "properties": {"id": "tree-542", "species": "イチョウ", "height": 10.5, "crownDiameter": 3.5}}, {"type": "Feature", "geometry": {"type": "Point", "coordinates": [139.763646, 35.686367]}, "properties": {"id": "tree-543", "species": "イチョウ", "height": 10.0, "crownDiameter": 4.5}}, {"type": "Feature", "geometry": {"type": "Point", "coordinates": [139.761702, 35.686881]}, "properties": {"id": "tree-544", "species": "ハナノキ", "height": 7.0, "crownDiameter": 1.5}}, {"type": "Feature", "geometry": {"type": "Point", "coordinates": [139.761369, 35.686968]}, "properties": {"id": "tree-545", "species": "エンジュ", "height": 7.0, "crownDiameter": 6.0}}, {"type": "Feature", "geometry": {"type": "Point", "coordinates": [139.766096, 35.685775]}, "properties": {"id": "tree-546", "species": "イチョウ", "height": 14.5, "crownDiameter": 5.0}}, {"type": "Feature", "geometry": {"type": "Point", "coordinates": [139.761336, 35.687003]}, "properties": {"id": "tree-547", "species": "シダレヤナギ", "height": 6.0, "crownDiameter": 4.0}}, {"type": "Feature", "geometry": {"type": "Point", "coordinates": [139.763378, 35.686512]}, "properties": {"id": "tree-548", "species": "イチョウ", "height": 13.0, "crownDiameter": 4.0}}, {"type": "Feature", "geometry": {"type": "Point", "coordinates": [139.765915, 35.685868]}, "properties": {"id": "tree-549", "species": "イチョウ", "height": 6.5, "crownDiameter": 3.5}}, {"type": "Feature", "geometry": {"type": "Point", "coordinates": [139.761391, 35.687039]}, "properties": {"id": "tree-550", "species": "エンジュ", "height": 9.0, "crownDiameter": 5.0}}, {"type": "Feature", "geometry": {"type": "Point", "coordinates": [139.763673, 35.686461]}, "properties": {"id": "tree-551", "species": "イチョウ", "height": 17.0, "crownDiameter": 5.5}}, {"type": "Feature", "geometry": {"type": "Point", "coordinates": [139.766111, 35.685845]}, "properties": {"id": "tree-552", "species": "イチョウ", "height": 13.5, "crownDiameter": 5.0}}, {"type": "Feature", "geometry": {"type": "Point", "coordinates": [139.761728, 35.686969]}, "properties": {"id": "tree-553", "species": "エンジュ", "height": 7.0, "crownDiameter": 3.5}}, {"type": "Feature", "geometry": {"type": "Point", "coordinates": [139.761355, 35.687075]}, "properties": {"id": "tree-554", "species": "シダレヤナギ", "height": 6.0, "crownDiameter": 6.0}}, {"type": "Feature", "geometry": {"type": "Point", "coordinates": [139.765929, 35.685932]}, "properties": {"id": "tree-555", "species": "イチョウ", "height": 15.0, "crownDiameter": 6.0}}, {"type": "Feature", "geometry": {"type": "Point", "coordinates": [139.763406, 35.686609]}, "properties": {"id": "tree-556", "species": "イチョウ", "height": 12.5, "crownDiameter": 4.0}}, {"type": "Feature", "geometry": {"type": "Point", "coordinates": [139.761373, 35.687146]}, "properties": {"id": "tree-557", "species": "シダレヤナギ", "height": 6.0, "crownDiameter": 5.0}}, {"type": "Feature", "geometry": {"type": "Point", "coordinates": [139.763703, 35.68658]}, "properties": {"id": "tree-558", "species": "イチョウ", "height": 17.0, "crownDiameter": 4.5}}, {"type": "Feature", "geometry": {"type": "Point", "coordinates": [139.76342, 35.68668]}, "properties": {"id": "tree-559", "species": "イチョウ", "height": 6.5, "crownDiameter": 3.0}}, {"type": "Feature", "geometry": {"type": "Point", "coordinates": [139.763723, 35.68666]}, "properties": {"id": "tree-560", "species": "イチョウ", "height": 17.0, "crownDiameter": 4.5}}, {"type": "Feature", "geometry": {"type": "Point", "coordinates": [139.763451, 35.686775]}, "properties": {"id": "tree-561", "species": "イチョウ", "height": 12.5, "crownDiameter": 4.5}}, {"type": "Feature", "geometry": {"type": "Point", "coordinates": [139.763742, 35.686729]}, "properties": {"id": "tree-562", "species": "イチョウ", "height": 13.5, "crownDiameter": 5.0}}, {"type": "Feature", "geometry": {"type": "Point", "coordinates": [139.761377, 35.687336]}, "properties": {"id": "tree-563", "species": "シダレヤナギ", "height": 6.0, "crownDiameter": 5.0}}, {"type": "Feature", "geometry": {"type": "Point", "coordinates": [139.766173, 35.686123]}, "properties": {"id": "tree-564", "species": "イチョウ", "height": 12.0, "crownDiameter": 4.5}}, {"type": "Feature", "geometry": {"type": "Point", "coordinates": [139.76141, 35.687376]}, "properties": {"id": "tree-565", "species": "イヌエンジュ", "height": 8.0, "crownDiameter": 5.0}}, {"type": "Feature", "geometry": {"type": "Point", "coordinates": [139.761346, 35.687402]}, "properties": {"id": "tree-566", "species": "シダレヤナギ", "height": 6.0, "crownDiameter": 5.5}}, {"type": "Feature", "geometry": {"type": "Point", "coordinates": [139.765997, 35.686237]}, "properties": {"id": "tree-567", "species": "イチョウ", "height": 13.0, "crownDiameter": 5.5}}, {"type": "Feature", "geometry": {"type": "Point", "coordinates": [139.766188, 35.686192]}, "properties": {"id": "tree-568", "species": "イチョウ", "height": 13.0, "crownDiameter": 4.5}}, {"type": "Feature", "geometry": {"type": "Point", "coordinates": [139.761313, 35.687472]}, "properties": {"id": "tree-569", "species": "シダレヤナギ", "height": 5.0, "crownDiameter": 3.5}}, {"type": "Feature", "geometry": {"type": "Point", "coordinates": [139.766205, 35.68627]}, "properties": {"id": "tree-570", "species": "イチョウ", "height": 11.5, "crownDiameter": 5.5}}, {"type": "Feature", "geometry": {"type": "Point", "coordinates": [139.761353, 35.687518]}, "properties": {"id": "tree-571", "species": "エンジュ", "height": 9.5, "crownDiameter": 4.5}}, {"type": "Feature", "geometry": {"type": "Point", "coordinates": [139.761283, 35.687537]}, "properties": {"id": "tree-572", "species": "シダレヤナギ", "height": 6.0, "crownDiameter": 5.5}}, {"type": "Feature", "geometry": {"type": "Point", "coordinates": [139.766019, 35.686347]}, "properties": {"id": "tree-573", "species": "イチョウ", "height": 12.0, "crownDiameter": 4.5}}, {"type": "Feature", "geometry": {"type": "Point", "coordinates": [139.761741, 35.687461]}, "properties": {"id": "tree-574", "species": "クスノキ", "height": 11.0, "crownDiameter": 7.0}}, {"type": "Feature", "geometry": {"type": "Point", "coordinates": [139.761252, 35.687606]}, "properties": {"id": "tree-575", "species": "シダレヤナギ", "height": 5.5, "crownDiameter": 4.0}}, {"type": "Feature", "geometry": {"type": "Point", "coordinates": [139.761327, 35.687588]}, "properties": {"id": "tree-576", "species": "エンジュ", "height": 6.5, "crownDiameter": 3.5}}, {"type": "Feature", "geometry": {"type": "Point", "coordinates": [139.761728, 35.687499]}, "properties": {"id": "tree-577", "species": "イヌエンジュ", "height": 8.5, "crownDiameter": 3.5}}, {"type": "Feature", "geometry": {"type": "Point", "coordinates": [139.761715, 35.68753]}, "properties": {"id": "tree-578", "species": "クスノキ", "height": 10.0, "crownDiameter": 4.5}}, {"type": "Feature", "geometry": {"type": "Point", "coordinates": [139.761222, 35.687673]}, "properties": {"id": "tree-579", "species": "シダレヤナギ", "height": 6.0, "crownDiameter": 6.0}}, {"type": "Feature", "geometry": {"type": "Point", "coordinates": [139.761301, 35.687658]}, "properties": {"id": "tree-580", "species": "エンジュ", "height": 6.5, "crownDiameter": 4.0}}, {"type": "Feature", "geometry": {"type": "Point", "coordinates": [139.7617, 35.687568]}, "properties": {"id": "tree-581", "species": "エンジュ", "height": 8.5, "crownDiameter": 4.0}}, {"type": "Feature", "geometry": {"type": "Point", "coordinates": [139.766328, 35.68641]}, "properties": {"id": "tree-582", "species": "イチョウ", "height": 10.5, "crownDiameter": 4.5}}, {"type": "Feature", "geometry": {"type": "Point", "coordinates": [139.761683, 35.687605]}, "properties": {"id": "tree-583", "species": "クスノキ", "height": 10.5, "crownDiameter": 5.0}}, {"type": "Feature", "geometry": {"type": "Point", "coordinates": [139.761278, 35.687714]}, "properties": {"id": "tree-584", "species": "イヌエンジュ", "height": 8.5, "crownDiameter": 4.0}}, {"type": "Feature", "geometry": {"type": "Point", "coordinates": [139.763546, 35.687139]}, "properties": {"id": "tree-585", "species": "イチョウ", "height": 5.0, "crownDiameter": 2.5}}, {"type": "Feature", "geometry": {"type": "Point", "coordinates": [139.761197, 35.687745]}, "properties": {"id": "tree-586", "species": "シダレヤナギ", "height": 6.0, "crownDiameter": 4.5}}, {"type": "Feature", "geometry": {"type": "Point", "coordinates": [139.761671, 35.687645]}, "properties": {"id": "tree-587", "species": "エンジュ", "height": 8.5, "crownDiameter": 4.0}}, {"type": "Feature", "geometry": {"type": "Point", "coordinates": [139.763828, 35.687112]}, "properties": {"id": "tree-588", "species": "イチョウ", "height": 8.5, "crownDiameter": 3.5}}, {"type": "Feature", "geometry": {"type": "Point", "coordinates": [139.761657, 35.687676]}, "properties": {"id": "tree-589", "species": "クスノキ", "height": 11.5, "crownDiameter": 8.0}}, {"type": "Feature", "geometry": {"type": "Point", "coordinates": [139.761168, 35.687813]}, "properties": {"id": "tree-590", "species": "シダレヤナギ", "height": 6.5, "crownDiameter": 4.5}}, {"type": "Feature", "geometry": {"type": "Point", "coordinates": [139.761644, 35.687716]}, "properties": {"id": "tree-591", "species": "エンジュ", "height": 8.5, "crownDiameter": 3.5}}, {"type": "Feature", "geometry": {"type": "Point", "coordinates": [139.763847, 35.687179]}, "properties": {"id": "tree-592", "species": "イチョウ", "height": 15.5, "crownDiameter": 4.5}}, {"type": "Feature", "geometry": {"type": "Point", "coordinates": [139.761632, 35.687746]}, "properties": {"id": "tree-593", "species": "クスノキ", "height": 11.0, "crownDiameter": 6.5}}, {"type": "Feature", "geometry": {"type": "Point", "coordinates": [139.761138, 35.687879]}, "properties": {"id": "tree-594", "species": "シダレヤナギ", "height": 5.0, "crownDiameter": 3.5}}, {"type": "Feature", "geometry": {"type": "Point", "coordinates": [139.763579, 35.687272]}, "properties": {"id": "tree-595", "species": "イチョウ", "height": 4.5, "crownDiameter": 2.0}}, {"type": "Feature", "geometry": {"type": "Point", "coordinates": [139.761607, 35.687813]}, "properties": {"id": "tree-596", "species": "クスノキ", "height": 10.0, "crownDiameter": 6.0}}, {"type": "Feature", "geometry": {"type": "Point", "coordinates": [139.761113, 35.687949]}, "properties": {"id": "tree-597", "species": "シダレヤナギ", "height": 6.0, "crownDiameter": 4.5}}, {"type": "Feature", "geometry": {"type": "Point", "coordinates": [139.761191, 35.687938]}, "properties": {"id": "tree-598", "species": "イヌエンジュ", "height": 5.5, "crownDiameter": 3.5}}, {"type": "Feature", "geometry": {"type": "Point", "coordinates": [139.761594, 35.687851]}, "properties": {"id": "tree-599", "species": "エンジュ", "height": 10.0, "crownDiameter": 4.5}}, {"type": "Feature", "geometry": {"type": "Point", "coordinates": [139.766104, 35.686709]}, "properties": {"id": "tree-600", "species": "イチョウ", "height": 15.0, "crownDiameter": 5.0}}, {"type": "Feature", "geometry": {"type": "Point", "coordinates": [139.763602, 35.687349]}, "properties": {"id": "tree-601", "species": "イチョウ", "height": 4.5, "crownDiameter": 2.0}}, {"type": "Feature", "geometry": {"type": "Point", "coordinates": [139.761581, 35.68788]}, "properties": {"id": "tree-602", "species": "クスノキ", "height": 10.0, "crownDiameter": 5.5}}, {"type": "Feature", "geometry": {"type": "Point", "coordinates": [139.761091, 35.68802]}, "properties": {"id": "tree-603", "species": "シダレヤナギ", "height": 6.0, "crownDiameter": 5.0}}, {"type": "Feature", "geometry": {"type": "Point", "coordinates": [139.763881, 35.687317]}, "properties": {"id": "tree-604", "species": "イチョウ", "height": 7.5, "crownDiameter": 4.0}}, {"type": "Feature", "geometry": {"type": "Point", "coordinates": [139.76631, 35.686712]}, "properties": {"id": "tree-605", "species": "イチョウ", "height": 12.5, "crownDiameter": 4.5}}, {"type": "Feature", "geometry": {"type": "Point", "coordinates": [139.763615, 35.687405]}, "properties": {"id": "tree-606", "species": "イチョウ", "height": 4.5, "crownDiameter": 2.0}}, {"type": "Feature", "geometry": {"type": "Point", "coordinates": [139.761554, 35.687948]}, "properties": {"id": "tree-607", "species": "クスノキ", "height": 11.0, "crownDiameter": 6.0}}, {"type": "Feature", "geometry": {"type": "Point", "coordinates": [139.76114, 35.688066]}, "properties": {"id": "tree-608", "species": "エンジュ", "height": 4.0, "crownDiameter": 3.5}}, {"type": "Feature", "geometry": {"type": "Point", "coordinates": [139.761068, 35.688092]}, "properties": {"id": "tree-609", "species": "シダレヤナギ", "height": 6.0, "crownDiameter": 5.5}}, {"type": "Feature", "geometry": {"type": "Point", "coordinates": [139.763628, 35.687459]}, "properties": {"id": "tree-610", "species": "イチョウ", "height": 4.5, "crownDiameter": 2.0}}, {"type": "Feature", "geometry": {"type": "Point", "coordinates": [139.766324, 35.686774]}, "properties": {"id": "tree-611", "species": "イチョウ", "height": 14.5, "crownDiameter": 5.0}}, {"type": "Feature", "geometry": {"type": "Point", "coordinates": [139.761528, 35.688015]}, "properties": {"id": "tree-612", "species": "クスノキ", "height": 11.0, "crownDiameter": 5.0}}, {"type": "Feature", "geometry": {"type": "Point", "coordinates": [139.766135, 35.686847]}, "properties": {"id": "tree-613", "species": "イチョウ", "height": 13.5, "crownDiameter": 6.0}}, {"type": "Feature", "geometry": {"type": "Point", "coordinates": [139.763911, 35.687429]}, "properties": {"id": "tree-614", "species": "イチョウ", "height": 7.5, "crownDiameter": 4.0}}, {"type": "Feature", "geometry": {"type": "Point", "coordinates": [139.761046, 35.688161]}, "properties": {"id": "tree-615", "species": "シダレヤナギ", "height": 6.0, "crownDiameter": 5.0}}, {"type": "Feature", "geometry": {"type": "Point", "coordinates": [139.76152, 35.688053]}, "properties": {"id": "tree-616", "species": "エンジュ", "height": 10.5, "crownDiameter": 5.0}}, {"type": "Feature", "geometry": {"type": "Point", "coordinates": [139.766339, 35.686839]}, "properties": {"id": "tree-617", "species": "イチョウ", "height": 14.5, "crownDiameter": 5.5}}, {"type": "Feature", "geometry": {"type": "Point", "coordinates": [139.761505, 35.68808]}, "properties": {"id": "tree-618", "species": "クスノキ", "height": 10.5, "crownDiameter": 5.5}}, {"type": "Feature", "geometry": {"type": "Point", "coordinates": [139.763649, 35.687534]}, "properties": {"id": "tree-619", "species": "イチョウ", "height": 13.5, "crownDiameter": 4.0}}, {"type": "Feature", "geometry": {"type": "Point", "coordinates": [139.761092, 35.688191]}, "properties": {"id": "tree-620", "species": "エンジュ", "height": 8.5, "crownDiameter": 4.0}}, {"type": "Feature", "geometry": {"type": "Point", "coordinates": [139.761024, 35.688232]}, "properties": {"id": "tree-621", "species": "シダレヤナギ", "height": 6.0, "crownDiameter": 4.5}}, {"type": "Feature", "geometry": {"type": "Point", "coordinates": [139.766353, 35.686898]}, "properties": {"id": "tree-622", "species": "イチョウ", "height": 3.5, "crownDiameter": 2.5}}, {"type": "Feature", "geometry": {"type": "Point", "coordinates": [139.763662, 35.687586]}, "properties": {"id": "tree-623", "species": "イチョウ", "height": 10.5, "crownDiameter": 3.5}}, {"type": "Feature", "geometry": {"type": "Point", "coordinates": [139.761476, 35.688149]}, "properties": {"id": "tree-624", "species": "クスノキ", "height": 11.5, "crownDiameter": 7.0}}, {"type": "Feature", "geometry": {"type": "Point", "coordinates": [139.761062, 35.688268]}, "properties": {"id": "tree-625", "species": "エンジュ", "height": 3.5, "crownDiameter": 3.5}}, {"type": "Feature", "geometry": {"type": "Point", "coordinates": [139.761054, 35.688284]}, "properties": {"id": "tree-626", "species": "イヌエンジュ", "height": 5.5, "crownDiameter": 4.0}}, {"type": "Feature", "geometry": {"type": "Point", "coordinates": [139.761002, 35.688302]}, "properties": {"id": "tree-627", "species": "シダレヤナギ", "height": 6.0, "crownDiameter": 4.0}}, {"type": "Feature", "geometry": {"type": "Point", "coordinates": [139.761465, 35.688189]}, "properties": {"id": "tree-628", "species": "エンジュ", "height": 8.5, "crownDiameter": 4.0}}, {"type": "Feature", "geometry": {"type": "Point", "coordinates": [139.761452, 35.688214]}, "properties": {"id": "tree-629", "species": "クスノキ", "height": 13.0, "crownDiameter": 7.0}}, {"type": "Feature", "geometry": {"type": "Point", "coordinates": [139.766367, 35.686961]}, "properties": {"id": "tree-630", "species": "イチョウ", "height": 4.5, "crownDiameter": 2.5}}, {"type": "Feature", "geometry": {"type": "Point", "coordinates": [139.761029, 35.688347]}, "properties": {"id": "tree-631", "species": "エンジュ", "height": 7.0, "crownDiameter": 5.0}}, {"type": "Feature", "geometry": {"type": "Point", "coordinates": [139.763686, 35.687679]}, "properties": {"id": "tree-632", "species": "イチョウ", "height": 7.5, "crownDiameter": 2.0}}, {"type": "Feature", "geometry": {"type": "Point", "coordinates": [139.769201, 35.686304]}, "properties": {"id": "tree-633", "species": "イチョウ", "height": 11.5, "crownDiameter": 5.5}}, {"type": "Feature", "geometry": {"type": "Point", "coordinates": [139.766381, 35.687026]}, "properties": {"id": "tree-634", "species": "イチョウ", "height": 13.5, "crownDiameter": 5.0}}, {"type": "Feature", "geometry": {"type": "Point", "coordinates": [139.766187, 35.687081]}, "properties": {"id": "tree-635", "species": "イチョウ", "height": 14.0, "crownDiameter": 5.0}}, {"type": "Feature", "geometry": {"type": "Point", "coordinates": [139.763975, 35.687678]}, "properties": {"id": "tree-636", "species": "イチョウ", "height": 16.0, "crownDiameter": 4.5}}, {"type": "Feature", "geometry": {"type": "Point", "coordinates": [139.766391, 35.687087]}, "properties": {"id": "tree-637", "species": "イチョウ", "height": 3.5, "crownDiameter": 3.0}}, {"type": "Feature", "geometry": {"type": "Point", "coordinates": [139.766202, 35.687145]}, "properties": {"id": "tree-638", "species": "イチョウ", "height": 12.5, "crownDiameter": 5.5}}, {"type": "Feature", "geometry": {"type": "Point", "coordinates": [139.760989, 35.688481]}, "properties": {"id": "tree-639", "species": "エンジュ", "height": 8.5, "crownDiameter": 5.0}}, {"type": "Feature", "geometry": {"type": "Point", "coordinates": [139.76094, 35.688507]}, "properties": {"id": "tree-640", "species": "シダレヤナギ", "height": 6.0, "crownDiameter": 5.0}}, {"type": "Feature", "geometry": {"type": "Point", "coordinates": [139.763714, 35.687799]}, "properties": {"id": "tree-641", "species": "イチョウ", "height": 4.0, "crownDiameter": 2.0}}, {"type": "Feature", "geometry": {"type": "Point", "coordinates": [139.76924, 35.686413]}, "properties": {"id": "tree-642", "species": "イチョウ", "height": 11.0, "crownDiameter": 4.5}}, {"type": "Feature", "geometry": {"type": "Point", "coordinates": [139.760976, 35.688536]}, "properties": {"id": "tree-643", "species": "イヌエンジュ", "height": 5.0, "crownDiameter": 3.5}}, {"type": "Feature", "geometry": {"type": "Point", "coordinates": [139.764002, 35.68778]}, "properties": {"id": "tree-644", "species": "イチョウ", "height": 14.5, "crownDiameter": 4.0}}, {"type": "Feature", "geometry": {"type": "Point", "coordinates": [139.760921, 35.688574]}, "properties": {"id": "tree-645", "species": "シダレヤナギ", "height": 6.0, "crownDiameter": 4.0}}, {"type": "Feature", "geometry": {"type": "Point", "coordinates": [139.76095, 35.688615]}, "properties": {"id": "tree-646", "species": "イヌエンジュ", "height": 7.5, "crownDiameter": 3.0}}, {"type": "Feature", "geometry": {"type": "Point", "coordinates": [139.760899, 35.688647]}, "properties": {"id": "tree-647", "species": "シダレヤナギ", "height": 6.0, "crownDiameter": 3.5}}, {"type": "Feature", "geometry": {"type": "Point", "coordinates": [139.761321, 35.688544]}, "properties": {"id": "tree-648", "species": "シナノキ", "height": 8.0, "crownDiameter": 6.5}}, {"type": "Feature", "geometry": {"type": "Point", "coordinates": [139.76929, 35.686541]}, "properties": {"id": "tree-649", "species": "イチョウ", "height": 15.5, "crownDiameter": 6.5}}, {"type": "Feature", "geometry": {"type": "Point", "coordinates": [139.764038, 35.687925]}, "properties": {"id": "tree-650", "species": "イチョウ", "height": 13.5, "crownDiameter": 4.0}}, {"type": "Feature", "geometry": {"type": "Point", "coordinates": [139.760905, 35.688759]}, "properties": {"id": "tree-651", "species": "エンジュ", "height": 8.5, "crownDiameter": 4.0}}, {"type": "Feature", "geometry": {"type": "Point", "coordinates": [139.760857, 35.688786]}, "properties": {"id": "tree-652", "species": "シダレヤナギ", "height": 6.0, "crownDiameter": 4.5}}, {"type": "Feature", "geometry": {"type": "Point", "coordinates": [139.76626, 35.687407]}, "properties": {"id": "tree-653", "species": "イチョウ", "height": 13.0, "crownDiameter": 4.0}}, {"type": "Feature", "geometry": {"type": "Point", "coordinates": [139.766459, 35.687379]}, "properties": {"id": "tree-654", "species": "イチョウ", "height": 13.0, "crownDiameter": 5.0}}, {"type": "Feature", "geometry": {"type": "Point", "coordinates": [139.761267, 35.688727]}, "properties": {"id": "tree-655", "species": "オオバボダイジュ", "height": 6.5, "crownDiameter": 4.5}}, {"type": "Feature", "geometry": {"type": "Point", "coordinates": [139.760886, 35.68883]}, "properties": {"id": "tree-656", "species": "エンジュ", "height": 9.0, "crownDiameter": 4.5}}, {"type": "Feature", "geometry": {"type": "Point", "coordinates": [139.763783, 35.688094]}, "properties": {"id": "tree-657", "species": "イチョウ", "height": 5.5, "crownDiameter": 3.5}}, {"type": "Feature", "geometry": {"type": "Point", "coordinates": [139.761262, 35.688747]}, "properties": {"id": "tree-658", "species": "ウバメガシ", "height": 4.5, "crownDiameter": 2.0}}, {"type": "Feature", "geometry": {"type": "Point", "coordinates": [139.760834, 35.688859]}, "properties": {"id": "tree-659", "species": "シダレヤナギ", "height": 6.0, "crownDiameter": 3.5}}, {"type": "Feature", "geometry": {"type": "Point", "coordinates": [139.761257, 35.688763]}, "properties": {"id": "tree-660", "species": "ウバメガシ", "height": 5.5, "crownDiameter": 2.0}}, {"type": "Feature", "geometry": {"type": "Point", "coordinates": [139.766281, 35.687486]}, "properties": {"id": "tree-661", "species": "イチョウ", "height": 10.5, "crownDiameter": 4.0}}, {"type": "Feature", "geometry": {"type": "Point", "coordinates": [139.766474, 35.687443]}, "properties": {"id": "tree-662", "species": "イチョウ", "height": 15.0, "crownDiameter": 4.5}}, {"type": "Feature", "geometry": {"type": "Point", "coordinates": [139.761248, 35.688793]}, "properties": {"id": "tree-663", "species": "シナノキ", "height": 8.0, "crownDiameter": 7.5}}, {"type": "Feature", "geometry": {"type": "Point", "coordinates": [139.760866, 35.688896]}, "properties": {"id": "tree-664", "species": "イヌエンジュ", "height": 7.0, "crownDiameter": 4.0}}, {"type": "Feature", "geometry": {"type": "Point", "coordinates": [139.760814, 35.688929]}, "properties": {"id": "tree-665", "species": "シダレヤナギ", "height": 6.0, "crownDiameter": 3.0}}, {"type": "Feature", "geometry": {"type": "Point", "coordinates": [139.761232, 35.688846]}, "properties": {"id": "tree-666", "species": "シナノキ", "height": 6.0, "crownDiameter": 6.0}}, {"type": "Feature", "geometry": {"type": "Point", "coordinates": [139.769453, 35.686769]}, "properties": {"id": "tree-667", "species": "イチョウ", "height": 14.5, "crownDiameter": 6.5}}, {"type": "Feature", "geometry": {"type": "Point", "coordinates": [139.760842, 35.688972]}, "properties": {"id": "tree-668", "species": "エンジュ", "height": 6.0, "crownDiameter": 3.5}}, {"type": "Feature", "geometry": {"type": "Point", "coordinates": [139.766499, 35.68755]}, "properties": {"id": "tree-669", "species": "イチョウ", "height": 12.0, "crownDiameter": 4.5}}, {"type": "Feature", "geometry": {"type": "Point", "coordinates": [139.761213, 35.688907]}, "properties": {"id": "tree-670", "species": "シナノキ", "height": 8.0, "crownDiameter": 6.0}}, {"type": "Feature", "geometry": {"type": "Point", "coordinates": [139.760823, 35.689039]}, "properties": {"id": "tree-671", "species": "エンジュ", "height": 8.0, "crownDiameter": 3.5}}, {"type": "Feature", "geometry": {"type": "Point", "coordinates": [139.760771, 35.689072]}, "properties": {"id": "tree-672", "species": "シダレヤナギ", "height": 6.0, "crownDiameter": 4.5}}, {"type": "Feature", "geometry": {"type": "Point", "coordinates": [139.761195, 35.688965]}, "properties": {"id": "tree-673", "species": "シナノキ", "height": 6.0, "crownDiameter": 4.5}}, {"type": "Feature", "geometry": {"type": "Point", "coordinates": [139.760804, 35.6891]}, "properties": {"id": "tree-674", "species": "エンジュ", "height": 7.5, "crownDiameter": 4.0}}, {"type": "Feature", "geometry": {"type": "Point", "coordinates": [139.764127, 35.688261]}, "properties": {"id": "tree-675", "species": "イチョウ", "height": 6.0, "crownDiameter": 2.5}}, {"type": "Feature", "geometry": {"type": "Point", "coordinates": [139.761179, 35.689017]}, "properties": {"id": "tree-676", "species": "シナノキ", "height": 7.0, "crownDiameter": 7.0}}, {"type": "Feature", "geometry": {"type": "Point", "coordinates": [139.76955, 35.686887]}, "properties": {"id": "tree-677", "species": "イチョウ", "height": 13.0, "crownDiameter": 5.5}}, {"type": "Feature", "geometry": {"type": "Point", "coordinates": [139.760751, 35.689141]}, "properties": {"id": "tree-678", "species": "シダレヤナギ", "height": 6.0, "crownDiameter": 4.0}}, {"type": "Feature", "geometry": {"type": "Point", "coordinates": [139.766336, 35.687722]}, "properties": {"id": "tree-679", "species": "イチョウ", "height": 6.5, "crownDiameter": 4.5}}, {"type": "Feature", "geometry": {"type": "Point", "coordinates": [139.764147, 35.688346]}, "properties": {"id": "tree-680", "species": "イチョウ", "height": 17.0, "crownDiameter": 4.5}}, {"type": "Feature", "geometry": {"type": "Point", "coordinates": [139.763864, 35.688428]}, "properties": {"id": "tree-681", "species": "イチョウ", "height": 6.0, "crownDiameter": 3.5}}, {"type": "Feature", "geometry": {"type": "Point", "coordinates": [139.766548, 35.687765]}, "properties": {"id": "tree-682", "species": "イチョウ", "height": 14.5, "crownDiameter": 4.5}}, {"type": "Feature", "geometry": {"type": "Point", "coordinates": [139.764159, 35.688394]}, "properties": {"id": "tree-683", "species": "イチョウ", "height": 15.5, "crownDiameter": 4.5}}, {"type": "Feature", "geometry": {"type": "Point", "coordinates": [139.766363, 35.687832]}, "properties": {"id": "tree-684", "species": "イチョウ", "height": 6.0, "crownDiameter": 3.0}}, {"type": "Feature", "geometry": {"type": "Point", "coordinates": [139.761118, 35.689197]}, "properties": {"id": "tree-685", "species": "シナノキ", "height": 7.0, "crownDiameter": 4.0}}, {"type": "Feature", "geometry": {"type": "Point", "coordinates": [139.763879, 35.688492]}, "properties": {"id": "tree-686", "species": "イチョウ", "height": 6.0, "crownDiameter": 3.5}}, {"type": "Feature", "geometry": {"type": "Point", "coordinates": [139.760652, 35.689327]}, "properties": {"id": "tree-687", "species": "サクラ", "height": 6.0, "crownDiameter": 7.0}}, {"type": "Feature", "geometry": {"type": "Point", "coordinates": [139.764168, 35.688431]}, "properties": {"id": "tree-688", "species": "イチョウ", "height": 7.0, "crownDiameter": 3.5}}, {"type": "Feature", "geometry": {"type": "Point", "coordinates": [139.766565, 35.687833]}, "properties": {"id": "tree-689", "species": "イチョウ", "height": 13.0, "crownDiameter": 5.5}}, {"type": "Feature", "geometry": {"type": "Point", "coordinates": [139.760597, 35.68937]}, "properties": {"id": "tree-690", "species": "サクラ", "height": 6.0, "crownDiameter": 7.5}}, {"type": "Feature", "geometry": {"type": "Point", "coordinates": [139.766373, 35.687905]}, "properties": {"id": "tree-691", "species": "イチョウ", "height": 7.0, "crownDiameter": 4.0}}, {"type": "Feature", "geometry": {"type": "Point", "coordinates": [139.763893, 35.688549]}, "properties": {"id": "tree-692", "species": "イチョウ", "height": 7.0, "crownDiameter": 4.0}}, {"type": "Feature", "geometry": {"type": "Point", "coordinates": [139.766577, 35.68788]}, "properties": {"id": "tree-693", "species": "イチョウ", "height": 7.5, "crownDiameter": 3.5}}, {"type": "Feature", "geometry": {"type": "Point", "coordinates": [139.760524, 35.689428]}, "properties": {"id": "tree-694", "species": "サクラ", "height": 5.5, "crownDiameter": 6.0}}, {"type": "Feature", "geometry": {"type": "Point", "coordinates": [139.760483, 35.689461]}, "properties": {"id": "tree-695", "species": "サクラ", "height": 5.5, "crownDiameter": 5.5}}, {"type": "Feature", "geometry": {"type": "Point", "coordinates": [139.763909, 35.688612]}, "properties": {"id": "tree-696", "species": "イチョウ", "height": 11.5, "crownDiameter": 4.5}}, {"type": "Feature", "geometry": {"type": "Point", "coordinates": [139.760415, 35.689515]}, "properties": {"id": "tree-697", "species": "サクラ", "height": 5.5, "crownDiameter": 8.5}}, {"type": "Feature", "geometry": {"type": "Point", "coordinates": [139.766403, 35.688004]}, "properties": {"id": "tree-698", "species": "イチョウ", "height": 7.0, "crownDiameter": 4.0}}, {"type": "Feature", "geometry": {"type": "Point", "coordinates": [139.760357, 35.68956]}, "properties": {"id": "tree-699", "species": "サクラ", "height": 4.0, "crownDiameter": 1.5}}, {"type": "Feature", "geometry": {"type": "Point", "coordinates": [139.766598, 35.687975]}, "properties": {"id": "tree-700", "species": "イチョウ", "height": 13.0, "crownDiameter": 5.5}}, {"type": "Feature", "geometry": {"type": "Point", "coordinates": [139.763925, 35.688683]}, "properties": {"id": "tree-701", "species": "イチョウ", "height": 7.0, "crownDiameter": 2.5}}, {"type": "Feature", "geometry": {"type": "Point", "coordinates": [139.76642, 35.688082]}, "properties": {"id": "tree-702", "species": "イチョウ", "height": 7.0, "crownDiameter": 4.0}}, {"type": "Feature", "geometry": {"type": "Point", "coordinates": [139.764221, 35.688646]}, "properties": {"id": "tree-703", "species": "イチョウ", "height": 6.0, "crownDiameter": 3.0}}, {"type": "Feature", "geometry": {"type": "Point", "coordinates": [139.760216, 35.689671]}, "properties": {"id": "tree-704", "species": "サクラ", "height": 4.0, "crownDiameter": 3.5}}, {"type": "Feature", "geometry": {"type": "Point", "coordinates": [139.766614, 35.688046]}, "properties": {"id": "tree-705", "species": "イチョウ", "height": 14.0, "crownDiameter": 5.0}}, {"type": "Feature", "geometry": {"type": "Point", "coordinates": [139.763942, 35.688747]}, "properties": {"id": "tree-706", "species": "イチョウ", "height": 11.5, "crownDiameter": 3.5}}, {"type": "Feature", "geometry": {"type": "Point", "coordinates": [139.757411, 35.690422]}, "properties": {"id": "tree-707", "species": "エンジュ", "height": 6.0, "crownDiameter": 4.0}}, {"type": "Feature", "geometry": {"type": "Point", "coordinates": [139.76423, 35.688681]}, "properties": {"id": "tree-708", "species": "イチョウ", "height": 16.0, "crownDiameter": 5.0}}, {"type": "Feature", "geometry": {"type": "Point", "coordinates": [139.760151, 35.689723]}, "properties": {"id": "tree-709", "species": "サクラ", "height": 8.5, "crownDiameter": 3.5}}, {"type": "Feature", "geometry": {"type": "Point", "coordinates": [139.757575, 35.690396]}, "properties": {"id": "tree-710", "species": "エンジュ", "height": 9.0, "crownDiameter": 5.0}}, {"type": "Feature", "geometry": {"type": "Point", "coordinates": [139.757664, 35.690383]}, "properties": {"id": "tree-711", "species": "エンジュ", "height": 6.5, "crownDiameter": 4.5}}, {"type": "Feature", "geometry": {"type": "Point", "coordinates": [139.757751, 35.69037]}, "properties": {"id": "tree-712", "species": "エンジュ", "height": 8.0, "crownDiameter": 5.0}}, {"type": "Feature", "geometry": {"type": "Point", "coordinates": [139.760082, 35.689776]}, "properties": {"id": "tree-713", "species": "エンジュ", "height": 7.0, "crownDiameter": 4.0}}, {"type": "Feature", "geometry": {"type": "Point", "coordinates": [139.757854, 35.690354]}, "properties": {"id": "tree-714", "species": "エンジュ", "height": 8.5, "crownDiameter": 4.5}}, {"type": "Feature", "geometry": {"type": "Point", "coordinates": [139.766631, 35.688115]}, "properties": {"id": "tree-715", "species": "イチョウ", "height": 13.0, "crownDiameter": 4.5}}, {"type": "Feature", "geometry": {"type": "Point", "coordinates": [139.766442, 35.688165]}, "properties": {"id": "tree-716", "species": "イチョウ", "height": 11.5, "crownDiameter": 4.5}}, {"type": "Feature", "geometry": {"type": "Point", "coordinates": [139.758528, 35.690189]}, "properties": {"id": "tree-717", "species": "サクラ", "height": 6.0, "crownDiameter": 7.5}}, {"type": "Feature", "geometry": {"type": "Point", "coordinates": [139.758397, 35.690223]}, "properties": {"id": "tree-718", "species": "エノキ", "height": 7.0, "crownDiameter": 9.0}}, {"type": "Feature", "geometry": {"type": "Point", "coordinates": [139.758556, 35.690195]}, "properties": {"id": "tree-719", "species": "サクラ", "height": 9.0, "crownDiameter": 9.5}}, {"type": "Feature", "geometry": {"type": "Point", "coordinates": [139.760023, 35.689821]}, "properties": {"id": "tree-720", "species": "エンジュ", "height": 7.0, "crownDiameter": 3.0}}, {"type": "Feature", "geometry": {"type": "Point", "coordinates": [139.763962, 35.688824]}, "properties": {"id": "tree-721", "species": "イチョウ", "height": 8.5, "crownDiameter": 3.5}}, {"type": "Feature", "geometry": {"type": "Point", "coordinates": [139.75996, 35.689872]}, "properties": {"id": "tree-722", "species": "エンジュ", "height": 8.5, "crownDiameter": 3.5}}, {"type": "Feature", "geometry": {"type": "Point", "coordinates": [139.758724, 35.690191]}, "properties": {"id": "tree-723", "species": "サクラ", "height": 4.5, "crownDiameter": 4.0}}, {"type": "Feature", "geometry": {"type": "Point", "coordinates": [139.758443, 35.690265]}, "properties": {"id": "tree-724", "species": "イヌエンジュ", "height": 5.5, "crownDiameter": 2.5}}, {"type": "Feature", "geometry": {"type": "Point", "coordinates": [139.758907, 35.690147]}, "properties": {"id": "tree-725", "species": "サクラ", "height": 4.0, "crownDiameter": 5.0}}, {"type": "Feature", "geometry": {"type": "Point", "coordinates": [139.759007, 35.690122]}, "properties": {"id": "tree-726", "species": "サクラ", "height": 3.5, "crownDiameter": 2.5}}, {"type": "Feature", "geometry": {"type": "Point", "coordinates": [139.759098, 35.690104]}, "properties": {"id": "tree-727", "species": "サクラ", "height": 5.5, "crownDiameter": 4.5}}, {"type": "Feature", "geometry": {"type": "Point", "coordinates": [139.759839, 35.689916]}, "properties": {"id": "tree-728", "species": "サクラ", "height": 4.5, "crownDiameter": 7.0}}, {"type": "Feature", "geometry": {"type": "Point", "coordinates": [139.759365, 35.690045]}, "properties": {"id": "tree-729", "species": "サクラ", "height": 6.0, "crownDiameter": 1.5}}, {"type": "Feature", "geometry": {"type": "Point", "coordinates": [139.766649, 35.688186]}, "properties": {"id": "tree-730", "species": "イチョウ", "height": 13.0, "crownDiameter": 4.5}}, {"type": "Feature", "geometry": {"type": "Point", "coordinates": [139.760976, 35.689638]}, "properties": {"id": "tree-731", "species": "エンジュ", "height": 9.5, "crownDiameter": 6.0}}, {"type": "Feature", "geometry": {"type": "Point", "coordinates": [139.759452, 35.690029]}, "properties": {"id": "tree-732", "species": "サクラ", "height": 4.5, "crownDiameter": 1.5}}, {"type": "Feature", "geometry": {"type": "Point", "coordinates": [139.758672, 35.690229]}, "properties": {"id": "tree-733", "species": "エンジュ", "height": 6.5, "crownDiameter": 4.5}}, {"type": "Feature", "geometry": {"type": "Point", "coordinates": [139.759892, 35.689922]}, "properties": {"id": "tree-734", "species": "エンジュ", "height": 6.0, "crownDiameter": 3.0}}, {"type": "Feature", "geometry": {"type": "Point", "coordinates": [139.758879, 35.690186]}, "properties": {"id": "tree-735", "species": "エンジュ", "height": 8.0, "crownDiameter": 4.5}}, {"type": "Feature", "geometry": {"type": "Point", "coordinates": [139.759624, 35.689996]}, "properties": {"id": "tree-736", "species": "サクラ", "height": 4.0, "crownDiameter": 1.5}}, {"type": "Feature", "geometry": {"type": "Point", "coordinates": [139.759707, 35.689977]}, "properties": {"id": "tree-737", "species": "サクラ", "height": 5.5, "crownDiameter": 4.5}}, {"type": "Feature", "geometry": {"type": "Point", "coordinates": [139.758978, 35.690165]}, "properties": {"id": "tree-738", "species": "イヌエンジュ", "height": 6.5, "crownDiameter": 5.0}}, {"type": "Feature", "geometry": {"type": "Point", "coordinates": [139.760602, 35.689755]}, "properties": {"id": "tree-739", "species": "エンジュ", "height": 7.5, "crownDiameter": 3.0}}, {"type": "Feature", "geometry": {"type": "Point", "coordinates": [139.760666, 35.689742]}, "properties": {"id": "tree-740", "species": "エンジュ", "height": 6.0, "crownDiameter": 3.5}}, {"type": "Feature", "geometry": {"type": "Point", "coordinates": [139.759154, 35.690129]}, "properties": {"id": "tree-741", "species": "エンジュ", "height": 8.0, "crownDiameter": 3.5}}, {"type": "Feature", "geometry": {"type": "Point", "coordinates": [139.759248, 35.690111]}, "properties": {"id": "tree-742", "species": "エンジュ", "height": 4.5, "crownDiameter": 4.0}}, {"type": "Feature", "geometry": {"type": "Point", "coordinates": [139.759332, 35.690092]}, "properties": {"id": "tree-743", "species": "イヌエンジュ", "height": 6.0, "crownDiameter": 4.5}}, {"type": "Feature", "geometry": {"type": "Point", "coordinates": [139.759418, 35.690074]}, "properties": {"id": "tree-744", "species": "エンジュ", "height": 6.5, "crownDiameter": 4.0}}, {"type": "Feature", "geometry": {"type": "Point", "coordinates": [139.764269, 35.688837]}, "properties": {"id": "tree-745", "species": "イチョウ", "height": 6.0, "crownDiameter": 4.0}}, {"type": "Feature", "geometry": {"type": "Point", "coordinates": [139.759496, 35.690059]}, "properties": {"id": "tree-746", "species": "イヌエンジュ", "height": 7.0, "crownDiameter": 4.5}}, {"type": "Feature", "geometry": {"type": "Point", "coordinates": [139.759586, 35.69004]}, "properties": {"id": "tree-747", "species": "エンジュ", "height": 7.0, "crownDiameter": 3.5}}, {"type": "Feature", "geometry": {"type": "Point", "coordinates": [139.759659, 35.690025]}, "properties": {"id": "tree-748", "species": "エンジュ", "height": 5.0, "crownDiameter": 5.0}}, {"type": "Feature", "geometry": {"type": "Point", "coordinates": [139.760543, 35.689801]}, "properties": {"id": "tree-749", "species": "エンジュ", "height": 8.5, "crownDiameter": 4.5}}, {"type": "Feature", "geometry": {"type": "Point", "coordinates": [139.759747, 35.690007]}, "properties": {"id": "tree-750", "species": "エンジュ", "height": 9.0, "crownDiameter": 6.5}}, {"type": "Feature", "geometry": {"type": "Point", "coordinates": [139.766475, 35.68831]}, "properties": {"id": "tree-751", "species": "イチョウ", "height": 12.5, "crownDiameter": 4.5}}, {"type": "Feature", "geometry": {"type": "Point", "coordinates": [139.760489, 35.689843]}, "properties": {"id": "tree-752", "species": "エンジュ", "height": 9.5, "crownDiameter": 4.5}}, {"type": "Feature", "geometry": {"type": "Point", "coordinates": [139.764286, 35.688915]}, "properties": {"id": "tree-753", "species": "イチョウ", "height": 9.5, "crownDiameter": 4.0}}, {"type": "Feature", "geometry": {"type": "Point", "coordinates": [139.766491, 35.688377]}, "properties": {"id": "tree-754", "species": "イチョウ", "height": 8.0, "crownDiameter": 3.5}}, {"type": "Feature", "geometry": {"type": "Point", "coordinates": [139.760328, 35.689969]}, "properties": {"id": "tree-755", "species": "エンジュ", "height": 7.5, "crownDiameter": 4.0}}, {"type": "Feature", "geometry": {"type": "Point", "coordinates": [139.757531, 35.690692]}, "properties": {"id": "tree-756", "species": "エンジュ", "height": 9.5, "crownDiameter": 4.5}}, {"type": "Feature", "geometry": {"type": "Point", "coordinates": [139.766687, 35.688354]}, "properties": {"id": "tree-757", "species": "イチョウ", "height": 12.5, "crownDiameter": 4.5}}, {"type": "Feature", "geometry": {"type": "Point", "coordinates": [139.757721, 35.690664]}, "properties": {"id": "tree-758", "species": "エンジュ", "height": 8.0, "crownDiameter": 5.0}}, {"type": "Feature", "geometry": {"type": "Point", "coordinates": [139.757932, 35.690633]}, "properties": {"id": "tree-759", "species": "エンジュ", "height": 8.0, "crownDiameter": 4.5}}, {"type": "Feature", "geometry": {"type": "Point", "coordinates": [139.758, 35.690623]}, "properties": {"id": "tree-760", "species": "エンジュ", "height": 8.0, "crownDiameter": 3.5}}, {"type": "Feature", "geometry": {"type": "Point", "coordinates": [139.758218, 35.69059]}, "properties": {"id": "tree-761", "species": "エンジュ", "height": 11.0, "crownDiameter": 5.5}}, {"type": "Feature", "geometry": {"type": "Point", "coordinates": [139.758317, 35.690574]}, "properties": {"id": "tree-762", "species": "エンジュ", "height": 8.5, "crownDiameter": 3.5}}, {"type": "Feature", "geometry": {"type": "Point", "coordinates": [139.758384, 35.690564]}, "properties": {"id": "tree-763", "species": "エンジュ", "height": 11.0, "crownDiameter": 5.5}}, {"type": "Feature", "geometry": {"type": "Point", "coordinates": [139.766707, 35.688441]}, "properties": {"id": "tree-764", "species": "イチョウ", "height": 12.5, "crownDiameter": 5.0}}, {"type": "Feature", "geometry": {"type": "Point", "coordinates": [139.760124, 35.690125]}, "properties": {"id": "tree-765", "species": "エンジュ", "height": 9.5, "crownDiameter": 4.5}}, {"type": "Feature", "geometry": {"type": "Point", "coordinates": [139.758462, 35.690552]}, "properties": {"id": "tree-766", "species": "エンジュ", "height": 11.0, "crownDiameter": 5.5}}, {"type": "Feature", "geometry": {"type": "Point", "coordinates": [139.76004, 35.690191]}, "properties": {"id": "tree-767", "species": "エンジュ", "height": 8.0, "crownDiameter": 4.0}}, {"type": "Feature", "geometry": {"type": "Point", "coordinates": [139.759273, 35.690394]}, "properties": {"id": "tree-768", "species": "エンジュ", "height": 8.5, "crownDiameter": 4.0}}, {"type": "Feature", "geometry": {"type": "Point", "coordinates": [139.759349, 35.690379]}, "properties": {"id": "tree-769", "species": "エンジュ", "height": 9.0, "crownDiameter": 5.0}}, {"type": "Feature", "geometry": {"type": "Point", "coordinates": [139.759496, 35.690347]}, "properties": {"id": "tree-770", "species": "エンジュ", "height": 8.5, "crownDiameter": 6.0}}, {"type": "Feature", "geometry": {"type": "Point", "coordinates": [139.759563, 35.690332]}, "properties": {"id": "tree-771", "species": "エンジュ", "height": 4.0, "crownDiameter": 3.0}}, {"type": "Feature", "geometry": {"type": "Point", "coordinates": [139.759638, 35.690315]}, "properties": {"id": "tree-772", "species": "エンジュ", "height": 8.52, "crownDiameter": 4.5}}, {"type": "Feature", "geometry": {"type": "Point", "coordinates": [139.759725, 35.690296]}, "properties": {"id": "tree-773", "species": "エンジュ", "height": 10.0, "crownDiameter": 4.0}}, {"type": "Feature", "geometry": {"type": "Point", "coordinates": [139.759787, 35.690283]}, "properties": {"id": "tree-774", "species": "エンジュ", "height": 7.5, "crownDiameter": 4.0}}, {"type": "Feature", "geometry": {"type": "Point", "coordinates": [139.759871, 35.690265]}, "properties": {"id": "tree-775", "species": "エンジュ", "height": 10.5, "crownDiameter": 5.5}}, {"type": "Feature", "geometry": {"type": "Point", "coordinates": [139.759145, 35.6905]}, "properties": {"id": "tree-776", "species": "カツラ", "height": 6.0, "crownDiameter": 4.5}}, {"type": "Feature", "geometry": {"type": "Point", "coordinates": [139.759096, 35.690516]}, "properties": {"id": "tree-777", "species": "カツラ", "height": 6.5, "crownDiameter": 6.0}}, {"type": "Feature", "geometry": {"type": "Point", "coordinates": [139.758699, 35.690639]}, "properties": {"id": "tree-778", "species": "エンジュ", "height": 10.0, "crownDiameter": 4.5}}, {"type": "Feature", "geometry": {"type": "Point", "coordinates": [139.759073, 35.69057]}, "properties": {"id": "tree-779", "species": "ケヤキ", "height": 14.0, "crownDiameter": 8.5}}, {"type": "Feature", "geometry": {"type": "Point", "coordinates": [139.758707, 35.690692]}, "properties": {"id": "tree-780", "species": "エンジュ", "height": 7.5, "crownDiameter": 3.0}}, {"type": "Feature", "geometry": {"type": "Point", "coordinates": [139.759025, 35.690651]}, "properties": {"id": "tree-781", "species": "ケヤキ", "height": 14.0, "crownDiameter": 7.5}}, {"type": "Feature", "geometry": {"type": "Point", "coordinates": [139.758721, 35.690744]}, "properties": {"id": "tree-782", "species": "エンジュ", "height": 9.5, "crownDiameter": 5.0}}, {"type": "Feature", "geometry": {"type": "Point", "coordinates": [139.759071, 35.690749]}, "properties": {"id": "tree-783", "species": "ケヤキ", "height": 14.0, "crownDiameter": 8.0}}, {"type": "Feature", "geometry": {"type": "Point", "coordinates": [139.759055, 35.690825]}, "properties": {"id": "tree-784", "species": "ケヤキ", "height": 13.5, "crownDiameter": 6.0}}, {"type": "Feature", "geometry": {"type": "Point", "coordinates": [139.764168, 35.689542]}, "properties": {"id": "tree-785", "species": "イチョウ", "height": 13.5, "crownDiameter": 5.0}}, {"type": "Feature", "geometry": {"type": "Point", "coordinates": [139.759122, 35.690891]}, "properties": {"id": "tree-786", "species": "ケヤキ", "height": 12.0, "crownDiameter": 11.0}}, {"type": "Feature", "geometry": {"type": "Point", "coordinates": [139.759109, 35.690928]}, "properties": {"id": "tree-787", "species": "カツラ", "height": 7.0, "crownDiameter": 5.5}}, {"type": "Feature", "geometry": {"type": "Point", "coordinates": [139.759158, 35.690928]}, "properties": {"id": "tree-788", "species": "カツラ", "height": 12.0, "crownDiameter": 7.0}}, {"type": "Feature", "geometry": {"type": "Point", "coordinates": [139.764203, 35.689699]}, "properties": {"id": "tree-789", "species": "イチョウ", "height": 12.5, "crownDiameter": 3.5}}, {"type": "Feature", "geometry": {"type": "Point", "coordinates": [139.764231, 35.689816]}, "properties": {"id": "tree-790", "species": "イチョウ", "height": 14.0, "crownDiameter": 6.5}}, {"type": "Feature", "geometry": {"type": "Point", "coordinates": [139.764523, 35.689774]}, "properties": {"id": "tree-791", "species": "イチョウ", "height": 16.0, "crownDiameter": 6.5}}, {"type": "Feature", "geometry": {"type": "Point", "coordinates": [139.764602, 35.689808]}, "properties": {"id": "tree-792", "species": "イチョウ", "height": 20.0, "crownDiameter": 13.5}}, {"type": "Feature", "geometry": {"type": "Point", "coordinates": [139.764253, 35.689921]}, "properties": {"id": "tree-793", "species": "イチョウ", "height": 15.5, "crownDiameter": 5.5}}, {"type": "Feature", "geometry": {"type": "Point", "coordinates": [139.764805, 35.689803]}, "properties": {"id": "tree-794", "species": "スズカケノキ", "height": 9.0, "crownDiameter": 3.5}}, {"type": "Feature", "geometry": {"type": "Point", "coordinates": [139.76491, 35.689779]}, "properties": {"id": "tree-795", "species": "スズカケノキ", "height": 8.5, "crownDiameter": 3.5}}, {"type": "Feature", "geometry": {"type": "Point", "coordinates": [139.7647, 35.689842]}, "properties": {"id": "tree-796", "species": "スズカケノキ", "height": 10.5, "crownDiameter": 3.5}}, {"type": "Feature", "geometry": {"type": "Point", "coordinates": [139.765079, 35.689754]}, "properties": {"id": "tree-797", "species": "スズカケノキ", "height": 9.5, "crownDiameter": 2.5}}, {"type": "Feature", "geometry": {"type": "Point", "coordinates": [139.764218, 35.689983]}, "properties": {"id": "tree-798", "species": "イチョウ", "height": 18.5, "crownDiameter": 12.0}}, {"type": "Feature", "geometry": {"type": "Point", "coordinates": [139.765168, 35.689743]}, "properties": {"id": "tree-799", "species": "スズカケノキ", "height": 8.0, "crownDiameter": 3.5}}, {"type": "Feature", "geometry": {"type": "Point", "coordinates": [139.765265, 35.689728]}, "properties": {"id": "tree-800", "species": "スズカケノキ", "height": 7.5, "crownDiameter": 3.0}}, {"type": "Feature", "geometry": {"type": "Point", "coordinates": [139.765552, 35.689687]}, "properties": {"id": "tree-801", "species": "スズカケノキ", "height": 9.0, "crownDiameter": 3.5}}, {"type": "Feature", "geometry": {"type": "Point", "coordinates": [139.765628, 35.689677]}, "properties": {"id": "tree-802", "species": "スズカケノキ", "height": 8.0, "crownDiameter": 2.5}}, {"type": "Feature", "geometry": {"type": "Point", "coordinates": [139.758726, 35.691449]}, "properties": {"id": "tree-803", "species": "ナンキンハゼ", "height": 15.0, "crownDiameter": 11.0}}, {"type": "Feature", "geometry": {"type": "Point", "coordinates": [139.762453, 35.690498]}, "properties": {"id": "tree-804", "species": "スズカケノキ", "height": 9.5, "crownDiameter": 2.5}}, {"type": "Feature", "geometry": {"type": "Point", "coordinates": [139.765718, 35.689667]}, "properties": {"id": "tree-805", "species": "スズカケノキ", "height": 9.0, "crownDiameter": 3.5}}, {"type": "Feature", "geometry": {"type": "Point", "coordinates": [139.762532, 35.690481]}, "properties": {"id": "tree-806", "species": "スズカケノキ", "height": 9.5, "crownDiameter": 3.0}}, {"type": "Feature", "geometry": {"type": "Point", "coordinates": [139.762617, 35.690465]}, "properties": {"id": "tree-807", "species": "スズカケノキ", "height": 9.5, "crownDiameter": 4.0}}, {"type": "Feature", "geometry": {"type": "Point", "coordinates": [139.762685, 35.690452]}, "properties": {"id": "tree-808", "species": "スズカケノキ", "height": 9.5, "crownDiameter": 3.0}}, {"type": "Feature", "geometry": {"type": "Point", "coordinates": [139.765816, 35.689654]}, "properties": {"id": "tree-809", "species": "スズカケノキ", "height": 8.5, "crownDiameter": 3.5}}, {"type": "Feature", "geometry": {"type": "Point", "coordinates": [139.762759, 35.690437]}, "properties": {"id": "tree-810", "species": "スズカケノキ", "height": 10.0, "crownDiameter": 3.0}}, {"type": "Feature", "geometry": {"type": "Point", "coordinates": [139.762858, 35.690419]}, "properties": {"id": "tree-811", "species": "スズカケノキ", "height": 7.5, "crownDiameter": 2.5}}, {"type": "Feature", "geometry": {"type": "Point", "coordinates": [139.765907, 35.689641]}, "properties": {"id": "tree-812", "species": "スズカケノキ", "height": 8.5, "crownDiameter": 3.0}}, {"type": "Feature", "geometry": {"type": "Point", "coordinates": [139.762927, 35.690406]}, "properties": {"id": "tree-813", "species": "スズカケノキ", "height": 10.5, "crownDiameter": 3.0}}, {"type": "Feature", "geometry": {"type": "Point", "coordinates": [139.768598, 35.688958]}, "properties": {"id": "tree-814", "species": "スズカケノキ", "height": 9.0, "crownDiameter": 4.0}}, {"type": "Feature", "geometry": {"type": "Point", "coordinates": [139.765978, 35.689632]}, "properties": {"id": "tree-815", "species": "スズカケノキ", "height": 9.0, "crownDiameter": 3.0}}, {"type": "Feature", "geometry": {"type": "Point", "coordinates": [139.768606, 35.688961]}, "properties": {"id": "tree-816", "species": "スズカケノキ", "height": 10.0, "crownDiameter": 3.5}}, {"type": "Feature", "geometry": {"type": "Point", "coordinates": [139.763041, 35.690383]}, "properties": {"id": "tree-817", "species": "スズカケノキ", "height": 9.0, "crownDiameter": 3.0}}, {"type": "Feature", "geometry": {"type": "Point", "coordinates": [139.763148, 35.690359]}, "properties": {"id": "tree-818", "species": "スズカケノキ", "height": 10.0, "crownDiameter": 3.5}}, {"type": "Feature", "geometry": {"type": "Point", "coordinates": [139.763278, 35.690328]}, "properties": {"id": "tree-819", "species": "モッコク", "height": 4.6, "crownDiameter": 3.0}}, {"type": "Feature", "geometry": {"type": "Point", "coordinates": [139.76608, 35.689616]}, "properties": {"id": "tree-820", "species": "スズカケノキ", "height": 6.0, "crownDiameter": 3.0}}, {"type": "Feature", "geometry": {"type": "Point", "coordinates": [139.763296, 35.690333]}, "properties": {"id": "tree-821", "species": "スズカケノキ", "height": 9.0, "crownDiameter": 4.0}}, {"type": "Feature", "geometry": {"type": "Point", "coordinates": [139.766148, 35.689608]}, "properties": {"id": "tree-822", "species": "スズカケノキ", "height": 9.0, "crownDiameter": 3.5}}, {"type": "Feature", "geometry": {"type": "Point", "coordinates": [139.768555, 35.689022]}, "properties": {"id": "tree-823", "species": "スズカケノキ", "height": 6.0, "crownDiameter": 2.5}}, {"type": "Feature", "geometry": {"type": "Point", "coordinates": [139.766411, 35.689572]}, "properties": {"id": "tree-824", "species": "スズカケノキ", "height": 9.5, "crownDiameter": 2.5}}, {"type": "Feature", "geometry": {"type": "Point", "coordinates": [139.768531, 35.689041]}, "properties": {"id": "tree-825", "species": "スズカケノキ", "height": 6.0, "crownDiameter": 3.0}}, {"type": "Feature", "geometry": {"type": "Point", "coordinates": [139.764955, 35.689962]}, "properties": {"id": "tree-826", "species": "スズカケノキ", "height": 10.0, "crownDiameter": 3.0}}, {"type": "Feature", "geometry": {"type": "Point", "coordinates": [139.766595, 35.689546]}, "properties": {"id": "tree-827", "species": "スズカケノキ", "height": 7.5, "crownDiameter": 2.5}}, {"type": "Feature", "geometry": {"type": "Point", "coordinates": [139.761876, 35.690758]}, "properties": {"id": "tree-828", "species": "スズカケノキ", "height": 9.5, "crownDiameter": 4.0}}, {"type": "Feature", "geometry": {"type": "Point", "coordinates": [139.765168, 35.689918]}, "properties": {"id": "tree-829", "species": "スズカケノキ", "height": 9.0, "crownDiameter": 3.0}}, {"type": "Feature", "geometry": {"type": "Point", "coordinates": [139.764891, 35.689989]}, "properties": {"id": "tree-830", "species": "スズカケノキ", "height": 10.0, "crownDiameter": 3.5}}, {"type": "Feature", "geometry": {"type": "Point", "coordinates": [139.7685, 35.689075]}, "properties": {"id": "tree-831", "species": "スズカケノキ", "height": 4.5, "crownDiameter": 2.0}}, {"type": "Feature", "geometry": {"type": "Point", "coordinates": [139.76524, 35.68991]}, "properties": {"id": "tree-832", "species": "スズカケノキ", "height": 9.5, "crownDiameter": 3.5}}, {"type": "Feature", "geometry": {"type": "Point", "coordinates": [139.764829, 35.690017]}, "properties": {"id": "tree-833", "species": "スズカケノキ", "height": 9.0, "crownDiameter": 3.5}}, {"type": "Feature", "geometry": {"type": "Point", "coordinates": [139.768506, 35.689079]}, "properties": {"id": "tree-834", "species": "スズカケノキ", "height": 4.5, "crownDiameter": 1.0}}, {"type": "Feature", "geometry": {"type": "Point", "coordinates": [139.765308, 35.689899]}, "properties": {"id": "tree-835", "species": "スズカケノキ", "height": 7.0, "crownDiameter": 3.5}}, {"type": "Feature", "geometry": {"type": "Point", "coordinates": [139.7654, 35.689889]}, "properties": {"id": "tree-836", "species": "スズカケノキ", "height": 6.0, "crownDiameter": 2.5}}, {"type": "Feature", "geometry": {"type": "Point", "coordinates": [139.764747, 35.690057]}, "properties": {"id": "tree-837", "species": "スズカケノキ", "height": 10.0, "crownDiameter": 3.5}}, {"type": "Feature", "geometry": {"type": "Point", "coordinates": [139.765497, 35.689874]}, "properties": {"id": "tree-838", "species": "スズカケノキ", "height": 5.5, "crownDiameter": 2.5}}, {"type": "Feature", "geometry": {"type": "Point", "coordinates": [139.762321, 35.6907]}, "properties": {"id": "tree-839", "species": "スズカケノキ", "height": 10.0, "crownDiameter": 3.0}}, {"type": "Feature", "geometry": {"type": "Point", "coordinates": [139.76238, 35.690688]}, "properties": {"id": "tree-840", "species": "スズカケノキ", "height": 5.0, "crownDiameter": 2.5}}, {"type": "Feature", "geometry": {"type": "Point", "coordinates": [139.762484, 35.690668]}, "properties": {"id": "tree-841", "species": "スズカケノキ", "height": 7.5, "crownDiameter": 3.5}}, {"type": "Feature", "geometry": {"type": "Point", "coordinates": [139.767237, 35.689455]}, "properties": {"id": "tree-842", "species": "モッコク", "height": 4.0, "crownDiameter": 2.5}}, {"type": "Feature", "geometry": {"type": "Point", "coordinates": [139.761766, 35.690857]}, "properties": {"id": "tree-843", "species": "スズカケノキ", "height": 9.0, "crownDiameter": 3.5}}, {"type": "Feature", "geometry": {"type": "Point", "coordinates": [139.762591, 35.690649]}, "properties": {"id": "tree-844", "species": "スズカケノキ", "height": 9.0, "crownDiameter": 3.5}}, {"type": "Feature", "geometry": {"type": "Point", "coordinates": [139.762646, 35.690639]}, "properties": {"id": "tree-845", "species": "スズカケノキ", "height": 8.5, "crownDiameter": 3.0}}, {"type": "Feature", "geometry": {"type": "Point", "coordinates": [139.765796, 35.689836]}, "properties": {"id": "tree-846", "species": "スズカケノキ", "height": 6.0, "crownDiameter": 3.0}}, {"type": "Feature", "geometry": {"type": "Point", "coordinates": [139.762795, 35.690608]}, "properties": {"id": "tree-847", "species": "スズカケノキ", "height": 6.5, "crownDiameter": 3.0}}, {"type": "Feature", "geometry": {"type": "Point", "coordinates": [139.767423, 35.689429]}, "properties": {"id": "tree-848", "species": "スズカケノキ", "height": 5.5, "crownDiameter": 2.5}}, {"type": "Feature", "geometry": {"type": "Point", "coordinates": [139.765892, 35.689821]}, "properties": {"id": "tree-849", "species": "スズカケノキ", "height": 6.0, "crownDiameter": 2.5}}, {"type": "Feature", "geometry": {"type": "Point", "coordinates": [139.762871, 35.690594]}, "properties": {"id": "tree-850", "species": "スズカケノキ", "height": 10.0, "crownDiameter": 3.5}}, {"type": "Feature", "geometry": {"type": "Point", "coordinates": [139.762934, 35.690582]}, "properties": {"id": "tree-851", "species": "スズカケノキ", "height": 9.5, "crownDiameter": 3.5}}, {"type": "Feature", "geometry": {"type": "Point", "coordinates": [139.767495, 35.689419]}, "properties": {"id": "tree-852", "species": "スズカケノキ", "height": 5.5, "crownDiameter": 3.0}}, {"type": "Feature", "geometry": {"type": "Point", "coordinates": [139.763002, 35.690568]}, "properties": {"id": "tree-853", "species": "スズカケノキ", "height": 8.5, "crownDiameter": 3.0}}, {"type": "Feature", "geometry": {"type": "Point", "coordinates": [139.763078, 35.690551]}, "properties": {"id": "tree-854", "species": "スズカケノキ", "height": 8.5, "crownDiameter": 3.5}}, {"type": "Feature", "geometry": {"type": "Point", "coordinates": [139.767617, 35.689401]}, "properties": {"id": "tree-855", "species": "スズカケノキ", "height": 8.0, "crownDiameter": 3.0}}, {"type": "Feature", "geometry": {"type": "Point", "coordinates": [139.767694, 35.68939]}, "properties": {"id": "tree-856", "species": "スズカケノキ", "height": 8.0, "crownDiameter": 3.5}}, {"type": "Feature", "geometry": {"type": "Point", "coordinates": [139.766213, 35.689774]}, "properties": {"id": "tree-857", "species": "スズカケノキ", "height": 8.0, "crownDiameter": 3.0}}, {"type": "Feature", "geometry": {"type": "Point", "coordinates": [139.767758, 35.689381]}, "properties": {"id": "tree-858", "species": "スズカケノキ", "height": 7.5, "crownDiameter": 3.5}}, {"type": "Feature", "geometry": {"type": "Point", "coordinates": [139.759375, 35.691522]}, "properties": {"id": "tree-859", "species": "スズカケノキ", "height": 5.5, "crownDiameter": 2.5}}, {"type": "Feature", "geometry": {"type": "Point", "coordinates": [139.761687, 35.690932]}, "properties": {"id": "tree-860", "species": "スズカケノキ", "height": 9.5, "crownDiameter": 4.5}}, {"type": "Feature", "geometry": {"type": "Point", "coordinates": [139.767844, 35.689369]}, "properties": {"id": "tree-861", "species": "スズカケノキ", "height": 7.0, "crownDiameter": 2.5}}, {"type": "Feature", "geometry": {"type": "Point", "coordinates": [139.758716, 35.691707]}, "properties": {"id": "tree-862", "species": "トウカエデ", "height": 14.5, "crownDiameter": 7.0}}, {"type": "Feature", "geometry": {"type": "Point", "coordinates": [139.76637, 35.689753]}, "properties": {"id": "tree-863", "species": "スズカケノキ", "height": 7.5, "crownDiameter": 3.0}}, {"type": "Feature", "geometry": {"type": "Point", "coordinates": [139.759442, 35.691525]}, "properties": {"id": "tree-864", "species": "スズカケノキ", "height": 9.5, "crownDiameter": 3.0}}, {"type": "Feature", "geometry": {"type": "Point", "coordinates": [139.768683, 35.689169]}, "properties": {"id": "tree-865", "species": "スズカケノキ", "height": 8.0, "crownDiameter": 4.0}}, {"type": "Feature", "geometry": {"type": "Point", "coordinates": [139.768689, 35.689171]}, "properties": {"id": "tree-866", "species": "スズカケノキ", "height": 8.5, "crownDiameter": 4.0}}, {"type": "Feature", "geometry": {"type": "Point", "coordinates": [139.766461, 35.68974]}, "properties": {"id": "tree-867", "species": "スズカケノキ", "height": 5.0, "crownDiameter": 1.5}}, {"type": "Feature", "geometry": {"type": "Point", "coordinates": [139.768073, 35.689336]}, "properties": {"id": "tree-868", "species": "スズカケノキ", "height": 10.0, "crownDiameter": 3.5}}, {"type": "Feature", "geometry": {"type": "Point", "coordinates": [139.766527, 35.689732]}, "properties": {"id": "tree-869", "species": "スズカケノキ", "height": 7.5, "crownDiameter": 3.5}}, {"type": "Feature", "geometry": {"type": "Point", "coordinates": [139.759508, 35.691527]}, "properties": {"id": "tree-870", "species": "スズカケノキ", "height": 8.0, "crownDiameter": 3.0}}, {"type": "Feature", "geometry": {"type": "Point", "coordinates": [139.761631, 35.690986]}, "properties": {"id": "tree-871", "species": "スズカケノキ", "height": 9.5, "crownDiameter": 4.0}}, {"type": "Feature", "geometry": {"type": "Point", "coordinates": [139.768157, 35.689324]}, "properties": {"id": "tree-872", "species": "スズカケノキ", "height": 7.0, "crownDiameter": 3.0}}, {"type": "Feature", "geometry": {"type": "Point", "coordinates": [139.762025, 35.690893]}, "properties": {"id": "tree-873", "species": "スズカケノキ", "height": 9.0, "crownDiameter": 3.5}}, {"type": "Feature", "geometry": {"type": "Point", "coordinates": [139.766642, 35.689716]}, "properties": {"id": "tree-874", "species": "スズカケノキ", "height": 11.0, "crownDiameter": 3.5}}, {"type": "Feature", "geometry": {"type": "Point", "coordinates": [139.76822, 35.689315]}, "properties": {"id": "tree-875", "species": "スズカケノキ", "height": 9.0, "crownDiameter": 3.0}}, {"type": "Feature", "geometry": {"type": "Point", "coordinates": [139.768314, 35.689298]}, "properties": {"id": "tree-876", "species": "スズカケノキ", "height": 9.0, "crownDiameter": 3.5}}, {"type": "Feature", "geometry": {"type": "Point", "coordinates": [139.764579, 35.690257]}, "properties": {"id": "tree-877", "species": "イチョウ", "height": 13.5, "crownDiameter": 3.5}}, {"type": "Feature", "geometry": {"type": "Point", "coordinates": [139.759593, 35.691533]}, "properties": {"id": "tree-878", "species": "スズカケノキ", "height": 6.5, "crownDiameter": 3.0}}, {"type": "Feature", "geometry": {"type": "Point", "coordinates": [139.76198, 35.690934]}, "properties": {"id": "tree-879", "species": "スズカケノキ", "height": 10.0, "crownDiameter": 3.5}}, {"type": "Feature", "geometry": {"type": "Point", "coordinates": [139.761554, 35.691061]}, "properties": {"id": "tree-880", "species": "スズカケノキ", "height": 7.5, "crownDiameter": 3.5}}, {"type": "Feature", "geometry": {"type": "Point", "coordinates": [139.764586, 35.690297]}, "properties": {"id": "tree-881", "species": "ジョウリョクヤマボウシ", "height": 3.5, "crownDiameter": 2.0}}, {"type": "Feature", "geometry": {"type": "Point", "coordinates": [139.76714, 35.689647]}, "properties": {"id": "tree-882", "species": "モッコク", "height": 4.0, "crownDiameter": 2.5}}, {"type": "Feature", "geometry": {"type": "Point", "coordinates": [139.767172, 35.689643]}, "properties": {"id": "tree-883", "species": "スズカケノキ", "height": 9.0, "crownDiameter": 3.0}}, {"type": "Feature", "geometry": {"type": "Point", "coordinates": [139.767236, 35.689633]}, "properties": {"id": "tree-884", "species": "スズカケノキ", "height": 6.0, "crownDiameter": 3.0}}, {"type": "Feature", "geometry": {"type": "Point", "coordinates": [139.759767, 35.691541]}, "properties": {"id": "tree-885", "species": "スズカケノキ", "height": 7.5, "crownDiameter": 3.0}}, {"type": "Feature", "geometry": {"type": "Point", "coordinates": [139.759212, 35.69169]}, "properties": {"id": "tree-886", "species": "スズカケノキ", "height": 7.5, "crownDiameter": 3.0}}, {"type": "Feature", "geometry": {"type": "Point", "coordinates": [139.767315, 35.689624]}, "properties": {"id": "tree-887", "species": "スズカケノキ", "height": 8.0, "crownDiameter": 2.5}}, {"type": "Feature", "geometry": {"type": "Point", "coordinates": [139.767384, 35.689613]}, "properties": {"id": "tree-888", "species": "スズカケノキ", "height": 8.0, "crownDiameter": 3.0}}, {"type": "Feature", "geometry": {"type": "Point", "coordinates": [139.764338, 35.690395]}, "properties": {"id": "tree-889", "species": "ジョウリョクヤマボウシ", "height": 4.0, "crownDiameter": 2.5}}, {"type": "Feature", "geometry": {"type": "Point", "coordinates": [139.764591, 35.690332]}, "properties": {"id": "tree-890", "species": "ジョウリョクヤマボウシ", "height": 4.0, "crownDiameter": 2.5}}, {"type": "Feature", "geometry": {"type": "Point", "coordinates": [139.767478, 35.689599]}, "properties": {"id": "tree-891", "species": "モッコク", "height": 3.5, "crownDiameter": 2.5}}, {"type": "Feature", "geometry": {"type": "Point", "coordinates": [139.75928, 35.691693]}, "properties": {"id": "tree-892", "species": "スズカケノキ", "height": 9.0, "crownDiameter": 3.5}}, {"type": "Feature", "geometry": {"type": "Point", "coordinates": [139.761871, 35.691037]}, "properties": {"id": "tree-893", "species": "スズカケノキ", "height": 10.5, "crownDiameter": 3.5}}, {"type": "Feature", "geometry": {"type": "Point", "coordinates": [139.759915, 35.69155]}, "properties": {"id": "tree-894", "species": "スズカケノキ", "height": 7.0, "crownDiameter": 3.0}}, {"type": "Feature", "geometry": {"type": "Point", "coordinates": [139.761438, 35.691165]}, "properties": {"id": "tree-895", "species": "スズカケノキ", "height": 10.0, "crownDiameter": 3.5}}, {"type": "Feature", "geometry": {"type": "Point", "coordinates": [139.759368, 35.691697]}, "properties": {"id": "tree-896", "species": "スズカケノキ", "height": 9.0, "crownDiameter": 3.5}}, {"type": "Feature", "geometry": {"type": "Point", "coordinates": [139.764348, 35.690428]}, "properties": {"id": "tree-897", "species": "イチョウ", "height": 17.0, "crownDiameter": 5.5}}, {"type": "Feature", "geometry": {"type": "Point", "coordinates": [139.759047, 35.691785]}, "properties": {"id": "tree-898", "species": "スズカケノキ", "height": 6.5, "crownDiameter": 3.5}}, {"type": "Feature", "geometry": {"type": "Point", "coordinates": [139.766818, 35.689807]}, "properties": {"id": "tree-899", "species": "スズカケノキ", "height": 7.0, "crownDiameter": 3.0}}, {"type": "Feature", "geometry": {"type": "Point", "coordinates": [139.767844, 35.689547]}, "properties": {"id": "tree-900", "species": "スズカケノキ", "height": 8.0, "crownDiameter": 3.0}}, {"type": "Feature", "geometry": {"type": "Point", "coordinates": [139.767928, 35.689536]}, "properties": {"id": "tree-901", "species": "モッコク", "height": 5.5, "crownDiameter": 2.5}}, {"type": "Feature", "geometry": {"type": "Point", "coordinates": [139.759051, 35.691806]}, "properties": {"id": "tree-902", "species": "スズカケノキ", "height": 9.0, "crownDiameter": 2.5}}, {"type": "Feature", "geometry": {"type": "Point", "coordinates": [139.7646, 35.690396]}, "properties": {"id": "tree-903", "species": "イチョウ", "height": 14.0, "crownDiameter": 4.0}}, {"type": "Feature", "geometry": {"type": "Point", "coordinates": [139.764353, 35.690461]}, "properties": {"id": "tree-904", "species": "ジョウリョクヤマボウシ", "height": 4.0, "crownDiameter": 2.5}}, {"type": "Feature", "geometry": {"type": "Point", "coordinates": [139.761381, 35.691223]}, "properties": {"id": "tree-905", "species": "スズカケノキ", "height": 9.5, "crownDiameter": 3.5}}, {"type": "Feature", "geometry": {"type": "Point", "coordinates": [139.768089, 35.689513]}, "properties": {"id": "tree-906", "species": "スズカケノキ", "height": 7.0, "crownDiameter": 2.5}}, {"type": "Feature", "geometry": {"type": "Point", "coordinates": [139.768141, 35.689504]}, "properties": {"id": "tree-907", "species": "スズカケノキ", "height": 6.5, "crownDiameter": 3.0}}, {"type": "Feature", "geometry": {"type": "Point", "coordinates": [139.759521, 35.691708]}, "properties": {"id": "tree-908", "species": "スズカケノキ", "height": 8.5, "crownDiameter": 3.5}}, {"type": "Feature", "geometry": {"type": "Point", "coordinates": [139.758823, 35.691899]}, "properties": {"id": "tree-909", "species": "スズカケノキ", "height": 6.5, "crownDiameter": 2.5}}, {"type": "Feature", "geometry": {"type": "Point", "coordinates": [139.759572, 35.691709]}, "properties": {"id": "tree-910", "species": "スズカケノキ", "height": 7.5, "crownDiameter": 2.5}}, {"type": "Feature", "geometry": {"type": "Point", "coordinates": [139.760162, 35.691559]}, "properties": {"id": "tree-911", "species": "スズカケノキ", "height": 5.5, "crownDiameter": 3.0}}, {"type": "Feature", "geometry": {"type": "Point", "coordinates": [139.76683, 35.689858]}, "properties": {"id": "tree-912", "species": "スズカケノキ", "height": 8.0, "crownDiameter": 3.0}}, {"type": "Feature", "geometry": {"type": "Point", "coordinates": [139.761739, 35.691161]}, "properties": {"id": "tree-913", "species": "スズカケノキ", "height": 10.0, "crownDiameter": 3.5}}, {"type": "Feature", "geometry": {"type": "Point", "coordinates": [139.759053, 35.691858]}, "properties": {"id": "tree-914", "species": "スズカケノキ", "height": 8.5, "crownDiameter": 3.5}}, {"type": "Feature", "geometry": {"type": "Point", "coordinates": [139.761315, 35.691284]}, "properties": {"id": "tree-915", "species": "スズカケノキ", "height": 9.0, "crownDiameter": 3.5}}, {"type": "Feature", "geometry": {"type": "Point", "coordinates": [139.767022, 35.689829]}, "properties": {"id": "tree-916", "species": "スズカケノキ", "height": 6.5, "crownDiameter": 3.0}}, {"type": "Feature", "geometry": {"type": "Point", "coordinates": [139.768506, 35.689452]}, "properties": {"id": "tree-917", "species": "スズカケノキ", "height": 7.5, "crownDiameter": 3.5}}, {"type": "Feature", "geometry": {"type": "Point", "coordinates": [139.761256, 35.691325]}, "properties": {"id": "tree-918", "species": "スズカケノキ", "height": 10.0, "crownDiameter": 3.5}}, {"type": "Feature", "geometry": {"type": "Point", "coordinates": [139.766844, 35.689917]}, "properties": {"id": "tree-919", "species": "スズカケノキ", "height": 7.5, "crownDiameter": 3.5}}, {"type": "Feature", "geometry": {"type": "Point", "coordinates": [139.764369, 35.69055]}, "properties": {"id": "tree-920", "species": "イチョウ", "height": 15.0, "crownDiameter": 5.0}}, {"type": "Feature", "geometry": {"type": "Point", "coordinates": [139.759048, 35.691914]}, "properties": {"id": "tree-921", "species": "スズカケノキ", "height": 7.5, "crownDiameter": 3.5}}, {"type": "Feature", "geometry": {"type": "Point", "coordinates": [139.764626, 35.690499]}, "properties": {"id": "tree-922", "species": "イチョウ", "height": 18.5, "crownDiameter": 4.5}}, {"type": "Feature", "geometry": {"type": "Point", "coordinates": [139.760434, 35.69157]}, "properties": {"id": "tree-923", "species": "スズカケノキ", "height": 7.0, "crownDiameter": 2.5}}, {"type": "Feature", "geometry": {"type": "Point", "coordinates": [139.759043, 35.691927]}, "properties": {"id": "tree-924", "species": "ビワ", "height": 4.0, "crownDiameter": 3.0}}, {"type": "Feature", "geometry": {"type": "Point", "coordinates": [139.764375, 35.690577]}, "properties": {"id": "tree-925", "species": "イチョウ", "height": 17.0, "crownDiameter": 7.0}}, {"type": "Feature", "geometry": {"type": "Point", "coordinates": [139.76704, 35.689899]}, "properties": {"id": "tree-926", "species": "スズカケノキ", "height": 7.5, "crownDiameter": 3.0}}, {"type": "Feature", "geometry": {"type": "Point", "coordinates": [139.764628, 35.690516]}, "properties": {"id": "tree-927", "species": "ジョウリョクヤマボウシ", "height": 3.5, "crownDiameter": 1.5}}, {"type": "Feature", "geometry": {"type": "Point", "coordinates": [139.760509, 35.691575]}, "properties": {"id": "tree-928", "species": "スズカケノキ", "height": 7.0, "crownDiameter": 4.0}}, {"type": "Feature", "geometry": {"type": "Point", "coordinates": [139.758812, 35.692017]}, "properties": {"id": "tree-929", "species": "スズカケノキ", "height": 8.0, "crownDiameter": 3.0}}, {"type": "Feature", "geometry": {"type": "Point", "coordinates": [139.760591, 35.691579]}, "properties": {"id": "tree-930", "species": "スズカケノキ", "height": 5.5, "crownDiameter": 2.5}}, {"type": "Feature", "geometry": {"type": "Point", "coordinates": [139.764636, 35.690548]}, "properties": {"id": "tree-931", "species": "ジョウリョクヤマボウシ", "height": 3.5, "crownDiameter": 1.5}}, {"type": "Feature", "geometry": {"type": "Point", "coordinates": [139.760018, 35.691732]}, "properties": {"id": "tree-932", "species": "スズカケノキ", "height": 8.5, "crownDiameter": 3.0}}, {"type": "Feature", "geometry": {"type": "Point", "coordinates": [139.764639, 35.690564]}, "properties": {"id": "tree-933", "species": "ジョウリョクヤマボウシ", "height": 3.5, "crownDiameter": 1.5}}, {"type": "Feature", "geometry": {"type": "Point", "coordinates": [139.760671, 35.691583]}, "properties": {"id": "tree-934", "species": "スズカケノキ", "height": 8.5, "crownDiameter": 4.0}}, {"type": "Feature", "geometry": {"type": "Point", "coordinates": [139.760097, 35.691734]}, "properties": {"id": "tree-935", "species": "スズカケノキ", "height": 7.5, "crownDiameter": 3.0}}, {"type": "Feature", "geometry": {"type": "Point", "coordinates": [139.761515, 35.691379]}, "properties": {"id": "tree-936", "species": "スズカケノキ", "height": 8.5, "crownDiameter": 3.0}}, {"type": "Feature", "geometry": {"type": "Point", "coordinates": [139.764642, 35.690583]}, "properties": {"id": "tree-937", "species": "イチョウ", "height": 18.0, "crownDiameter": 4.0}}, {"type": "Feature", "geometry": {"type": "Point", "coordinates": [139.76439, 35.690651]}, "properties": {"id": "tree-938", "species": "イチョウ", "height": 16.5, "crownDiameter": 5.0}}, {"type": "Feature", "geometry": {"type": "Point", "coordinates": [139.760162, 35.691739]}, "properties": {"id": "tree-939", "species": "スズカケノキ", "height": 7.0, "crownDiameter": 2.0}}, {"type": "Feature", "geometry": {"type": "Point", "coordinates": [139.764643, 35.690604]}, "properties": {"id": "tree-940", "species": "ジョウリョクヤマボウシ", "height": 4.0, "crownDiameter": 1.5}}, {"type": "Feature", "geometry": {"type": "Point", "coordinates": [139.760219, 35.69174]}, "properties": {"id": "tree-941", "species": "スズカケノキ", "height": 8.5, "crownDiameter": 3.0}}, {"type": "Feature", "geometry": {"type": "Point", "coordinates": [139.759025, 35.692052]}, "properties": {"id": "tree-942", "species": "スズカケノキ", "height": 8.5, "crownDiameter": 3.0}}, {"type": "Feature", "geometry": {"type": "Point", "coordinates": [139.761425, 35.691445]}, "properties": {"id": "tree-943", "species": "スズカケノキ", "height": 6.0, "crownDiameter": 2.0}}, {"type": "Feature", "geometry": {"type": "Point", "coordinates": [139.764648, 35.690628]}, "properties": {"id": "tree-944", "species": "ジョウリョクヤマボウシ", "height": 3.5, "crownDiameter": 1.0}}, {"type": "Feature", "geometry": {"type": "Point", "coordinates": [139.75879, 35.692127]}, "properties": {"id": "tree-945", "species": "スズカケノキ", "height": 5.0, "crownDiameter": 3.0}}, {"type": "Feature", "geometry": {"type": "Point", "coordinates": [139.764656, 35.690649]}, "properties": {"id": "tree-946", "species": "イチョウ", "height": 16.5, "crownDiameter": 3.5}}, {"type": "Feature", "geometry": {"type": "Point", "coordinates": [139.764404, 35.690717]}, "properties": {"id": "tree-947", "species": "イチョウ", "height": 16.5, "crownDiameter": 4.5}}, {"type": "Feature", "geometry": {"type": "Point", "coordinates": [139.761312, 35.691521]}, "properties": {"id": "tree-948", "species": "スズカケノキ", "height": 7.0, "crownDiameter": 2.5}}, {"type": "Feature", "geometry": {"type": "Point", "coordinates": [139.76466, 35.690667]}, "properties": {"id": "tree-949", "species": "ジョウリョクヤマボウシ", "height": 3.5, "crownDiameter": 2.0}}, {"type": "Feature", "geometry": {"type": "Point", "coordinates": [139.760445, 35.69175]}, "properties": {"id": "tree-950", "species": "スズカケノキ", "height": 8.0, "crownDiameter": 3.5}}, {"type": "Feature", "geometry": {"type": "Point", "coordinates": [139.759009, 35.69213]}, "properties": {"id": "tree-951", "species": "スズカケノキ", "height": 8.0, "crownDiameter": 3.0}}, {"type": "Feature", "geometry": {"type": "Point", "coordinates": [139.764662, 35.690691]}, "properties": {"id": "tree-952", "species": "ジョウリョクヤマボウシ", "height": 3.5, "crownDiameter": 2.0}}, {"type": "Feature", "geometry": {"type": "Point", "coordinates": [139.766889, 35.690127]}, "properties": {"id": "tree-953", "species": "スズカケノキ", "height": 8.0, "crownDiameter": 3.5}}, {"type": "Feature", "geometry": {"type": "Point", "coordinates": [139.764669, 35.690717]}, "properties": {"id": "tree-954", "species": "イチョウ", "height": 11.5, "crownDiameter": 3.5}}, {"type": "Feature", "geometry": {"type": "Point", "coordinates": [139.760618, 35.691761]}, "properties": {"id": "tree-955", "species": "スズカケノキ", "height": 9.5, "crownDiameter": 3.5}}, {"type": "Feature", "geometry": {"type": "Point", "coordinates": [139.758992, 35.692214]}, "properties": {"id": "tree-956", "species": "スズカケノキ", "height": 8.0, "crownDiameter": 2.5}}, {"type": "Feature", "geometry": {"type": "Point", "coordinates": [139.767097, 35.690176]}, "properties": {"id": "tree-957", "species": "スズカケノキ", "height": 6.0, "crownDiameter": 3.5}}, {"type": "Feature", "geometry": {"type": "Point", "coordinates": [139.766913, 35.690243]}, "properties": {"id": "tree-958", "species": "スズカケノキ", "height": 6.0, "crownDiameter": 3.0}}, {"type": "Feature", "geometry": {"type": "Point", "coordinates": [139.758972, 35.692305]}, "properties": {"id": "tree-959", "species": "スズカケノキ", "height": 8.0, "crownDiameter": 3.0}}, {"type": "Feature", "geometry": {"type": "Point", "coordinates": [139.767138, 35.690349]}, "properties": {"id": "tree-960", "species": "スズカケノキ", "height": 7.0, "crownDiameter": 3.0}}, {"type": "Feature", "geometry": {"type": "Point", "coordinates": [139.764733, 35.691026]}, "properties": {"id": "tree-961", "species": "イチョウ", "height": 14.0, "crownDiameter": 5.0}}, {"type": "Feature", "geometry": {"type": "Point", "coordinates": [139.764498, 35.69116]}, "properties": {"id": "tree-962", "species": "イチョウ", "height": 16.0, "crownDiameter": 4.5}}, {"type": "Feature", "geometry": {"type": "Point", "coordinates": [139.76475, 35.691117]}, "properties": {"id": "tree-963", "species": "ジョウリョクヤマボウシ", "height": 4.0, "crownDiameter": 1.5}}, {"type": "Feature", "geometry": {"type": "Point", "coordinates": [139.76698, 35.690551]}, "properties": {"id": "tree-964", "species": "スズカケノキ", "height": 8.0, "crownDiameter": 3.5}}, {"type": "Feature", "geometry": {"type": "Point", "coordinates": [139.764507, 35.691203]}, "properties": {"id": "tree-965", "species": "イチョウ", "height": 16.0, "crownDiameter": 5.5}}, {"type": "Feature", "geometry": {"type": "Point", "coordinates": [139.764755, 35.691141]}, "properties": {"id": "tree-966", "species": "ジョウリョクヤマボウシ", "height": 4.0, "crownDiameter": 1.5}}, {"type": "Feature", "geometry": {"type": "Point", "coordinates": [139.764763, 35.691165]}, "properties": {"id": "tree-967", "species": "ジョウリョクヤマボウシ", "height": 3.5, "crownDiameter": 2.0}}, {"type": "Feature", "geometry": {"type": "Point", "coordinates": [139.764768, 35.691192]}, "properties": {"id": "tree-968", "species": "イチョウ", "height": 19.0, "crownDiameter": 5.5}}, {"type": "Feature", "geometry": {"type": "Point", "coordinates": [139.764539, 35.691353]}, "properties": {"id": "tree-969", "species": "イチョウ", "height": 17.0, "crownDiameter": 6.0}}, {"type": "Feature", "geometry": {"type": "Point", "coordinates": [139.764548, 35.691409]}, "properties": {"id": "tree-970", "species": "ジョウリョクヤマボウシ", "height": 4.5, "crownDiameter": 2.5}}, {"type": "Feature", "geometry": {"type": "Point", "coordinates": [139.764801, 35.691348]}, "properties": {"id": "tree-971", "species": "イチョウ", "height": 13.5, "crownDiameter": 4.0}}, {"type": "Feature", "geometry": {"type": "Point", "coordinates": [139.764559, 35.691442]}, "properties": {"id": "tree-972", "species": "イチョウ", "height": 17.0, "crownDiameter": 4.0}}, {"type": "Feature", "geometry": {"type": "Point", "coordinates": [139.764821, 35.691439]}, "properties": {"id": "tree-973", "species": "イチョウ", "height": 18.5, "crownDiameter": 5.5}}, {"type": "Feature", "geometry": {"type": "Point", "coordinates": [139.767054, 35.690871]}, "properties": {"id": "tree-974", "species": "スズカケノキ", "height": 8.0, "crownDiameter": 3.5}}, {"type": "Feature", "geometry": {"type": "Point", "coordinates": [139.764837, 35.69151]}, "properties": {"id": "tree-975", "species": "イチョウ", "height": 18.5, "crownDiameter": 6.0}}, {"type": "Feature", "geometry": {"type": "Point", "coordinates": [139.767273, 35.690952]}, "properties": {"id": "tree-976", "species": "スズカケノキ", "height": 6.0, "crownDiameter": 3.0}}, {"type": "Feature", "geometry": {"type": "Point", "coordinates": [139.764603, 35.691651]}, "properties": {"id": "tree-977", "species": "イチョウ", "height": 17.5, "crownDiameter": 4.5}}, {"type": "Feature", "geometry": {"type": "Point", "coordinates": [139.767099, 35.69105]}, "properties": {"id": "tree-978", "species": "スズカケノキ", "height": 7.0, "crownDiameter": 4.0}}, {"type": "Feature", "geometry": {"type": "Point", "coordinates": [139.76729, 35.691014]}, "properties": {"id": "tree-979", "species": "スズカケノキ", "height": 7.5, "crownDiameter": 4.0}}, {"type": "Feature", "geometry": {"type": "Point", "coordinates": [139.764617, 35.691724]}, "properties": {"id": "tree-980", "species": "イチョウ", "height": 17.5, "crownDiameter": 6.0}}, {"type": "Feature", "geometry": {"type": "Point", "coordinates": [139.767112, 35.691101]}, "properties": {"id": "tree-981", "species": "スズカケノキ", "height": 7.5, "crownDiameter": 4.0}}, {"type": "Feature", "geometry": {"type": "Point", "coordinates": [139.764633, 35.691796]}, "properties": {"id": "tree-982", "species": "イチョウ", "height": 17.5, "crownDiameter": 5.5}}, {"type": "Feature", "geometry": {"type": "Point", "coordinates": [139.767132, 35.691187]}, "properties": {"id": "tree-983", "species": "スズカケノキ", "height": 6.5, "crownDiameter": 3.5}}, {"type": "Feature", "geometry": {"type": "Point", "coordinates": [139.764643, 35.69184]}, "properties": {"id": "tree-984", "species": "イチョウ", "height": 16.5, "crownDiameter": 4.0}}, {"type": "Feature", "geometry": {"type": "Point", "coordinates": [139.764907, 35.691839]}, "properties": {"id": "tree-985", "species": "イチョウ", "height": 19.0, "crownDiameter": 5.0}}, {"type": "Feature", "geometry": {"type": "Point", "coordinates": [139.764916, 35.691885]}, "properties": {"id": "tree-986", "species": "イチョウ", "height": 19.0, "crownDiameter": 5.0}}, {"type": "Feature", "geometry": {"type": "Point", "coordinates": [139.764928, 35.691941]}, "properties": {"id": "tree-987", "species": "イチョウ", "height": 21.0, "crownDiameter": 6.0}}, {"type": "Feature", "geometry": {"type": "Point", "coordinates": [139.764688, 35.692046]}, "properties": {"id": "tree-988", "species": "イチョウ", "height": 17.0, "crownDiameter": 4.0}}, {"type": "Feature", "geometry": {"type": "Point", "coordinates": [139.767379, 35.6914]}, "properties": {"id": "tree-989", "species": "スズカケノキ", "height": 8.5, "crownDiameter": 3.0}}, {"type": "Feature", "geometry": {"type": "Point", "coordinates": [139.764705, 35.69213]}, "properties": {"id": "tree-990", "species": "イチョウ", "height": 17.0, "crownDiameter": 5.5}}, {"type": "Feature", "geometry": {"type": "Point", "coordinates": [139.767206, 35.69152]}, "properties": {"id": "tree-991", "species": "スズカケノキ", "height": 7.0, "crownDiameter": 3.5}}, {"type": "Feature", "geometry": {"type": "Point", "coordinates": [139.764715, 35.692183]}, "properties": {"id": "tree-992", "species": "ジョウリョクヤマボウシ", "height": 3.5, "crownDiameter": 2.5}}, {"type": "Feature", "geometry": {"type": "Point", "coordinates": [139.764972, 35.692137]}, "properties": {"id": "tree-993", "species": "イチョウ", "height": 18.5, "crownDiameter": 5.0}}, {"type": "Feature", "geometry": {"type": "Point", "coordinates": [139.764731, 35.692243]}, "properties": {"id": "tree-994", "species": "イチョウ", "height": 4.5, "crownDiameter": 2.0}}, {"type": "Feature", "geometry": {"type": "Point", "coordinates": [139.767231, 35.691628]}, "properties": {"id": "tree-995", "species": "スズカケノキ", "height": 6.0, "crownDiameter": 3.0}}, {"type": "Feature", "geometry": {"type": "Point", "coordinates": [139.764988, 35.692217]}, "properties": {"id": "tree-996", "species": "イチョウ", "height": 18.5, "crownDiameter": 5.0}}, {"type": "Feature", "geometry": {"type": "Point", "coordinates": [139.767464, 35.691769]}, "properties": {"id": "tree-997", "species": "スズカケノキ", "height": 7.5, "crownDiameter": 3.0}}, {"type": "Feature", "geometry": {"type": "Point", "coordinates": [139.767279, 35.69184]}, "properties": {"id": "tree-998", "species": "スズカケノキ", "height": 7.5, "crownDiameter": 3.5}}, {"type": "Feature", "geometry": {"type": "Point", "coordinates": [139.767476, 35.691818]}, "properties": {"id": "tree-999", "species": "スズカケノキ", "height": 8.0, "crownDiameter": 3.5}}, {"type": "Feature", "geometry": {"type": "Point", "coordinates": [139.767296, 35.691916]}, "properties": {"id": "tree-1000", "species": "スズカケノキ", "height": 6.0, "crownDiameter": 3.5}}, {"type": "Feature", "geometry": {"type": "Point", "coordinates": [139.76749, 35.69188]}, "properties": {"id": "tree-1001", "species": "スズカケノキ", "height": 7.5, "crownDiameter": 3.5}}, {"type": "Feature", "geometry": {"type": "Point", "coordinates": [139.764815, 35.692638]}, "properties": {"id": "tree-1002", "species": "イチョウ", "height": 16.0, "crownDiameter": 4.5}}, {"type": "Feature", "geometry": {"type": "Point", "coordinates": [139.767511, 35.691971]}, "properties": {"id": "tree-1003", "species": "スズカケノキ", "height": 7.0, "crownDiameter": 3.5}}, {"type": "Feature", "geometry": {"type": "Point", "coordinates": [139.764826, 35.692692]}, "properties": {"id": "tree-1004", "species": "イチョウ", "height": 17.5, "crownDiameter": 5.5}}, {"type": "Feature", "geometry": {"type": "Point", "coordinates": [139.765079, 35.692637]}, "properties": {"id": "tree-1005", "species": "イチョウ", "height": 18.0, "crownDiameter": 5.5}}, {"type": "Feature", "geometry": {"type": "Point", "coordinates": [139.764846, 35.692786]}, "properties": {"id": "tree-1006", "species": "イチョウ", "height": 17.0, "crownDiameter": 5.0}}, {"type": "Feature", "geometry": {"type": "Point", "coordinates": [139.765095, 35.692724]}, "properties": {"id": "tree-1007", "species": "イチョウ", "height": 18.0, "crownDiameter": 4.5}}, {"type": "Feature", "geometry": {"type": "Point", "coordinates": [139.765107, 35.692774]}, "properties": {"id": "tree-1008", "species": "イチョウ", "height": 19.0, "crownDiameter": 5.0}}, {"type": "Feature", "geometry": {"type": "Point", "coordinates": [139.764861, 35.692858]}, "properties": {"id": "tree-1009", "species": "イチョウ", "height": 13.5, "crownDiameter": 4.0}}, {"type": "Feature", "geometry": {"type": "Point", "coordinates": [139.765114, 35.692801]}, "properties": {"id": "tree-1010", "species": "ジョウリョクヤマボウシ", "height": 4.514, "crownDiameter": 2.5}}, {"type": "Feature", "geometry": {"type": "Point", "coordinates": [139.765119, 35.69283]}, "properties": {"id": "tree-1011", "species": "イチョウ", "height": 14.0, "crownDiameter": 2.5}}, {"type": "Feature", "geometry": {"type": "Point", "coordinates": [139.764871, 35.692904]}, "properties": {"id": "tree-1012", "species": "イチョウ", "height": 10.5, "crownDiameter": 4.0}}, {"type": "Feature", "geometry": {"type": "Point", "coordinates": [139.765128, 35.692873]}, "properties": {"id": "tree-1013", "species": "イチョウ", "height": 17.0, "crownDiameter": 4.5}}, {"type": "Feature", "geometry": {"type": "Point", "coordinates": [139.767354, 35.692384]}, "properties": {"id": "tree-1014", "species": "スズカケノキ", "height": 6.0, "crownDiameter": 3.0}}, {"type": "Feature", "geometry": {"type": "Point", "coordinates": [139.767552, 35.692366]}, "properties": {"id": "tree-1015", "species": "スズカケノキ", "height": 6.0, "crownDiameter": 3.5}}, {"type": "Feature", "geometry": {"type": "Point", "coordinates": [139.767353, 35.692508]}, "properties": {"id": "tree-1016", "species": "スズカケノキ", "height": 4.0, "crownDiameter": 3.0}}, {"type": "Feature", "geometry": {"type": "Point", "coordinates": [139.764923, 35.693142]}, "properties": {"id": "tree-1017", "species": "イチョウ", "height": 16.5, "crownDiameter": 4.5}}, {"type": "Feature", "geometry": {"type": "Point", "coordinates": [139.767551, 35.692474]}, "properties": {"id": "tree-1018", "species": "スズカケノキ", "height": 8.0, "crownDiameter": 3.0}}, {"type": "Feature", "geometry": {"type": "Point", "coordinates": [139.765178, 35.693098]}, "properties": {"id": "tree-1019", "species": "イチョウ", "height": 18.0, "crownDiameter": 6.0}}, {"type": "Feature", "geometry": {"type": "Point", "coordinates": [139.76755, 35.692514]}, "properties": {"id": "tree-1020", "species": "スズカケノキ", "height": 6.0, "crownDiameter": 3.0}}, {"type": "Feature", "geometry": {"type": "Point", "coordinates": [139.767354, 35.692586]}, "properties": {"id": "tree-1021", "species": "スズカケノキ", "height": 6.5, "crownDiameter": 3.0}}, {"type": "Feature", "geometry": {"type": "Point", "coordinates": [139.764939, 35.693216]}, "properties": {"id": "tree-1022", "species": "イチョウ", "height": 17.0, "crownDiameter": 5.5}}, {"type": "Feature", "geometry": {"type": "Point", "coordinates": [139.765189, 35.693157]}, "properties": {"id": "tree-1023", "species": "イチョウ", "height": 9.0, "crownDiameter": 4.0}}, {"type": "Feature", "geometry": {"type": "Point", "coordinates": [139.765201, 35.693215]}, "properties": {"id": "tree-1024", "species": "イチョウ", "height": 11.5, "crownDiameter": 4.0}}, {"type": "Feature", "geometry": {"type": "Point", "coordinates": [139.767354, 35.692714]}, "properties": {"id": "tree-1025", "species": "スズカケノキ", "height": 6.0, "crownDiameter": 3.0}}, {"type": "Feature", "geometry": {"type": "Point", "coordinates": [139.764969, 35.693355]}, "properties": {"id": "tree-1026", "species": "イチョウ", "height": 17.0, "crownDiameter": 5.5}}, {"type": "Feature", "geometry": {"type": "Point", "coordinates": [139.76498, 35.693399]}, "properties": {"id": "tree-1027", "species": "イチョウ", "height": 16.5, "crownDiameter": 4.5}}, {"type": "Feature", "geometry": {"type": "Point", "coordinates": [139.767551, 35.692782]}, "properties": {"id": "tree-1028", "species": "スズカケノキ", "height": 6.0, "crownDiameter": 3.0}}, {"type": "Feature", "geometry": {"type": "Point", "coordinates": [139.767349, 35.692835]}, "properties": {"id": "tree-1029", "species": "スズカケノキ", "height": 6.5, "crownDiameter": 2.5}}, {"type": "Feature", "geometry": {"type": "Point", "coordinates": [139.76524, 35.693386]}, "properties": {"id": "tree-1030", "species": "イチョウ", "height": 17.5, "crownDiameter": 4.5}}, {"type": "Feature", "geometry": {"type": "Point", "coordinates": [139.767551, 35.692844]}, "properties": {"id": "tree-1031", "species": "スズカケノキ", "height": 7.5, "crownDiameter": 3.5}}, {"type": "Feature", "geometry": {"type": "Point", "coordinates": [139.76755, 35.692904]}, "properties": {"id": "tree-1032", "species": "スズカケノキ", "height": 7.0, "crownDiameter": 3.5}}, {"type": "Feature", "geometry": {"type": "Point", "coordinates": [139.76735, 35.692962]}, "properties": {"id": "tree-1033", "species": "スズカケノキ", "height": 5.0, "crownDiameter": 2.5}}, {"type": "Feature", "geometry": {"type": "Point", "coordinates": [139.767354, 35.693025]}, "properties": {"id": "tree-1034", "species": "スズカケノキ", "height": 7.0, "crownDiameter": 3.5}}, {"type": "Feature", "geometry": {"type": "Point", "coordinates": [139.767546, 35.693042]}, "properties": {"id": "tree-1035", "species": "スズカケノキ", "height": 8.0, "crownDiameter": 3.5}}, {"type": "Feature", "geometry": {"type": "Point", "coordinates": [139.767545, 35.693105]}, "properties": {"id": "tree-1036", "species": "スズカケノキ", "height": 7.0, "crownDiameter": 3.0}}, {"type": "Feature", "geometry": {"type": "Point", "coordinates": [139.765052, 35.693749]}, "properties": {"id": "tree-1037", "species": "イチョウ", "height": 17.0, "crownDiameter": 4.5}}, {"type": "Feature", "geometry": {"type": "Point", "coordinates": [139.767354, 35.693171]}, "properties": {"id": "tree-1038", "species": "スズカケノキ", "height": 7.0, "crownDiameter": 3.5}}, {"type": "Feature", "geometry": {"type": "Point", "coordinates": [139.765307, 35.693706]}, "properties": {"id": "tree-1039", "species": "イチョウ", "height": 17.0, "crownDiameter": 4.5}}, {"type": "Feature", "geometry": {"type": "Point", "coordinates": [139.762756, 35.694379]}, "properties": {"id": "tree-1040", "species": "スズカケノキ", "height": 8.0, "crownDiameter": 3.5}}, {"type": "Feature", "geometry": {"type": "Point", "coordinates": [139.762635, 35.694432]}, "properties": {"id": "tree-1041", "species": "スズカケノキ", "height": 9.0, "crownDiameter": 4.5}}, {"type": "Feature", "geometry": {"type": "Point", "coordinates": [139.765066, 35.693812]}, "properties": {"id": "tree-1042", "species": "イチョウ", "height": 17.5, "crownDiameter": 6.5}}, {"type": "Feature", "geometry": {"type": "Point", "coordinates": [139.763259, 35.694293]}, "properties": {"id": "tree-1043", "species": "スズカケノキ", "height": 7.5, "crownDiameter": 3.0}}, {"type": "Feature", "geometry": {"type": "Point", "coordinates": [139.763309, 35.694289]}, "properties": {"id": "tree-1044", "species": "スズカケノキ", "height": 6.5, "crownDiameter": 2.5}}, {"type": "Feature", "geometry": {"type": "Point", "coordinates": [139.763457, 35.694276]}, "properties": {"id": "tree-1045", "species": "スズカケノキ", "height": 5.5, "crownDiameter": 2.0}}, {"type": "Feature", "geometry": {"type": "Point", "coordinates": [139.763647, 35.694263]}, "properties": {"id": "tree-1046", "species": "スズカケノキ", "height": 5.0, "crownDiameter": 2.0}}, {"type": "Feature", "geometry": {"type": "Point", "coordinates": [139.763721, 35.694257]}, "properties": {"id": "tree-1047", "species": "スズカケノキ", "height": 7.5, "crownDiameter": 3.0}}, {"type": "Feature", "geometry": {"type": "Point", "coordinates": [139.765098, 35.693956]}, "properties": {"id": "tree-1048", "species": "イチョウ", "height": 13.5, "crownDiameter": 5.0}}, {"type": "Feature", "geometry": {"type": "Point", "coordinates": [139.765105, 35.693983]}, "properties": {"id": "tree-1049", "species": "イチョウ", "height": 17.0, "crownDiameter": 4.5}}, {"type": "Feature", "geometry": {"type": "Point", "coordinates": [139.76298, 35.694548]}, "properties": {"id": "tree-1050", "species": "スズカケノキ", "height": 8.5, "crownDiameter": 3.5}}, {"type": "Feature", "geometry": {"type": "Point", "coordinates": [139.765359, 35.69395]}, "properties": {"id": "tree-1051", "species": "イチョウ", "height": 18.5, "crownDiameter": 5.5}}, {"type": "Feature", "geometry": {"type": "Point", "coordinates": [139.763222, 35.69453]}, "properties": {"id": "tree-1052", "species": "スズカケノキ", "height": 10.5, "crownDiameter": 2.5}}, {"type": "Feature", "geometry": {"type": "Point", "coordinates": [139.763281, 35.694524]}, "properties": {"id": "tree-1053", "species": "スズカケノキ", "height": 9.0, "crownDiameter": 2.5}}, {"type": "Feature", "geometry": {"type": "Point", "coordinates": [139.765127, 35.694089]}, "properties": {"id": "tree-1054", "species": "イチョウ", "height": 17.0, "crownDiameter": 6.0}}, {"type": "Feature", "geometry": {"type": "Point", "coordinates": [139.765376, 35.694026]}, "properties": {"id": "tree-1055", "species": "イチョウ", "height": 18.0, "crownDiameter": 5.5}}, {"type": "Feature", "geometry": {"type": "Point", "coordinates": [139.764438, 35.694302]}, "properties": {"id": "tree-1056", "species": "スズカケノキ", "height": 9.5, "crownDiameter": 2.5}}, {"type": "Feature", "geometry": {"type": "Point", "coordinates": [139.763752, 35.694488]}, "properties": {"id": "tree-1057", "species": "スズカケノキ", "height": 8.0, "crownDiameter": 3.5}}, {"type": "Feature", "geometry": {"type": "Point", "coordinates": [139.765387, 35.694072]}, "properties": {"id": "tree-1058", "species": "ジョウリョクヤマボウシ", "height": 4.0, "crownDiameter": 3.0}}, {"type": "Feature", "geometry": {"type": "Point", "coordinates": [139.763938, 35.694457]}, "properties": {"id": "tree-1059", "species": "スズカケノキ", "height": 7.0, "crownDiameter": 3.0}}, {"type": "Feature", "geometry": {"type": "Point", "coordinates": [139.767355, 35.693585]}, "properties": {"id": "tree-1060", "species": "スズカケノキ", "height": 5.5, "crownDiameter": 3.0}}, {"type": "Feature", "geometry": {"type": "Point", "coordinates": [139.76456, 35.694327]}, "properties": {"id": "tree-1061", "species": "スズカケノキ", "height": 8.0, "crownDiameter": 2.5}}, {"type": "Feature", "geometry": {"type": "Point", "coordinates": [139.764055, 35.694465]}, "properties": {"id": "tree-1062", "species": "スズカケノキ", "height": 11.0, "crownDiameter": 4.0}}, {"type": "Feature", "geometry": {"type": "Point", "coordinates": [139.767354, 35.693635]}, "properties": {"id": "tree-1063", "species": "スズカケノキ", "height": 7.5, "crownDiameter": 3.5}}, {"type": "Feature", "geometry": {"type": "Point", "coordinates": [139.767552, 35.693589]}, "properties": {"id": "tree-1064", "species": "スズカケノキ", "height": 7.5, "crownDiameter": 3.5}}, {"type": "Feature", "geometry": {"type": "Point", "coordinates": [139.764168, 35.694486]}, "properties": {"id": "tree-1065", "species": "スズカケノキ", "height": 8.5, "crownDiameter": 2.5}}, {"type": "Feature", "geometry": {"type": "Point", "coordinates": [139.765161, 35.694252]}, "properties": {"id": "tree-1066", "species": "イチョウ", "height": 17.0, "crownDiameter": 4.0}}, {"type": "Feature", "geometry": {"type": "Point", "coordinates": [139.765411, 35.694194]}, "properties": {"id": "tree-1067", "species": "イチョウ", "height": 19.0, "crownDiameter": 5.5}}, {"type": "Feature", "geometry": {"type": "Point", "coordinates": [139.764789, 35.694373]}, "properties": {"id": "tree-1068", "species": "スズカケノキ", "height": 8.0, "crownDiameter": 3.0}}, {"type": "Feature", "geometry": {"type": "Point", "coordinates": [139.764279, 35.694508]}, "properties": {"id": "tree-1069", "species": "スズカケノキ", "height": 9.5, "crownDiameter": 3.5}}, {"type": "Feature", "geometry": {"type": "Point", "coordinates": [139.764305, 35.69451]}, "properties": {"id": "tree-1070", "species": "スズカケノキ", "height": 8.5, "crownDiameter": 2.5}}, {"type": "Feature", "geometry": {"type": "Point", "coordinates": [139.767552, 35.693685]}, "properties": {"id": "tree-1071", "species": "スズカケノキ", "height": 7.5, "crownDiameter": 3.0}}, {"type": "Feature", "geometry": {"type": "Point", "coordinates": [139.764867, 35.694388]}, "properties": {"id": "tree-1072", "species": "スズカケノキ", "height": 10.0, "crownDiameter": 2.5}}, {"type": "Feature", "geometry": {"type": "Point", "coordinates": [139.764926, 35.694399]}, "properties": {"id": "tree-1073", "species": "スズカケノキ", "height": 6.0, "crownDiameter": 2.5}}, {"type": "Feature", "geometry": {"type": "Point", "coordinates": [139.767354, 35.693816]}, "properties": {"id": "tree-1074", "species": "スズカケノキ", "height": 6.5, "crownDiameter": 3.5}}, {"type": "Feature", "geometry": {"type": "Point", "coordinates": [139.767358, 35.693891]}, "properties": {"id": "tree-1075", "species": "スズカケノキ", "height": 5.5, "crownDiameter": 3.0}}, {"type": "Feature", "geometry": {"type": "Point", "coordinates": [139.76755, 35.693853]}, "properties": {"id": "tree-1076", "species": "スズカケノキ", "height": 7.5, "crownDiameter": 3.5}}, {"type": "Feature", "geometry": {"type": "Point", "coordinates": [139.764688, 35.694588]}, "properties": {"id": "tree-1077", "species": "スズカケノキ", "height": 10.0, "crownDiameter": 3.0}}, {"type": "Feature", "geometry": {"type": "Point", "coordinates": [139.764787, 35.694611]}, "properties": {"id": "tree-1078", "species": "スズカケノキ", "height": 5.5, "crownDiameter": 2.5}}, {"type": "Feature", "geometry": {"type": "Point", "coordinates": [139.767353, 35.694019]}, "properties": {"id": "tree-1079", "species": "スズカケノキ", "height": 6.0, "crownDiameter": 2.5}}, {"type": "Feature", "geometry": {"type": "Point", "coordinates": [139.767551, 35.694028]}, "properties": {"id": "tree-1080", "species": "スズカケノキ", "height": 8.5, "crownDiameter": 4.0}}, {"type": "Feature", "geometry": {"type": "Point", "coordinates": [139.765055, 35.694667]}, "properties": {"id": "tree-1081", "species": "イチョウ", "height": 6.0, "crownDiameter": 3.0}}, {"type": "Feature", "geometry": {"type": "Point", "coordinates": [139.767354, 35.694084]}, "properties": {"id": "tree-1082", "species": "スズカケノキ", "height": 7.5, "crownDiameter": 3.0}}, {"type": "Feature", "geometry": {"type": "Point", "coordinates": [139.767552, 35.694082]}, "properties": {"id": "tree-1083", "species": "スズカケノキ", "height": 8.5, "crownDiameter": 4.0}}, {"type": "Feature", "geometry": {"type": "Point", "coordinates": [139.767355, 35.694161]}, "properties": {"id": "tree-1084", "species": "スズカケノキ", "height": 7.5, "crownDiameter": 3.0}}, {"type": "Feature", "geometry": {"type": "Point", "coordinates": [139.765719, 35.69458]}, "properties": {"id": "tree-1085", "species": "スズカケノキ", "height": 8.0, "crownDiameter": 2.5}}, {"type": "Feature", "geometry": {"type": "Point", "coordinates": [139.767552, 35.694155]}, "properties": {"id": "tree-1086", "species": "スズカケノキ", "height": 8.0, "crownDiameter": 3.5}}, {"type": "Feature", "geometry": {"type": "Point", "coordinates": [139.765821, 35.694622]}, "properties": {"id": "tree-1087", "species": "スズカケノキ", "height": 4.5, "crownDiameter": 2.0}}, {"type": "Feature", "geometry": {"type": "Point", "coordinates": [139.767355, 35.694237]}, "properties": {"id": "tree-1088", "species": "スズカケノキ", "height": 6.5, "crownDiameter": 3.0}}, {"type": "Feature", "geometry": {"type": "Point", "coordinates": [139.765883, 35.694645]}, "properties": {"id": "tree-1089", "species": "スズカケノキ", "height": 7.0, "crownDiameter": 2.5}}, {"type": "Feature", "geometry": {"type": "Point", "coordinates": [139.767548, 35.694235]}, "properties": {"id": "tree-1090", "species": "スズカケノキ", "height": 5.0, "crownDiameter": 3.0}}, {"type": "Feature", "geometry": {"type": "Point", "coordinates": [139.765925, 35.694662]}, "properties": {"id": "tree-1091", "species": "スズカケノキ", "height": 7.0, "crownDiameter": 3.0}}, {"type": "Feature", "geometry": {"type": "Point", "coordinates": [139.767354, 35.694307]}, "properties": {"id": "tree-1092", "species": "スズカケノキ", "height": 6.5, "crownDiameter": 3.0}}, {"type": "Feature", "geometry": {"type": "Point", "coordinates": [139.765334, 35.694851]}, "properties": {"id": "tree-1093", "species": "イチョウ", "height": 14.5, "crownDiameter": 4.0}}, {"type": "Feature", "geometry": {"type": "Point", "coordinates": [139.766032, 35.694705]}, "properties": {"id": "tree-1094", "species": "スズカケノキ", "height": 7.0, "crownDiameter": 3.0}}, {"type": "Feature", "geometry": {"type": "Point", "coordinates": [139.766046, 35.694712]}, "properties": {"id": "tree-1095", "species": "スズカケノキ", "height": 8.0, "crownDiameter": 2.5}}, {"type": "Feature", "geometry": {"type": "Point", "coordinates": [139.765079, 35.695038]}, "properties": {"id": "tree-1096", "species": "イチョウ", "height": 16.0, "crownDiameter": 5.0}}, {"type": "Feature", "geometry": {"type": "Point", "coordinates": [139.767354, 35.694574]}, "properties": {"id": "tree-1097", "species": "スズカケノキ", "height": 5.0, "crownDiameter": 2.0}}, {"type": "Feature", "geometry": {"type": "Point", "coordinates": [139.766513, 35.694893]}, "properties": {"id": "tree-1098", "species": "スズカケノキ", "height": 7.5, "crownDiameter": 3.5}}, {"type": "Feature", "geometry": {"type": "Point", "coordinates": [139.767354, 35.694683]}, "properties": {"id": "tree-1099", "species": "スズカケノキ", "height": 7.0, "crownDiameter": 2.5}}, {"type": "Feature", "geometry": {"type": "Point", "coordinates": [139.76656, 35.694915]}, "properties": {"id": "tree-1100", "species": "スズカケノキ", "height": 8.0, "crownDiameter": 3.5}}, {"type": "Feature", "geometry": {"type": "Point", "coordinates": [139.766654, 35.694952]}, "properties": {"id": "tree-1101", "species": "スズカケノキ", "height": 8.0, "crownDiameter": 3.5}}, {"type": "Feature", "geometry": {"type": "Point", "coordinates": [139.766277, 35.695058]}, "properties": {"id": "tree-1102", "species": "スズカケノキ", "height": 9.5, "crownDiameter": 3.5}}, {"type": "Feature", "geometry": {"type": "Point", "coordinates": [139.766319, 35.695074]}, "properties": {"id": "tree-1103", "species": "スズカケノキ", "height": 8.0, "crownDiameter": 3.5}}, {"type": "Feature", "geometry": {"type": "Point", "coordinates": [139.766741, 35.694988]}, "properties": {"id": "tree-1104", "species": "スズカケノキ", "height": 9.5, "crownDiameter": 3.5}}, {"type": "Feature", "geometry": {"type": "Point", "coordinates": [139.766782, 35.695003]}, "properties": {"id": "tree-1105", "species": "ビワ", "height": 4.5, "crownDiameter": 3.5}}, {"type": "Feature", "geometry": {"type": "Point", "coordinates": [139.766587, 35.695178]}, "properties": {"id": "tree-1106", "species": "スズカケノキ", "height": 11.0, "crownDiameter": 3.0}}]}